Battery Age,Daily Usage Hours,Gaming User,Design Capacity,Cycle Count,CPU Usage,GPU Usage,Power Consumption,Average Temperature,Full Charge Capacity,Battery Health
9,5.597725198908211,1,77390,956,54.836979769494214,69.83441038214433,98.46908494029,41.32336341944413,55862.787925891,71.08221113133668
2,2.4140136799362275,0,46614,133,14.3634610550886,19.58323045095247,38.5284187193984,29.861430794849742,44512.133431121714,95.61844290022181
1,4.506700590064352,0,65063,40,40.81949669507204,3.398221816145476,52.264916002701426,26.34925654910448,63361.61929863742,97.99754141294086
7,4.805129684395759,0,55767,549,56.142272864416725,48.209935310215826,65.1605748269991,38.82944462874785,46535.2499772457,83.28894827009437
4,1.3835120805679235,0,73341,123,69.21795782769242,24.289394027844043,58.52880048573946,30.083762052087756,69781.77158865418,95.54708486369141
5,9.700004167298543,1,77275,725,68.71476212490903,72.06755408607478,78.98100401271054,35.09354961859808,58819.74422595623,76.5361466266404
1,9.691158523519174,0,46184,178,53.24460612000367,36.37406133459602,76.33550397066583,35.12390283177915,42514.76617213609,90.97580761890273
4,4.145484611248353,1,76536,159,54.68785730952288,87.67551103132251,98.77165682560674,35.36337914086506,62690.66359276625,81.59264863761632
7,4.820368665763785,0,48576,564,38.527686790403486,26.80762247778047,56.36530706237849,31.291109895907656,41932.368550550374,86.33548250684873
4,4.876546219339549,1,62934,460,13.655239746660435,60.91230263080862,48.91989697689898,31.640934173803736,53240.14724060759,86.130224443231
9,4.314157641781855,1,71406,1159,69.6600370844899,31.661797955022127,86.19005733705056,37.730093423443634,49464.737479017094,69.51559167388743
8,7.211926928867749,0,76876,1415,54.12772941912041,2.0,47.97148686863992,27.433724526449794,55854.68971539659,72.38607481459819
8,3.6037760684722002,0,40747,666,48.75285683895678,27.294865876195598,45.084277980753114,33.3643513677448,32526.01548036254,80.51124174688584
10,8.054962783393513,0,44447,1367,39.812807823947225,31.198146741891968,54.09808511732373,35.034816384655066,31254.6699609585,71.47976570309909
8,7.380736258664999,1,73920,1337,68.87022391023481,58.81837335517739,76.73112547342603,37.587817317864975,50633.817348267614,68.00234760010984
2,5.971509607647928,1,71160,274,61.20422842273808,61.80274230795739,87.3827894881369,39.86223225714264,64418.57808518246,90.92072462631532
9,10.309566314194221,1,44668,2039,47.59049960847287,65.99386849784119,78.3636265104697,33.01796322808341,28551.74453432027,63.7519367446941
7,7.860670749322857,0,78981,620,39.17832050540335,8.202636109923667,60.15882927522044,29.098631304554605,67647.70114046018,85.12226213176781
1,5.190754941131199,1,77459,125,56.14054430361367,65.36835828071985,72.24661111357776,42.633892174200234,67101.46599216627,87.6760880585573
3,5.567439960061331,1,47607,399,55.02023728877231,77.5701137134603,91.31551498416623,40.2651131547836,40229.14067213942,83.53598509885309
2,8.566009616774199,1,73208,374,27.93280467852741,57.82156445127248,67.90845404504807,37.055484738901946,64589.15648538227,88.15249449443841
10,4.292095841530821,1,44086,320,59.55651385188119,81.7844708987697,97.31077136809328,40.45834426387073,34492.65308535478,77.70199367594645
8,3.6823403016532184,0,70119,720,38.07088043004541,28.498863862228113,57.802085928854886,31.123224496839573,57590.90102639817,82.00363011957472
10,7.81119536420796,0,64944,1750,59.202478962246204,31.815693400278565,64.21485583586245,34.1680413865735,43031.76052466305,66.0470510906343
3,7.636066050507825,0,58934,529,78.4509108377388,26.377958889681686,76.98091109819568,34.18555487386142,51978.32557776361,88.34380822561121
7,4.394639799983426,0,46281,878,9.297579598789113,2.0,34.54361303929703,20.0,38913.47306891307,83.56065970600929
7,10.244067576596647,1,49911,422,72.37335710439817,66.87434937156765,83.66120838230239,39.671170870474334,38826.72099606987,78.9751739508155
8,5.135250649370181,0,43048,689,37.258997223881785,14.336617773989907,55.65821804917563,29.215066765213738,34586.00197007101,80.79157478482627
2,8.31512721572555,0,57866,340,33.24771116067469,37.17846116633846,53.91835079962873,31.05930160456427,53885.781336074906,92.93000851857134
6,7.094446507137892,0,79178,652,33.00767454663777,29.926282315071376,38.58252990956865,31.317278675242022,66137.849381456,83.39129887490337
7,4.265851087531564,0,68165,403,48.25685804495935,24.855562902326163,51.83036949754554,35.31237890855835,57227.008326493,83.41175311205528
9,5.801204864770842,0,41148,781,51.52501899607275,21.30015933101438,39.809181082632406,34.32786896209094,32088.371904992495,78.097873627594
7,1.0,0,43324,266,82.62219873607353,23.84772033639649,71.19581922073665,33.16114652664651,37297.83252230563,85.85836123391422
5,8.234525265979464,1,63945,815,47.97615063838187,82.51473366242347,77.81287385082454,39.310901337062226,49393.05543655051,77.18828233427959
5,6.21829650273337,0,52484,577,30.77367172883625,29.049671153098316,54.60492027423703,26.26624529202821,45376.24813490661,87.20934568255745
4,8.180013550762073,1,49247,447,28.358979255821552,65.13830876688182,68.28269085399897,29.394121698830055,42370.91297164903,86.53185418365432
2,4.225679351513561,1,55227,240,44.17788059899023,64.67255711532749,72.55314118950302,32.39738939890163,50278.66830678885,90.56618423267788
3,5.652940755450835,0,57070,234,46.84098014702264,25.14447375483427,57.5604122572368,34.49712510299781,51845.976576714085,91.52019584129853
2,3.0239639689613833,0,63240,224,11.379284420070931,9.837085509012788,48.460580784965444,24.763907037283808,59662.08102282474,94.44576790616148
3,4.43787684043094,1,68208,251,40.14307592059329,46.29958202242565,62.569201031715636,33.18716049757759,60617.74966488337,88.74610925232285
9,7.766344262175327,1,57488,1551,54.20540666031071,88.14679172935064,98.34608793634607,40.49921570252527,35270.36833697162,61.269268395392
6,7.218488111381466,0,58979,718,28.00302920496118,12.979958980175129,43.19132513174032,30.874562390252585,48053.659321558014,81.88377862043698
1,9.014061879624846,1,77412,269,72.30205160920245,46.65740253987022,70.39757509093825,41.09072877211566,66743.68397735691,87.71439603150046
5,8.395971191688615,0,60470,990,42.82087579130743,31.926573989344234,52.54317064580053,30.731022776575962,49537.98181079765,81.90060764800161
3,6.424953328148721,1,72408,498,56.96333695337177,47.45540354842935,53.01412307595416,36.87867312425253,61300.15838347663,85.03156801899001
7,1.0,0,54280,191,35.53158923668471,28.538322624938623,65.37828557785258,28.938750405274593,48199.822187773774,88.21236547617131
9,9.249970454906627,0,61767,1361,32.23190827478925,34.593852532405606,44.22096558098626,30.098224950108225,44919.216870122385,71.98409976785081
1,6.5461738860223315,0,68337,120,66.29436182723254,39.930261763501456,80.78911312076201,36.81134136132486,63660.17200028066,92.78095005645503
5,13.056149679534409,1,60359,639,51.464277988866044,65.2103420312944,90.12085137353625,36.621294932979566,48286.981960187506,79.93393483617713
5,10.214609082736235,1,56056,1060,34.717874679917905,83.41177609149474,80.74105962423145,34.29657087398717,41808.662876677154,74.40975599728966
10,7.502240823247054,1,54933,2029,53.16126769245006,55.872472185583376,82.96168798475922,34.78840389529964,31124.312107597747,56.249728833385085
4,6.6191570142535525,1,44184,402,62.3108512762988,67.04692760561038,91.33279715026856,43.471517201636885,34870.02099071217,79.17100927981859
2,5.444047961118551,1,70628,176,75.88647643268416,45.261750992983075,88.87103886041542,39.014796989421555,61499.228055778716,86.74045051955284
2,3.7033445176168067,0,48922,236,64.37814866496781,14.702979639093483,45.19458078772138,36.59806174053987,45805.705304241405,93.80008602136134
5,4.715270951185056,0,65705,601,59.17994158092991,46.2270226751577,67.14175533234646,38.94348484634971,56394.1597069093,85.37789342098239
6,5.973011292335358,1,60029,809,64.25001034452805,88.08737239733563,89.26425127404194,43.09766594029871,43982.0677193709,72.95602484686862
4,3.7215631251298995,1,71629,370,56.02968563582974,36.89283972892685,64.67122967205925,31.02715187164295,60405.31062083034,84.60860503840286
5,5.418859684125025,1,50854,426,45.47858413497751,80.40646992169704,86.64615246091009,35.24973986085931,41747.106769298596,82.41902662727817
7,8.446844820392972,0,65275,810,70.32472429186276,20.30999225389636,58.740074628349475,34.798985038139456,51172.96258229624,77.51057358347191
3,3.867226565843298,1,57805,312,53.89451966588309,56.63585347189061,80.59064417616088,39.62297364880318,48494.125010830605,82.80190362414469
10,5.589489451098445,1,58500,1222,69.60478213726259,70.98963493817452,87.69151913158434,42.00691347074292,36677.775728376066,61.544325852282185
3,5.4068932591559085,0,74625,245,59.537811610715664,36.295926180994,60.19034503392231,35.76844760515264,68370.33528986084,91.90288258186942
10,6.365479651389317,1,63980,1595,37.111081508070626,58.74235969377249,78.00184017560714,37.482398900413976,39654.70325193084,62.504818579171925
9,3.9848187949624063,0,75406,767,52.2852458516087,2.0,37.419786009353274,31.383298864431787,59319.98776059789,79.6868440515546
10,5.092254425079076,1,56127,1476,46.77224338792619,62.86749906191377,85.10133882650587,39.288654265487146,37936.50250246401,67.38999143402967
8,1.0,0,54351,384,23.934885456434248,17.925875624111132,40.45421351388394,28.160726401351774,44121.18833196136,82.39310725180741
6,5.644487625540826,1,68252,841,44.221900474673575,52.31039714626776,59.33239054720074,31.655014342743534,53055.042528872546,78.1484361789978
7,7.530563642061699,1,49985,1082,60.08374478893011,63.95093809773604,84.03231027116905,33.87740001071898,37437.89261722155,74.71282783053097
3,7.538668909974321,0,41115,478,67.97979517998684,45.88492916351499,63.88352441028486,33.40727770131217,37126.89940704543,89.75420902840396
4,8.48076080195766,1,50605,595,62.99476113906496,79.74528764342955,97.56327605039077,38.05019222603213,41409.54729618723,82.12912800642938
5,3.7798993999691377,0,56295,288,55.999977085956644,16.604194097830934,70.75604282932338,31.069787456378446,48004.2608758651,86.41609981870911
10,6.680040759227942,0,66018,1080,42.14535205405131,26.800073271603004,52.87722842844589,33.29919591622942,51111.881532708285,77.59171827589506
8,6.287052835363027,1,76980,1147,52.22886142642194,48.196226389265,71.78914521037345,30.766306266481973,53056.659012664415,68.47162369063673
6,5.492843500192756,0,55183,793,28.60334977547217,25.107370998441258,39.93400576989782,28.706078189812366,45607.838703988506,83.33606300318503
6,6.766455289427444,0,64167,1042,29.012137938062562,24.278404873901145,63.7354818775919,28.228433434724106,51490.747630254424,80.20366677256547
5,6.215783710034512,1,55165,363,50.105948722619374,78.03370723426173,86.86464705081869,34.12262554309778,50251.57341196991,89.78352163767394
5,4.033576015167502,0,44573,493,41.35824630599323,37.55826275545069,63.960594388577164,30.1350403401852,37976.0176335742,86.71914204276533
10,9.669204981396984,1,60495,1786,24.323621656689376,59.67895781973664,58.83017427211031,32.50808780077614,39630.41075807457,65.24275341377647
1,9.61530498911339,1,55606,219,43.862040379045695,53.181291556189606,73.81158798660779,33.11234506436986,51334.68731072062,93.55615763605633
4,3.3824407268413474,1,49642,520,39.49375684882462,45.352852959062396,57.40789760414621,37.515097046690144,42104.10952261976,83.58306412209606
5,7.3232935194664055,0,68967,381,65.69827659036687,2.0,44.39559715645201,35.20697641782353,59982.163323529814,87.66752027723948
7,4.660830680557872,0,63626,795,40.91566372179966,18.55993828799748,41.85307261657718,31.56348561071656,51487.65037213725,80.30715166757697
5,7.868155803552536,0,48363,618,61.80163042742848,32.87709167635053,73.24386226645626,37.913820289714856,40307.856290850366,83.7985309223428
4,4.374951998799421,0,69851,294,47.38443118758853,10.10361739823271,53.57582361642345,29.040471889106577,63251.47571184647,90.5347460135033
1,3.5183737971815674,0,55025,92,28.975430694890775,19.162824837449826,35.17565411494602,29.411433816128735,52092.081127701254,95.73238623270339
3,7.175312278152157,1,70414,569,69.52040906104995,79.57261604107535,90.47593558008333,42.74572016654936,56848.742241648935,81.80468189231041
2,4.915271546979466,0,60388,129,9.282749899394233,17.86613617798358,40.70353308498572,27.12482095665201,57070.69844239913,94.5808101149959
8,6.623523761855174,1,68734,995,63.86473309862219,60.19235857028043,88.0623090344486,41.509118077983125,46004.269633125354,66.76995770703006
5,5.121311436182289,1,53763,646,59.2709858685631,55.58705099518607,66.19670112162636,38.60282576035115,41070.48090719846,76.36659299970917
3,3.672085929584645,0,59821,180,62.56864139826625,27.624899056922953,67.87611036592652,29.677571978118234,54450.39815309139,91.49465891640307
6,1.0,0,66762,270,65.51860072838141,50.46743714949192,66.25001869329047,38.34122329466534,60498.140115532726,89.89819123922895
5,8.26340887567852,0,49244,489,22.47298048326072,17.510016308006048,60.796647966162595,26.48677257994897,44004.84599574029,89.19965758849084
5,6.787484439173465,1,76075,645,37.65845000100397,74.70038375457949,75.63543717123854,34.228251322388104,59449.56749038648,78.630445104892
6,1.343462740114842,0,44420,271,21.187569552275278,2.0,32.4550315240446,27.774345970887254,39569.955594910636,88.54127921211362
7,3.6622554479218246,0,60140,843,37.52726496659223,21.180481173238693,60.9315825130956,35.93567047419215,48582.84875371161,81.00094576490491
2,5.4997172815578566,0,49645,268,36.13358837543209,21.431207384457096,38.27491219224609,37.05829303563203,45086.29611551907,90.36840272222014
2,8.919652695198721,0,43298,251,45.571908988985214,29.647863017056835,53.08152942899132,31.473616615051853,41629.57351364695,96.38566375639365
8,7.590269408668432,1,62899,1000,72.02261505088507,61.85616074151705,82.50700390795964,37.94564599003284,47568.583955955546,75.61003911813194
10,7.801030967469209,1,46695,884,51.33946658394377,74.35739781973632,86.95158681724602,34.5125201262899,31477.990692261006,67.42800815826577
6,6.908496194661143,0,71291,904,43.92353021260848,34.20930294541568,46.833716467962205,29.67143131642709,58736.64022401873,82.41167348914387
5,6.0159704896628385,0,53235,174,20.647241433403654,30.126165477478374,46.6897785039701,28.692913544435775,48353.156451154915,90.55614126933402
7,6.316556773253199,1,54705,1079,71.59787977961902,55.187193774167966,87.6475946116702,39.93969973496817,40006.25681482661,72.49594061983316
1,6.964217000310636,1,50247,86,58.19184213002814,67.31994743479474,75.94720061937755,36.93981341635825,44490.361062808544,88.78825080967839
4,4.719023078118132,0,42675,298,44.592087840795315,35.998355493467194,67.87979931921942,36.00772996381585,38743.31442132278,90.36007391749368
4,1.506339068584154,1,50822,214,71.02622359105041,65.65229472102385,85.30488626055386,39.77041367726607,41786.45387265676,83.53056311472072
5,6.845620083658409,0,53939,566,44.136344094022256,28.933060654208926,51.2003844446945,34.865867181006564,46154.428620560575,86.22009663953817
8,5.606084728397317,0,55365,612,58.743804792337556,32.46218644750017,66.16517862405324,32.44069052720997,47200.28365225176,83.12512442340392
5,2.7131848112215087,0,71261,333,46.24787229576283,25.620000071962334,49.516877865178365,30.18173018928801,64162.37017189283,90.26229133576379
9,5.498109729593897,1,40297,1423,78.81373581806777,58.07310801563049,68.69256295738495,37.17156319597747,27820.329201041583,69.56602377776332
5,8.531724667585348,0,67433,607,30.635161084710603,11.850991363784516,48.823228458146566,31.121247377550684,57087.04199983236,84.93185397856253
1,4.03828663936265,0,45438,44,55.17836247782064,6.271931356912244,46.86091256060851,32.24843049058804,45395.84762360854,100.0
7,5.294826915585209,0,73245,1074,30.406880736418387,11.260162219513864,38.50992277245911,23.281200785411166,55592.94738898598,76.00555929193987
8,4.991262280479257,0,47899,534,46.74462962725933,45.818965199826565,63.555360216948316,33.211122091642245,38814.5189000661,80.82534393594253
6,4.104584921736967,0,69664,456,36.617785457844846,19.630091375712208,42.11535495019493,30.83790090449046,62885.742691322564,90.29277728979446
10,4.466703485456804,0,70974,1237,43.77302112876634,13.200796155674777,53.00529397736019,32.796550270018855,52355.11675872599,74.02762742726452
5,5.531946936943654,0,55101,577,38.054411167894855,29.108443190242273,60.101878502526475,28.9143326616877,46285.353767609726,84.1217274920925
8,7.941270762486255,1,79866,1222,66.87822276562989,78.12076415054086,85.20090951033642,41.470125444658784,54827.077866700936,68.13065471866221
1,6.250377614400877,0,67081,124,63.78058246127188,22.396849784583008,64.5708206595055,34.25074541650608,63927.837553148536,95.66493741408813
1,7.881817645402232,0,56022,112,64.10313498087356,27.09935062427739,69.07011405844332,35.45075624657672,53697.00737510726,95.36391909534915
8,5.54598066060285,0,50136,1056,65.04223261706889,19.20213962745823,52.98239438500392,31.016828058978373,36864.651865018604,73.5946678780631
9,6.196839747315691,0,78200,1056,35.47052812940127,13.817302503480715,51.24017889508665,28.45414618432924,57547.657472737024,74.09590817237867
6,2.5426486207750387,0,40810,213,44.71559135360724,38.84847481229321,55.5841937777154,33.00074149808454,35547.62599673178,88.55858627762598
8,6.940052281061086,1,41599,1136,32.92994054517057,60.56335183817756,78.89283508313602,35.16549703488852,30345.604073067338,72.69196011296506
4,7.95005801445354,1,69344,493,51.71186987298248,55.387569858830105,72.50022775554369,39.894709671859054,56837.95066657411,82.13335766261824
8,6.169592590428679,0,43174,1126,22.557912140060402,36.91210588673121,47.82379109844796,31.192610480946016,33360.59233392821,76.73735935874316
5,8.261790461292595,0,65762,720,46.18333273186295,33.50188397118447,56.15211894475664,34.67460402216671,54307.10919597893,82.38232496591606
4,8.59080262996769,1,52631,371,59.7751941767887,90.82897823837679,95.76986056050337,39.269939342602996,44204.023337289655,83.36733103385134
1,6.348403833492492,0,62106,72,39.45177874786269,15.591648936752952,43.74560396378274,30.1676170625995,59035.188804298436,94.35014107132503
2,7.03787627558127,0,43362,304,52.40838266276118,8.068252690768102,37.38548776248877,31.00091059566683,40677.78685201243,93.53579595962879
10,10.272746153884338,0,52430,1248,47.21985423309219,28.069831626799303,73.24431501354087,34.393855765212514,38223.14049811747,72.16036842309413
5,4.344287150138015,1,56435,331,50.241032953896884,46.14755265090602,68.75282226327046,33.61971673600298,49353.24166009769,87.60823105758342
10,6.885719309829448,1,53991,1186,28.032491070081523,87.25705544659836,79.08670669895076,33.15626220615619,37595.27063780375,68.63761626019561
4,10.027520436860428,1,53162,730,56.80935512755034,67.83724352748348,71.2667457560747,37.510816401390755,42139.0529823046,79.3923070131109
1,4.6904198040773055,1,73311,117,63.87207213364556,70.10485112470747,76.03915031869926,37.47508470967268,64643.352743592724,88.08687068570588
3,10.164937192873298,1,66615,404,46.56676446507498,67.19602326940233,72.49395364228394,36.133953433858466,59380.101573291,88.05994381983007
4,6.363105989280905,1,46143,452,72.48258362399675,56.35343837051494,92.32319420500646,40.08042240659257,39177.69339291028,84.02981294489435
8,4.64639063312583,0,64667,1261,23.387064213743702,26.335303443771757,39.41555487759365,26.3543216273791,47685.6869094953,73.49210905707683
8,7.3917135150069155,0,65585,622,53.06505830340169,17.1376305132843,59.32144255338469,29.734705664575518,55444.17507039285,84.00216970375118
8,7.850139285973768,1,77010,774,62.01319507536192,74.45677579387484,88.42047854602038,37.49732959311695,59606.36405501955,76.0923241496259
4,5.115440209074854,0,79795,428,27.38499515787255,14.099276609671916,55.634139953511166,32.12217754664837,67491.41097045087,85.6643089332783
4,6.6028179976473576,0,72618,604,56.77972697597771,2.0,52.42933750832338,30.188226754346346,62236.669540576164,85.3534475285157
6,5.352571835417214,1,52439,561,75.24044221820424,66.23883257868187,85.97907621944907,39.14771004657637,41467.599813203116,78.34461154532254
7,4.918206602302609,0,50168,694,78.51260341133194,33.674230084912175,74.13872859317586,36.893656590510105,41067.50036826912,82.26800595863395
5,6.990085229871884,1,48310,894,54.79731260618129,23.619956046131158,42.99835718904808,37.06940916669118,40853.63145611417,84.02652789912699
2,8.270524776807536,1,64497,315,58.76222011300302,56.92114576218107,85.2587236132243,35.81230836700355,58582.988864668696,90.99773016971555
8,4.388735694794541,0,67585,992,23.889664371492938,2.0,30.06476966100625,31.679115197852695,53581.61089631899,79.19974905568009
6,5.7969087757636935,1,67058,315,51.70519719456256,59.22923360913113,63.43413369793872,37.10714729730763,55225.63981021495,83.01742731187376
10,10.549542062675531,0,49281,1122,51.63941233047279,14.878551498467521,49.79797527288276,30.357982752973985,36747.67875003022,73.54305507032184
10,7.407791516095424,0,73570,1591,51.061997636044296,31.984208248292816,47.03771312861603,32.97271634011786,49056.19715017065,66.22266623169459
9,2.9497941338735663,0,59047,1106,5.0,31.403349309530675,35.950207583823925,27.11193038691747,44044.41601838175,75.1237767702617
10,7.8107084256281425,1,62104,1802,26.937853898906695,74.75693869183776,74.58937744251443,32.74644017805049,36934.2640575918,60.31397489245046
7,3.6010184826946423,0,59177,958,82.2184317445016,21.24880489850755,70.9301233553361,32.572026396316105,47758.17280595297,80.66674530782136
3,2.833147653150866,0,59243,214,60.389113196258165,27.08546294183673,56.06429519027602,32.24494542523805,56447.79010282647,95.09624697844849
2,6.003926971371882,0,44840,311,47.53980588530263,13.751273280879433,52.02947946081594,30.205016842295816,42464.12152979235,95.3918772070699
2,9.133083815858283,1,53895,226,62.96581470348868,62.81657457484231,87.31650402409257,42.52106398618969,49054.81875067365,90.9539659759384
10,8.180794820209996,1,53340,1154,44.16192835656579,56.12279463987802,69.78103547325556,38.69961078838838,37199.592140569664,69.42407918756608
3,9.242382588674914,1,54213,478,64.06125313256933,66.9434238121906,97.48612738358707,39.08696340497842,47742.77695114901,87.47356007125245
1,7.931074649009014,0,58620,193,22.286273946337122,30.995989234097017,51.826145483397084,30.689500267584965,56849.293536468154,96.85334983909362
1,5.405946583661263,1,74300,98,40.97215032972511,55.04999251650372,71.47458563058144,33.34076371525425,70137.64206461406,94.13717286304703
3,7.2661325111978705,1,44390,408,68.51485455738708,50.43670492731043,85.66235077109519,39.74072322502002,37732.38304208526,84.20996131254401
10,9.985536187603012,0,70616,2139,37.86076700336878,38.23341376762452,80.73297120048316,34.90416967370635,43116.86206427895,60.73096918821529
3,10.545233277049467,0,42802,306,69.14708334600044,18.615402078837896,72.2521492844001,34.85053424045881,37251.77499919813,87.8841845351254
2,2.7060396798921804,0,57177,203,24.523983216956985,19.113222955322286,40.152369345035055,26.579123944829007,53505.168894623974,94.58030205953102
7,6.829708622621957,1,68579,1185,49.84868041022904,44.94673174436127,54.39954711307063,35.55006288575643,49221.496869038856,72.46650100501192
1,4.699261752524961,1,42576,107,37.79669146483167,45.16688801390485,71.69310483106077,34.859123156228456,39709.72140274467,93.49665442496655
5,8.209890049970424,0,40809,1149,63.90727986158997,30.019591420283454,63.49422469847972,29.830384992818864,33072.12992829937,80.95342899326629
1,7.647864027837154,0,47305,99,52.19809470330549,25.356356399342232,66.21497122361771,31.901049383274906,45864.98759480337,96.97065118693241
1,6.166453761583368,1,50179,125,78.3516203294844,52.45192956566638,67.38937311354927,38.15141009717866,46267.138241560926,91.96021419011869
4,4.615938367802995,1,49955,523,31.90870438730296,59.8861028349467,67.01379519577942,34.73465493702079,41375.18409944118,83.4517206060587
1,7.08793553595348,0,66503,146,45.83655454616995,36.97011175627988,55.011362111757485,30.195476011614897,59966.90410655975,89.35684606371736
9,5.975259035241587,1,58899,706,51.09314829753994,63.23648736777129,69.70350070119862,32.38213213606623,47076.113746701354,79.53536802635344
7,6.472241615922645,0,51938,733,37.26790799616175,38.96149896406232,72.93751808867701,33.77238188403999,40359.105490813185,77.56831582405218
10,5.829255890354507,0,73747,686,59.74785015524058,41.08744206790149,65.02566636700556,37.587171670508866,57588.42803203942,78.417510006454
5,6.869951596902187,1,64053,845,47.41544695902482,45.63370103692924,72.31482789060458,39.39067300434275,49662.556375523964,78.43147712952718
6,6.188955677422476,0,58335,981,50.90242419356046,20.32459921283773,56.05717578477664,32.412221556871145,47810.55625684212,80.43501219874346
7,7.9422488694436595,0,45868,686,56.48309072206719,26.319044438666978,59.43050206494595,33.43771103987553,37679.69907844762,82.17851162068472
5,1.0,1,47247,241,76.44329150113546,86.18667291384054,99.84977363380534,47.403295699773274,38479.364378718565,81.61148501386724
6,5.619373488171749,0,64370,287,14.484028034597287,30.393046734986584,38.28921204758586,28.50844228887712,58024.95317077025,91.2683211033302
6,5.0886814564965395,1,66993,384,48.473664123129936,66.34237846625801,68.3875782012149,36.85289518691816,58022.479961864905,85.96818357876666
9,6.856348380846363,1,77948,1125,48.38652163384839,39.55821676104945,55.491460443981126,40.22810227942436,53830.13133869921,68.74646023479357
4,8.009040387519331,0,76750,494,42.120902101935854,10.418961794166687,51.46227187243812,28.02494382426226,70303.07431032504,90.34962388884135
10,6.620160828400151,0,46911,1020,49.89932450898174,22.423361099310785,65.29850995057419,26.523489442798187,34006.909480968614,72.97970621277321
2,6.295796766940661,0,59034,247,41.124255547822344,2.0,37.37312676331021,30.725305518383273,56063.119129365485,96.92789910095713
2,5.073548252095362,1,66976,130,72.69044178545676,77.01677221501708,91.59392370211214,37.85520513688021,61185.36850849102,90.9868316694802
3,7.74924844295026,1,66071,278,75.54258926690308,75.92152252475238,93.66465500789218,42.66316168873668,53144.51279079967,79.92328013553552
10,10.158651780145487,0,74029,1991,29.03203841661933,11.715899367226118,38.47200193390016,28.188397086365324,49785.33903589958,67.05240767937649
3,7.078051529168537,0,76941,219,47.106192895589885,19.762094183825084,51.38114110673701,32.08480018905279,71454.46940901816,93.6159684384823
8,6.649170217478983,0,49383,1710,66.08085395978962,28.776949128229294,67.70688114328719,32.3685818089799,32665.27207165783,65.62045317753997
6,7.087742505909578,1,76391,604,29.761973872375457,57.323504958586874,72.39561465787514,29.92703421847508,60773.20770879807,80.47755773427606
7,4.961077028310269,1,73647,653,31.68509084715127,49.293494146334886,77.36708430400465,32.61644942664466,57834.60071015326,78.72720420049502
1,4.4307215299672,1,78247,96,38.97134356903738,54.322320594273265,58.74064352877,32.5831396053603,77449.5358534805,98.9728251018448
7,4.319145693451542,0,52225,812,45.58232495353573,30.052769176028075,61.1162220493012,29.42454921728978,41416.497193144125,78.95549116943117
1,6.515076544011162,1,60872,92,32.43317390281252,67.10275091263071,84.63497020176246,33.89668088366698,53316.76916924321,86.57980943472259
6,7.713595089801562,1,66613,399,44.01942849986551,53.701076352994946,66.87412807085626,33.87590295768468,56344.043528602866,84.42248568803124
8,6.756676929197109,0,73549,841,54.265316806141236,2.0,30.29230614085389,32.8280898169167,54969.99021432796,74.61546021148393
10,5.422786785013776,1,49247,1432,51.37567024297846,60.668816120665646,72.06387544991273,39.11956035357325,30821.55723026406,62.88103350193219
10,7.473779906619348,0,48315,1241,35.831065970566314,34.463611437168694,46.136828075088566,30.779861364497396,35460.81602024042,72.32600574320841
3,5.3851381529186355,0,44160,338,60.61083263999791,58.46100054827683,78.52901890040351,36.40510681928388,39959.05221847438,89.6687805869803
8,6.844405537967938,1,68391,1118,33.22376975225612,70.23317638266556,65.40032500193176,32.535664328989085,48835.00033241008,71.58002938687677
6,4.920311234871851,0,47389,659,40.10397562387437,30.721547502432163,48.10154350272132,29.014246986152486,40382.05240981929,85.5949909714031
8,6.883600617166743,1,58916,910,70.95375497788991,56.715013985875906,80.79772986358846,39.05519592660352,40758.021409707355,69.03975150941217
9,4.074069880855339,0,72155,1155,33.04154246444798,14.914643661138683,37.08146574770554,29.55345363618561,55106.19745465783,75.99433576143052
5,2.6093324649687943,0,46236,271,64.12185765432501,10.818788265704237,49.60968349011835,33.507914606877954,42988.67480444018,92.28724246558728
2,7.2300075701888495,1,70269,297,25.862165833779166,42.00525218736043,64.79538094976763,33.45183227457115,62452.37212622985,88.90375325681677
8,9.181588515609562,0,41496,961,57.943287739571495,31.94979036365892,57.88468497324012,36.88004962236364,33434.340732300094,81.44878632503425
7,5.116006527542623,1,66245,748,45.61058478989841,70.48909871586216,74.88832603993399,36.37429521603174,50957.94226197306,77.8338186473079
2,1.0,0,40265,123,49.06048047725403,21.313606349559556,41.51817101812613,34.002059235415885,37197.6383525524,91.81835027666446
5,8.541554726956658,1,74806,937,76.12959849477244,56.78440229133615,73.35882508970613,35.85525819950707,57261.92626172165,76.6793255084422
2,6.408574501385008,0,40917,275,60.236742738748816,29.71712241953164,58.155338696793706,39.197907025098864,35571.04576232928,87.13755890651052
8,11.178506588427435,0,67124,1305,39.785083097025485,14.810626872503072,42.69424895811404,31.761502971199118,51502.03928169287,75.40838557346571
4,9.284887552240894,1,79993,928,59.58676238251741,49.83741418016342,71.79945357581872,31.647956831533264,63653.95481392103,78.99154348019006
1,4.9532223289412745,0,78203,131,45.07563010883588,30.85198198921009,55.13910973300014,32.09056201715828,72832.54027765674,93.31246367117787
3,6.019921976579112,0,66817,369,26.458897886946325,38.98883324319678,51.77466338917995,27.87694401901729,61350.50396163211,91.77085547172686
7,7.191737849088364,1,65568,694,80.2682780172936,45.612472115217294,80.94916647385095,37.585427156261794,53581.71082584219,80.83114680121915
6,4.777016321923878,0,40926,437,11.306544170248834,34.85757597649732,42.77148139547809,25.60039734340688,37138.56055197124,90.73555068520612
9,9.543363784094936,0,48232,1577,43.50005368749048,32.2018223233556,65.05935475187398,33.90592071856444,31372.060746174888,65.23779747254724
4,7.551807757005399,0,64818,508,56.7367705268654,13.598221667298795,50.50800325131416,31.194003388696263,58248.75370514958,89.5996638119814
7,4.41399700446113,0,52811,787,33.74928105193865,2.0,31.77736947868603,27.818215338307578,45062.82654700381,84.54282501236204
10,9.129537582009448,1,68456,1239,59.79343091508411,84.52532321046941,104.9215437871371,39.205730400236746,47663.467452726116,70.06170731826393
4,3.321676866364983,1,78540,286,50.175234332284305,53.34942402947148,68.16866786091386,34.539456924853475,71348.02588574072,90.42826717863312
1,7.431638128171757,0,54281,146,43.251890250437654,17.01300326409482,43.55865188597958,27.517690675721305,53583.562615238,98.10741606709152
7,3.3504810726077756,0,51354,719,45.941183894615406,33.86241363206646,55.45673403324589,37.64992370058638,40341.3699956035,79.46230133495492
7,8.32317180362103,0,58238,832,59.30409305653827,56.68396782448234,88.19363117315837,33.64044284571059,46180.67447251174,79.59191045931158
4,4.35382426528552,0,71646,395,73.44858493918656,28.669041875254845,58.26325241036312,35.068708615628054,63158.57561241262,87.84270509554005
6,4.937309771365091,1,72159,666,37.11609123851706,79.11095350603301,92.94251045377943,40.08947072375937,53717.36530231147,74.56638339368946
7,6.80352349093869,0,43655,773,49.95992056906339,12.841567113958659,56.1715283769452,27.562779315997645,35665.48919443945,81.24948000881967
9,6.880054173307638,0,41979,1227,61.12388754150536,52.528997441993624,57.53136076484469,35.738681280647945,29748.942887199715,70.7804194315957
2,6.917505284514574,1,42659,413,48.28321594787581,33.61270410780463,69.77986883699286,33.79967539816471,38194.734972728926,88.50415069636722
5,6.377208277419709,0,49021,1042,63.98373162922069,24.419688350938454,64.85063494274301,33.9915655042969,38897.150330541495,79.21675662919014
3,3.9349059809466076,0,51323,116,5.0,21.393321285000784,25.738285098681487,28.1101863427974,49362.48676592291,95.80541397215482
4,5.602381672960971,1,52008,480,74.3945734436294,53.492968209135235,79.85953166299355,40.136434436896295,43866.24501721352,84.0564562283283
1,6.0881741616383085,1,57535,116,54.69087456261101,62.93446554591317,75.57521523311561,39.26393070654918,49953.15271446736,87.46473033223756
5,6.781502022595482,1,66754,886,51.39520344099836,91.91202890190624,93.57759358098538,38.42364807465371,51338.40090396142,76.62321403281007
1,4.791706702896776,0,77869,108,43.454031140715074,24.046908769166503,55.122021209869516,30.06396678625332,74272.95273528018,96.11436136886208
10,7.72375809045406,0,42350,1140,63.07770664595094,27.934623032159976,70.7763401499062,38.91718863145903,29559.787099934412,70.30188088287132
6,5.1126586032521795,0,73891,900,38.258702480287745,11.777193333990228,44.160204375518944,29.46092099097734,58959.43078419236,80.8535198359943
5,4.636275637882366,0,72836,619,24.450118297255315,32.70862513577598,37.01561012588841,30.899572941027433,62599.23281195728,84.66059452305026
3,3.96358531310383,0,44137,155,20.06525834375699,26.573050111803187,43.59902159123302,34.109934901609684,40543.50177119676,90.57699465503828
10,3.910854797791317,1,49917,634,45.34481555029991,54.52820825918544,65.51729048524608,39.88024642307508,37251.37774939864,74.52798928994626
6,3.798961151908799,0,48555,682,38.24221322270173,2.0,37.456118470357616,29.004841143201936,39617.723326525265,82.17876894437262
10,4.597120369741172,0,50140,1013,28.684268211966597,31.40725438146731,48.30827114841723,29.093938147616363,39033.12241510083,77.38484622793509
7,9.232928033656183,0,54772,749,51.91567212697466,32.93791795783815,66.5190887629786,32.93482532671163,43056.85244030605,78.78597830312316
10,6.080710657130135,0,51052,1287,34.13115327341145,3.265168098770239,34.63489522350226,23.909020038626807,38052.49435494965,74.92819061951161
9,9.96036071351604,0,79253,2199,46.01703582329211,21.118178100539986,46.63556331608436,34.78545441194392,47445.26261187268,59.23036162972246
8,2.1195326577363853,1,45066,530,45.22078780556564,30.02207825563333,61.53567129876335,33.87730589887338,36245.59526082045,80.5101852600558
4,7.7921397644251345,0,76587,565,42.5440725362816,43.65079372472606,58.02833981683817,30.355787470801832,64168.28991535354,83.92103685581436
8,7.514941495570186,0,50403,1668,38.97495018582138,34.932984215939314,38.5667311225648,29.335583713433138,34566.78633755745,69.31803861024767
4,2.324184287833011,0,78448,272,46.08476145799855,15.655664657184793,45.515776976387386,30.435143430364118,73310.4474989028,92.92068893899932
9,6.410877245177233,0,65806,1624,45.4122100439591,2.739651438161385,44.708737228375796,30.115539511831482,45923.12110308543,69.55348753442006
4,6.423621430487587,1,70954,511,69.85842778721694,71.79891071947561,92.78941014143022,41.59900123910976,57756.639325138225,80.77538281976886
1,6.892627948316044,1,68433,127,52.00683557600569,62.0322959056595,88.3835968479328,34.345086746467366,62415.45921423688,91.20966430092811
2,4.651758558798886,0,42251,160,51.46548881661823,40.97310403727209,78.51549305647984,34.53193777745527,37535.394916424986,89.24360523338979
5,7.006228781494213,0,69998,372,44.238332959800125,25.723804578153285,59.97745723342137,32.70053432035853,62249.08848223045,90.34870216477198
7,8.275053517204796,0,41613,1031,54.56181626020061,21.65176654151259,51.33725083575722,35.62323425266211,31538.548795580373,75.75901951894329
3,3.79274574906695,0,75816,299,56.72838706016787,25.0296272827797,49.96494629625354,30.42934529980695,70469.77075528611,91.31982763397197
9,5.160529942651543,0,58398,695,70.31472362750081,23.982577891550108,60.72379959560225,34.840505618868185,46625.50746052397,79.96426875098953
3,7.347024453092019,0,64029,345,44.364307606385765,13.6040121006272,37.92261153596576,33.145633697360715,59019.825987992,93.38329142789988
5,4.017557692395797,0,55955,443,54.32186486639877,15.195384751004925,40.417821624321505,26.67438240345314,53103.369863516484,94.88329138245803
4,7.931454591971112,1,74174,294,50.806611729689294,61.22290267942975,77.55288164510559,36.4691096404622,64421.65975477628,87.02907979982825
6,6.040094375026575,0,43530,605,24.337338210384388,32.9112030706659,49.09735908311997,31.081898531228273,38452.72982523788,87.90283301286031
2,8.026966414082466,1,68526,125,56.19250863954043,63.80073033146259,72.21543056209532,34.23371255233042,65483.315317741304,94.57623541704135
10,1.0,0,54552,356,52.768105881838686,30.489011755349804,49.90538330151456,32.18729848503908,46675.5483919593,84.72230433809301
10,8.130424756183448,0,42347,1437,64.59270653286829,3.386039166604217,44.191380507758495,32.98883147017479,31620.06738658342,75.02867349222196
7,7.104935423009948,1,51926,1238,58.57998011304885,45.67612337005161,80.72342822845393,36.3730708593513,37274.72286461376,71.73665033905903
6,7.500544802016318,1,74262,373,59.610724316156166,59.495072834653925,71.02919147582621,33.5260515347566,61720.70102624212,81.8978931035733
8,4.479765900968914,0,74009,576,31.465750123014246,19.02344610319615,39.08981926556601,29.134705985116238,62168.00712943484,82.92797086804681
5,9.700803609153365,1,59156,964,83.97236136501957,52.52085182726888,88.13967751507401,39.16959253210183,43567.65389158507,73.55751642563735
9,4.363686807858507,1,51336,1035,42.77461852886978,77.66537795209382,72.02972193858926,34.28637345764958,37612.82772623125,72.36566268323861
1,8.087750525123322,1,59470,130,56.655724131570835,57.74969382983495,74.71898729511634,33.54714525810536,54233.444690801014,92.14774052989662
3,5.850529528291733,0,46529,548,56.37247173318429,37.79137340968904,62.001565366838115,39.316255093092146,38345.86563312301,82.51156797346536
5,1.8477244150116308,0,56852,250,38.321259941872896,28.17438563597307,43.33857277858999,32.048148966127116,49380.99838453703,87.4008791799658
7,7.463097690587681,1,64330,1203,65.92833599171522,59.772627553092,82.2621737981356,40.589541731514835,43453.76626389962,67.26474227160102
8,6.138382235934281,1,60926,1229,27.47741045737184,79.77705843497354,76.73957562573662,36.69196564032217,41344.98056891985,67.86676333521163
8,4.371289405830613,1,73402,397,52.7823046171744,70.91984853231978,83.05272616878669,42.20885373676332,57837.931200857085,78.95458168735907
10,5.68078936971245,0,58368,1330,55.40255025929822,28.14263869706482,52.540226828435536,30.882697001749968,41141.4131408349,69.97970126526859
9,12.083999173192463,1,74403,1829,5.0,59.83034025231355,47.6894822016879,26.96049917765413,46159.00822507722,62.58291152711749
10,4.541864415628792,0,79993,651,15.71168529316358,50.424551061354464,56.83736818044796,31.537871088584986,64022.89487578979,80.77872628411066
4,8.229448823078691,0,40283,865,49.31620970820836,9.076181900786011,48.746208432366956,31.626524736398878,33851.83190886089,83.88323611573412
7,5.674219691330396,0,69805,765,13.770258288973444,31.66773562191276,44.93140547894909,25.18641744424717,58222.03941250188,84.07294313508186
7,6.443208258586336,1,57507,1321,45.36529960556457,62.99198588071231,77.31628586170626,29.058816278945258,38069.69082543993,66.43944313136747
7,8.121913792086913,1,42403,587,73.23356107060957,56.148709011387446,79.20099354296418,39.83446905202869,32351.46077519127,76.70425267386818
7,8.092891784985053,1,54852,794,27.26947189004283,85.18064736799867,73.05933572590772,35.66786772751983,42374.71336037215,76.23774564629576
6,6.934108565267037,0,76344,923,59.73198908823477,29.4773241358717,64.2407177184027,35.09185507863184,60771.51577148713,78.59012619162984
5,3.8212937311483635,1,78624,405,57.8899214361051,60.29447255852937,80.0098578861247,33.33129337917308,66566.9411120555,83.84790134951425
2,6.635557240433474,1,46407,346,55.616010906071246,60.09871561200043,80.4238040404338,39.81119776740203,39885.52284355689,85.19248058163862
2,6.51121712619196,0,60598,218,9.273955219275066,30.075935932434625,59.4943445110512,30.808053870822935,57756.74005849088,95.76411406676883
1,4.694804579314317,0,59335,40,53.691813391971635,23.1954206598021,51.02202930617659,34.68075570265751,58684.90725033714,98.90992206320331
4,3.664237974970915,0,74635,477,21.589648366267117,17.66954145120092,37.64213950548597,29.795360481731215,69461.00947294603,94.05801973100385
4,8.701786814080435,0,58693,554,37.120413441606836,32.425822765258005,49.22357231521519,34.011600246012264,49508.25783521496,84.44674033735078
10,3.4652397559808628,1,60466,867,78.92519053665072,70.01395200066217,102.74995738693654,39.65905661405852,42337.31712330878,69.93198218905879
3,7.5227892568554395,0,77628,378,25.759769049073107,16.668915855687683,39.609349538677606,25.85899798996749,74027.95261819777,96.29401261095876
3,4.372787271384072,0,55566,363,33.18413427702458,17.669604812876145,49.89760423906617,24.88121924525798,50807.668368463754,92.18324572817929
1,7.480954642053376,1,59638,166,32.28715637689536,60.53607381882934,68.80686340499246,35.255856579136264,55866.79559899008,94.07615902810387
2,1.710829764509655,0,66118,20,19.072202967801385,17.3361388757349,36.37556728485542,29.570457584493056,64079.988449203025,96.94272227558281
7,7.946368248318502,0,67956,1110,41.58283882800403,37.113785071858686,69.87894176333877,36.15123068437175,53423.800524693186,78.95825595486595
4,5.328551828368269,0,47518,213,52.79783639699901,5.009527085553863,52.925624965187396,30.76169622928972,44982.85068943411,93.79799124394674
7,3.9163138515627787,0,69065,675,39.8139563534463,8.993291842551105,37.09094733518251,25.87431888336733,59794.2498259944,86.91509356109597
2,10.379091914076223,0,43795,314,36.96497199502913,45.986319057466304,65.49713913542593,35.79603461042243,38844.67453970511,88.89886638854004
8,5.949044642364956,1,68095,1118,56.26276085706771,64.20206892861492,91.90635521298319,35.373369696713205,49274.66975029546,72.27434526580704
3,6.487747745923308,0,70004,166,58.86850140108114,16.717977783024445,44.094923792583,35.052140083132954,64917.94144397108,93.32207310279084
1,6.369809633459093,0,51263,115,28.808929920320836,14.090000942866144,49.10973122109033,29.024480506611425,49219.8077479856,96.31088419903624
10,7.699640775553403,1,42364,2169,74.99726316487553,67.62570611883088,94.13811137363402,36.15850339857927,23648.384437684887,54.843487588586825
4,4.843152025338416,0,78749,693,26.09788978665333,31.67317717628802,42.026733100352374,29.14127447069562,68440.52953351731,87.18956674756416
4,9.554013500797256,0,57697,367,33.85683223311868,48.48946899975541,52.79180511270964,37.54404655809586,49234.35135153301,86.07561619960786
1,4.254159598943585,0,47412,80,60.095813460088095,21.74578616958048,54.85323430288657,34.108555443243084,43409.80736969733,91.83128774563488
6,4.821556273557552,0,65866,377,45.69737525053924,17.086468787544252,50.3643555982408,31.103750216656508,59462.0543592761,89.6857427898203
3,6.466626009025312,0,72501,340,46.530452207439644,18.533753232588836,44.75415904872885,34.87784169709787,62456.640756166504,87.61643506741551
3,10.708234417519076,0,46888,668,22.52088236128719,22.909272170649064,47.7656859401348,29.90701773764252,41910.753897061244,89.27517970197808
7,4.986582665322154,1,72682,961,64.52821393425177,44.34340120731774,76.81186935802816,37.901221513792464,55967.87922152166,77.63998901014499
7,6.9036438048259745,1,63912,694,74.4006955754599,80.06363181147168,94.54850961528244,38.864012809078794,49685.53065876909,77.99052837180005
2,5.06195196911826,0,77069,165,41.6227920874385,28.813212208886142,56.32390462866221,35.26765571065113,68842.57036828918,90.2682899368866
2,4.372803008037945,0,54330,105,60.14563791798328,2.0,42.63170451970772,30.610166703185083,51536.34717008902,93.98235856785698
3,6.661043083529267,0,51837,296,42.6209998486982,43.94049640109938,60.67398141799538,30.56102928826755,47495.85350029226,92.32628616592899
8,9.298872345325442,0,51852,1469,20.825222016229038,19.63780053522109,50.35696948201649,28.324071860747026,39187.00085054294,75.49942373188051
3,3.1424794212576863,1,58499,257,54.55631468401624,48.044317214578044,85.44949295362639,35.627012970144925,49554.60311674147,83.99589298947919
5,6.561010443907882,0,69193,806,51.22341558686185,19.557003776398673,50.62863985520607,33.20100112643805,55456.5184860815,81.40133625420462
2,7.1950130416017055,1,63458,331,64.46378432419945,51.16948327553763,84.46021745968068,34.64606041428096,55362.87005042622,87.39978479688718
2,5.549296336129743,0,48941,295,45.717338554507144,34.14962303390452,62.47968084984815,35.441726693725336,44954.99546377677,91.82286568785753
7,5.3520727031990205,0,47199,963,42.645895931433266,22.809646429215295,58.21117227210061,28.35483933041942,36000.86624190072,77.37038430990364
8,4.2910704401599995,0,72159,574,61.38372926316023,18.21632260559634,70.1611828789189,32.94648853614609,55965.39796684107,77.85387260651729
9,5.107592723088655,0,66637,1160,57.563637551561264,65.85388668398075,83.08819827153839,33.28087134722983,50137.532635766795,74.92059002577676
6,4.747657926402473,1,73989,410,42.69223181745521,61.243615258063215,79.68834608447528,35.69260044283773,63496.569277878996,85.11674276175633
3,8.09687140210624,0,58830,149,31.79057074748441,30.978328012080365,52.454710924208904,28.256001603039824,55883.4617194615,95.81370163588602
5,4.697771079932417,1,60838,242,64.90159639666504,48.73955378074658,72.97477768295792,39.71903839962486,51242.24894363591,84.3085609524174
2,6.707755604957501,1,58763,239,34.34844188971302,62.52110709124252,64.93589848010616,31.307251654835923,56970.805572529236,96.98668391128888
3,8.794108905828164,0,78240,553,37.86373697334577,34.6957731842478,56.393232818381975,32.464414637368186,70389.66787854684,90.07041304190173
5,3.846514176158859,0,53570,532,37.5431323479938,10.113335203795277,38.29476420831263,30.832725373720624,47183.4919234233,87.4500119693993
8,4.022192246238997,1,51517,371,42.21435973685915,62.67935214854818,80.91663840334591,36.81624256129143,42239.07812055759,82.21335163408327
3,6.118325407335944,0,63760,326,69.2939047953732,19.771042777046446,57.27032386232737,32.35168163282055,53426.38150765175,83.65693710643642
4,4.820433191343281,1,66048,510,60.04438658343778,33.02059589259573,69.91209065956423,31.948747391858426,55491.67640106998,83.9183259008882
1,8.175274321989521,1,51368,153,44.42582814124769,67.98151128203605,70.05660278446852,35.54140466037343,47317.33427743951,92.10847659166109
1,7.756494082588909,0,72139,126,19.87520840012694,11.053512010182244,35.34877888527864,30.7817035527232,68929.09114398793,94.73498590027698
6,6.721304223184953,0,58346,596,30.096686049947785,14.4014348898906,49.55718689589735,25.46524699935052,50494.35076907186,86.27429259918222
10,8.658836244373221,1,45571,1078,63.70020536830775,88.12722451376249,99.47095638605852,42.13762296262091,30529.296132191637,66.33758397477068
6,5.394324103415675,1,59255,696,49.12375773003456,79.13764797197301,84.41855922203388,40.56455689652916,46933.02962758556,78.43588215511969
1,6.271161470726824,0,52809,174,41.10032082624645,27.57087045884897,52.92151365924893,30.167207889638775,50021.70714538447,94.62706238077972
6,8.644745862430272,0,54638,1370,42.24257900557614,25.31944261259888,54.00411524756202,35.25779742679427,41108.188073103505,75.77679016937702
2,11.36426490678052,0,44086,168,22.740729814483366,17.684719018096978,39.83319710684893,25.40867867861618,39384.74064709332,89.2551480838561
7,5.159308241245587,0,47885,826,51.17755765678421,9.146521623814044,52.52054942190417,30.327647429311515,39891.9433008788,82.87492378058954
5,5.363187847450872,1,76827,876,65.13737176844387,54.491333727170954,88.3622404828223,37.30984411251,58624.935794706296,75.7988628194679
4,9.50726463094782,0,48581,294,55.17566268217531,41.391831325760855,69.12223362635305,32.21585581020946,43695.35380423219,89.45274966531348
3,6.2295693478401875,1,47211,379,43.55524523134043,58.47994485570318,74.923348565151,37.27547600781125,42210.86822072807,89.28303422468005
2,2.918984380586324,0,68143,231,37.10874217627674,13.047816425817063,53.658454529448036,31.036151948608705,61891.59055127104,91.19799763636173
4,7.043383663406929,1,66730,714,63.84922968332295,76.9195320127034,84.05380505823811,40.146376734520885,55102.83002256808,82.8963054588367
5,6.091482965912493,0,62070,867,52.055180588922866,3.3284225184136567,45.332599291138614,29.101600764903484,52359.81438074093,84.66152249766208
6,6.437010806657412,0,42499,781,43.22152750838619,29.72934137127883,53.1890238510379,30.21917601090836,34244.963711656404,82.78065403943891
7,8.159179127782474,0,43510,1072,53.992152964501585,8.416944750291009,28.11581498625866,29.98276944725038,34787.2741079358,79.48025327134708
10,5.007490079705349,1,58454,1640,45.7260956267991,66.9811397853136,74.94743516165622,38.939852664617916,36034.02306327823,61.54243856590291
1,4.884937444651973,0,62552,116,33.60467271932198,10.336587580024718,47.40521405688028,27.68753169715773,62307.43847136913,98.3398032344942
10,4.52878252992969,0,69933,1327,35.45907366375308,24.653136680061404,41.03191984428682,26.244043752361176,49347.78348874615,71.13465056218965
6,8.798918351791235,0,59157,1255,48.80009512984845,24.467111030172987,42.19934712062951,36.33594723387739,43178.56115107984,73.09664477808285
1,6.802911045786138,1,63343,114,31.59396207048971,48.66871345188208,53.2881765278552,34.33594324518818,60265.75259993487,94.25053326242421
9,1.0,0,41224,440,21.788154279153936,7.270888637293858,43.23565085633612,30.82062320031388,35850.43509819755,86.21012074111938
9,8.205475668987495,0,71043,1793,45.59232094545245,46.504697667955696,66.18974696542901,37.80576855682643,45067.902705495646,63.35558567508743
3,7.041807793299426,1,74037,489,49.279311671639555,28.649821394520167,67.20404074855873,27.096425936239086,67927.62641465508,91.71093229301404
2,1.0,0,75575,94,5.0,17.5479033147128,39.47928287268624,24.955314104199935,73682.74397707809,96.87548396672142
4,9.704337805986203,0,40856,845,35.60103609453448,16.595401700714234,51.83487906202106,30.31660477686965,33302.16055726986,81.6824042509688
9,10.1884393860921,0,41506,2132,41.131253940810545,30.785953657911723,57.278881256323984,30.75048849262092,27503.67981276573,66.53250701867476
10,6.344721724213485,0,46557,1553,55.124713482620166,37.057093554649626,55.89546706748423,31.202444118416373,31864.588608213195,68.47259000689596
3,7.533322172169365,0,58959,474,40.39747471617346,22.714709689247645,54.61252548575017,28.178359933182357,53478.89680847678,90.36618071178025
5,5.22895479160542,1,50339,475,59.63842645565052,51.60501228367442,70.94601684543969,30.56586266661725,41600.00505948727,82.33041413807518
8,5.0310271855002995,0,55828,913,40.16504340980898,2.9486601860723027,43.4908430931966,30.91232657734925,44497.436343021494,78.29937252225521
2,8.658353257572395,0,78088,400,48.798096212275595,14.241909588636185,48.01172818853113,34.63699219118144,70728.86147622278,91.42574886300848
8,5.1307842336696226,1,63056,877,55.7678037412913,71.55671109738495,81.92616917333528,40.894443118525096,46075.57181157412,73.10731468011747
3,5.066718144482143,0,51478,342,26.363638763757717,25.802680172100356,52.21188286134226,28.174222923199107,47306.7059155381,91.58815683364541
9,7.1115932857023205,0,51135,1423,32.69493934769458,36.113196974104916,61.724116919946454,32.59770430852561,36528.36462935801,71.01694840529717
2,2.9578597717282005,0,52731,92,36.346205314542004,18.478246085035504,45.76971351654071,33.10469648570128,50289.13355880668,94.66711105287145
10,5.0880464933415395,0,48742,849,19.54207411674938,30.492392483324828,35.86365667527007,28.608447428341627,38560.935740134555,78.2619651045107
8,7.82073015086916,0,63207,1205,49.83837935460551,43.83161297158139,71.12232972235111,33.0706383667724,47551.720969242895,74.07026738309028
3,2.0903758501260743,0,76956,286,44.71927082522284,11.368531576567186,42.95397006996878,31.519400456278913,70254.10991613152,92.38030510448844
9,5.708955887889767,0,56904,1042,27.475635903778137,51.28090565308392,67.80625008772236,33.07432041010021,42017.104416805254,74.98815613323642
7,5.077988360650504,0,46447,1087,54.78001901239386,37.13325942983198,58.74031428409462,30.68126691214509,35828.02149651301,76.3450741030182
5,4.284713722135637,1,74077,567,52.09111309887891,61.56235564598157,70.56733834734293,34.81997883084472,61933.82377654118,82.83079884356913
8,3.2471539698511434,0,47686,692,56.91816345985521,38.84482902785709,61.065030640254925,35.20305279527662,37862.37574031305,79.40724513442596
7,3.89675150452045,0,71295,731,39.61332578573878,24.917657713484665,49.14948570564163,33.924152024029404,56664.68927213942,79.35552244743684
1,4.424050469371096,1,51792,105,78.57899082277132,75.76671894227519,86.98291217377921,36.28057743806635,48810.145118412496,93.37995836546733
3,4.139621699563289,1,73645,295,44.349527332735065,82.49181146954948,67.22664278416813,36.0143976931643,62903.07089746988,85.17231402265521
7,5.381634055992889,0,77303,776,54.94331073702682,26.100717817061515,43.6361874497616,30.744373741521773,62734.62653888147,81.49130044997393
5,5.051617648928162,0,67269,428,65.15125760418275,18.201431809236603,56.530532184304384,31.3792529654721,59144.73671072637,87.1663650902018
4,3.6796788205940825,0,49271,498,45.03711760819959,26.5381545450547,52.89914863013878,29.90878502132494,43492.70741063229,87.90088010564298
6,6.6748351164040365,0,74030,727,32.274386729092015,3.070064915625597,37.98330850114331,29.561053517833603,63105.382167915704,84.5415334546043
2,6.529308047141175,1,60824,196,56.887073051855836,77.7190267798847,104.3230632873243,39.29133706862155,53925.03021732085,88.80859142554289
10,2.8752930925424054,0,70463,598,42.935005733650286,36.49684647471446,60.88964943844547,35.30898606881636,54608.15184254569,78.14048116762024
6,8.21638812897582,1,72413,969,40.827880335107956,43.064415637471654,63.644565604334424,30.376478584457626,55534.004902331246,77.07767360986558
1,5.531837229098814,1,79433,126,72.87064425241616,33.979091170346095,58.44232180215722,35.936340197916095,73179.78895486673,91.13156549424949
5,7.22306140027119,0,63298,640,27.5418757058864,34.68547637766231,52.95953437787903,31.978082634395374,52448.294328480064,83.33288064260839
8,4.391148785591782,0,54256,516,45.939594904977234,20.19643304382297,39.61383593362251,30.111140957728953,44838.32517452543,82.493132272122
6,3.643001566015188,1,75642,609,68.25316339257127,70.49907120871468,95.22733546805868,41.685600758817806,62110.467934356944,80.54872280396695
6,6.037157825014651,1,78394,528,68.87700430592486,34.65437218035119,72.17343774783834,32.87346809828777,66301.05106287992,83.70308020277916
7,3.7902612370303252,0,57081,732,51.08311619689187,22.79472648076016,57.719548533842364,30.217938098782852,45979.24763198811,79.97458403662795
1,8.155565003092399,0,57489,61,61.14338915190927,27.496550150739672,60.97978091155834,31.590176881807704,56581.78779191028,98.26389859290202
5,10.636551739154214,1,54991,1118,38.22625729456006,55.139206405016445,62.39214347370442,34.652008218001484,42036.69452295821,76.11925162785072
5,7.626884629443963,0,62003,798,26.994316492300936,32.99046716438756,49.05389271571914,31.563971154415615,52980.691779510205,86.00857699714706
10,6.004006228467907,0,43579,1092,51.43673384560916,16.630247626858775,61.82555629894305,33.435899872555936,32867.83698329097,75.0143388460151
6,5.0854117320933545,0,60612,570,46.618669065893194,33.141225821153405,57.92865278305147,30.871011016124207,52086.68883016843,85.62085141890458
2,4.15856833376661,0,68527,167,43.81111038795079,2.0,54.54144267703896,32.41412650087226,63663.10329735611,92.32541242458838
9,5.5235557460031215,1,63859,1230,46.64783751276212,46.308942109261096,65.14908075246778,34.28819988876594,46606.21770539872,73.65328086347769
3,4.167136780736779,0,45211,280,32.80725470763344,31.346930108903265,49.63637034148131,31.817739140415025,41491.90722070513,91.2513455934274
10,4.643808013217076,0,78782,1481,59.405416198369736,19.894695079796243,60.890483532614404,34.07427429681623,53133.9083225821,67.32154614044515
4,8.8563359603213,0,61157,540,50.61576915017351,13.807470304021967,60.319779422487755,33.603099570854106,50079.29921519529,83.00212992588025
9,5.194452759271043,0,74686,1245,70.76735246731802,39.023158106132456,65.171806782697,37.70492696960534,52588.767806621145,70.32420747250305
8,7.640646052682992,0,66554,1592,34.33236387528553,48.038216568273846,68.65579536108716,29.750995501663315,45241.53907679495,68.92819820988433
8,8.268956650966395,0,61732,1024,48.808749916678074,35.30287200735697,68.08939945396841,34.789688335710146,47097.13039268434,76.31664429221276
7,6.317288455213877,1,63347,1020,69.41583143905082,57.403391943976104,76.38935198448267,38.41983004041145,44625.60169190038,70.27398626489449
1,6.830201106018238,0,78051,94,46.11796627628101,41.24133034140247,58.84849271605549,38.622319838669725,73132.87552134368,94.82758622656847
3,6.375238058723502,0,72794,151,31.829431326091967,28.259818700508433,55.116916565457146,32.77450188669439,67291.4086640963,92.9027467166422
9,4.218096688326263,0,77583,954,23.894906516418065,8.483542288998454,34.29809091645809,31.083042890305236,59430.49396137216,75.77883829509338
8,5.484116553365116,0,49121,969,52.25065388177804,22.371384260097756,60.637749319705776,31.648518212712695,38363.13831613701,77.84005263342851
5,7.475324699170458,0,70023,791,39.05191255829376,36.8262239934232,56.90970612452614,30.914179219811153,57115.32302801942,81.10832392336778
8,3.115050488654932,1,50913,446,46.17996132160822,63.091314911156076,81.46772783238622,39.50487063749104,40242.53970330037,78.35769645868754
7,4.909236421058566,0,68345,795,49.61102834500525,17.041297995996977,49.295517050588415,29.53111667934412,55038.23700314577,80.27469468119818
8,6.904937108747941,1,73940,608,46.33950938312838,72.66033075541698,84.6690641895801,38.8545086061883,57830.429765941284,78.31516645601046
6,7.235135605873307,0,77374,685,59.75896157525996,38.73240198324642,63.90109689130745,32.30147567891163,62779.52301072561,81.32356734701501
1,6.099706919856651,0,67048,165,33.40881155224511,39.992664051993785,53.16412432000193,32.94768490898937,64393.75064442524,95.97924172594129
5,5.267312833190844,1,74401,331,56.657780208492326,67.84684515858426,79.07591954772222,37.3780111610394,59358.00739821367,80.43370096381442
3,6.914915811864638,0,46636,477,50.998372410642155,24.16694726949903,57.20248192326368,35.60183146253853,39889.08152650187,85.3107145108014
9,6.629623924409683,1,69171,726,68.92480159097697,77.08474705991517,87.83933079512695,44.1931059744545,45788.89848152919,66.10637770975234
9,6.117036879674594,1,62430,1213,81.85568781098661,77.88379553166433,96.79459839158093,38.51108192740926,43088.14935014698,69.72839928312996
3,6.101365416586265,1,52548,261,40.83943647585398,56.55605207298689,61.299178990379424,32.44593981882606,46560.717858721546,88.09822553809566
9,6.751368823666406,0,47536,768,21.881246123093366,9.960130314205225,28.291706226423695,30.10292565597926,37617.3228344731,79.62422317712236
4,4.7118834109178325,0,40845,204,51.42276263756267,22.50076962533908,56.41722077358013,34.10474250869102,36163.33234373449,89.28710323956
3,8.210465205683985,0,71182,480,42.345817926797736,25.69013376729286,46.96022835580321,35.91467047245759,61235.68697994522,86.83887933364772
3,8.819685919136626,1,61636,232,48.2743550413862,54.34708706084884,63.82836062172835,39.79853482496636,53357.994321392944,86.33047969798258
6,5.537385483138277,1,67207,720,43.55638445726096,70.77477761445361,71.829043152206,33.93570865209117,54437.57234300183,80.56987700542359
3,1.0,0,40323,116,58.56364152506857,19.774166527554982,62.03608738596523,32.397379996735104,37463.024828226015,92.70027839934077
3,3.4020517826283756,0,66216,109,60.53023023036682,18.48061129527609,53.890547583063956,31.069935190447033,63008.35566867814,95.86412663591926
7,7.577295387896578,0,71596,860,61.40588826229531,16.322178193756464,43.66457590438612,31.72367533811651,57378.10237720342,81.61406678600359
5,3.8775731869938346,1,75946,323,60.631686656140545,61.253399886863505,78.42503844266032,36.56545785260348,65023.388178235684,85.64052312987481
7,7.035431901410654,0,48449,1025,71.96366499766873,23.122395558064866,73.61003237453762,36.659808127818785,36909.678605869194,76.48120858300277
1,3.26549266100858,1,51343,87,52.468744343906366,39.19152797930833,79.3077619838458,35.50360199491397,47196.922808477924,90.94947021433045
1,7.244655761432364,1,68072,190,78.4422051143751,80.08502365877597,96.41465915519731,38.73801192080295,62228.42234989843,89.646764608445
3,6.25859864735327,0,61597,402,25.040351494266474,16.780352263962005,40.6132387236333,33.041553641859245,55006.72831277697,89.4252060332291
4,6.0526787295958835,0,52623,496,38.75627672878419,26.39827971709486,52.00391851041217,29.002358968749437,46207.87772940045,87.38435601288248
3,5.1286944221917485,0,79055,370,38.980586083954805,27.34062638567599,63.764591753324765,29.59147823457546,72841.21689487404,92.2781854571675
4,6.876815364222235,1,58661,566,24.43490513932501,71.7244749859087,63.5685310170813,33.951251616835776,50033.71442256052,84.5621025381123
10,3.482031142157763,0,76914,814,71.5745556972194,12.160829606681991,59.142394305253596,34.77483926125207,60957.105652454185,79.13491531416179
5,6.690208136524796,1,68457,744,62.42889357015922,59.693879775104826,73.30337730372972,37.19485842218443,53759.53287358228,77.86457705233798
6,5.466395161187586,0,61676,729,47.78614133024171,55.107597303303734,63.09841167304831,35.91902066945987,50108.091818465095,81.4267115562369
8,9.57302103932915,0,44066,1452,48.11871849212415,19.157003139304486,37.88417291261938,32.624428307394254,31787.845982779567,71.63745934389246
2,1.5647273432033417,0,59341,70,50.292448303808996,4.304012852547906,30.663894011625644,33.022775470915576,55374.03188101122,92.25687783482532
2,6.416220955634831,0,51318,245,68.57268600756225,39.52517938672153,68.6181698308203,33.15321089715745,48817.781017940375,94.51152790886191
5,4.468008922004208,1,48540,629,78.97789311535925,59.69080912110694,85.7244954023685,41.11139169384138,38195.86261659414,78.3386676553194
7,7.0874458497793755,1,61109,1091,52.801316141044644,71.05656185348192,68.48463673987128,36.69775153226236,45503.66892434096,74.3276571318331
5,8.053501398086622,0,69878,859,46.254773342247134,36.48782750442273,65.93517323377358,32.95047420089854,56496.737747874446,80.73011526487144
2,2.9383876269863203,1,52005,188,56.75090947722599,56.57682859632531,79.48006915897527,35.16963080785105,48732.57187029823,93.46003537353344
7,9.067776964312605,0,44511,1190,52.59028901278853,8.026157951093428,57.28779650477334,26.62217590375067,33998.738164409944,76.40088728724236
10,5.010657999832931,1,72461,1392,55.911644978906835,87.33933419488778,92.07269710653003,39.04147196790869,46555.683140742716,64.45092878921864
6,5.454224773024748,1,62819,514,61.520679223295346,74.69758113877474,81.12198362261158,41.19909360692229,47928.30446787636,76.07788346947184
9,4.423283644855483,0,51135,1091,57.953844620423084,19.931343176767427,58.62931545085043,35.81943276402758,38634.04418369142,75.44124379190794
5,1.0,0,67312,218,59.29010775873921,32.90394746079891,62.36558747139033,35.79536708343031,60130.63600167646,89.66866230815177
5,4.859098614254562,1,54014,488,62.68529020815841,74.31154377142686,85.78370546880612,37.27145666141447,43809.74200573852,79.93009982828066
4,3.176463554372535,0,41136,347,41.75849899623377,32.51517409774014,60.21772927590763,31.437641222689383,36241.30679358587,88.61862550649185
6,2.311992076690204,0,73138,436,44.043818656610256,35.723818772490944,68.6902095819763,28.690228156008814,63580.28883289908,87.8877098948179
6,8.466805153698733,0,47656,574,45.787369005102114,38.92841795194229,61.24435709750836,33.41248842514787,38026.60504752096,79.37068134208147
2,8.376855125690366,0,62935,218,54.04554508349078,31.81817507564783,52.10733748841122,34.07640402783758,57562.658341766124,92.10871433235108
10,6.62726772281641,1,79539,1617,58.97213985918023,63.283062672792276,83.63846307881757,39.81299939743737,50669.96308882203,64.16727215274996
2,3.8508884876555216,1,77646,142,75.41277487598073,72.12620826094214,99.80863881791544,40.10712795092509,67411.12958945423,86.17330855235029
6,8.448526876739068,0,69331,1111,42.93222111278724,29.388009017192907,66.92793123550203,34.407903991266814,50033.8604809323,71.89366246889843
4,6.17496675255911,1,49864,592,44.26766654918963,53.8929232583921,63.11839494620498,37.920257121173115,41435.863941751195,83.29815595313536
9,5.399826254922941,0,65973,1164,56.297478236212356,28.843936766869163,62.95701086581065,35.887629827983325,48084.16009928341,73.92113490267386
7,4.148610474617965,0,78834,706,21.043998585570403,26.876354208202063,32.22941592207926,30.544797664433993,65213.397030067485,83.23897022687945
1,6.216738362824155,0,54635,173,56.7905113426878,14.174521825338008,66.41316766333273,32.11936754752394,52113.24700989755,96.16430784363659
1,5.458348969029353,1,62374,130,55.46551649472238,69.45759872909639,70.6237528756772,33.37012725274965,56097.31154219052,91.21101856553821
3,5.1905183629207325,1,73469,448,49.40919572736634,58.98091582558092,65.72484631418962,31.846046379981672,66583.42602391446,89.58704213520059
9,5.196243654789529,1,67027,1270,48.04649021494521,50.3580815438022,66.63961582242287,29.392892490671354,50492.6476558402,75.26225816021498
9,7.375201124589077,0,59085,1185,22.21476293585824,7.618314140563925,43.17279248261733,27.89395561840556,45304.51434684583,76.98166287311822
6,7.170971546251161,1,49955,753,29.443094640825137,64.94606194716103,58.70942545219374,33.224696244429694,39226.141023586235,78.35253473719497
6,8.907861194966522,1,78878,904,51.04093366000785,40.78192103271594,58.30579621583432,37.15736109741421,62409.76732449981,79.15035018264396
7,5.315336306924942,1,52892,908,64.7084992534561,56.41381129448298,81.89755376373141,40.17693353205232,38138.56526839904,72.09434590945402
5,3.27836515437231,0,78715,300,32.54146763348698,25.385081497143894,46.0612172327538,31.183554806203848,70181.01662806545,89.30809709558659
6,6.315184820994514,0,52229,405,58.267362246062675,25.549986412562372,43.62598517645604,29.969786484104112,45686.5550275822,88.26716606443495
4,2.3536451156566676,0,65676,267,30.412879111740754,17.065725608574347,50.88096904980949,30.684905949522477,60644.92274715511,92.19399975495674
5,3.945855210240037,1,48382,279,63.29863664161701,27.139150146809044,76.90433897713203,29.174125449121455,44203.59930204896,90.92912992807872
3,8.23574021887942,0,76958,349,41.656627876912104,9.885296992807902,57.02891051646799,27.8952931839842,70249.80751749911,90.6122408886013
8,9.508080239078643,0,62312,1377,33.97822533715905,7.63567594283802,43.115485674532714,30.170081575697555,46153.27905060738,74.19467389096283
7,7.006148213624945,0,58911,1022,26.87537203161058,39.82944383501547,66.92825735695297,33.00329307998975,45495.03323407992,78.26240404927889
8,6.334732378046947,0,71212,1419,60.11434444440094,44.315168837970454,67.51032062457224,37.669071056443975,51378.78301767449,72.01890389036902
4,5.257570730594413,0,47984,301,42.276815126314865,48.382589998673566,60.510860730831865,35.046885994814424,41596.417881999696,86.40167416684872
4,6.2129402369241555,0,60999,257,17.290346924660184,16.574202722045158,51.91739044772725,23.203759748847098,53852.97396060179,88.59309475196147
5,6.056764701821643,1,41397,729,49.16449170831952,38.692196306610704,69.26506053354352,31.843580074129072,34877.155435802786,84.25155439477513
7,6.653354706220457,0,43183,544,26.878714338203658,24.680103057092964,52.360048188390024,29.35022873319285,36944.41233136164,84.66466284462548
8,4.223431289931694,1,55711,895,50.50428070091681,49.53805137231012,82.5333440576664,30.679913044104214,42779.41093000761,76.22776950662639
1,6.404181246403404,0,55553,63,63.55178139204986,28.212718494761493,64.4869832580156,34.89736853750213,52526.64784371912,94.38873638578892
10,2.8994924534408124,0,40976,554,56.45652611879491,58.34948556718848,77.48053582949494,35.14614477318687,32747.39167516415,80.59822339796979
9,2.4647537604618726,0,40208,760,51.160219393428314,15.284197679181748,61.33812052041037,34.575604426189436,31278.86926757339,77.37782462773046
10,8.430214591029229,1,63414,834,51.80556533070641,76.5647345050465,92.2941486516403,36.968343996750036,46534.00117567153,73.99234078962246
3,12.539971142866015,0,79036,542,56.74024757013028,16.898183620647856,59.22077552926033,35.07562864378873,68957.61654227157,87.88649352434622
5,6.388235670726051,1,48297,687,66.85567793591852,74.75164350539198,95.05558122116955,45.77906295706737,35910.279349778764,74.33690547958946
6,6.080142881398624,1,42314,453,70.20458439914583,59.28931464177154,75.76611402359417,38.09261944683877,34000.885870231665,81.67967643265683
2,8.956246375433647,1,70352,336,39.341573988530925,62.434307689005536,75.45349401189459,34.90223123865158,63513.71206535509,89.6759989149743
4,3.0477510945722868,0,47872,415,50.1729148936857,35.07119080420875,60.53839288606214,36.23210814464407,42101.85572860907,87.20114279483123
1,2.524988125606402,1,55661,68,73.4796554834393,76.62621209037653,100.9396781834543,37.211090319586084,49936.87854394672,89.47690579676389
2,7.565447166125903,0,79131,260,26.482747968226022,24.284888243425076,46.98227184835158,34.4844671424935,75154.3839367769,94.63348395072603
5,9.100173917910631,0,74449,1025,46.001871032580354,47.89006251074621,62.478360946687225,30.971948792528597,60868.117223886606,83.12060302015158
4,7.276444835022346,1,65106,329,49.54370901723591,48.03917310698367,69.08803388072165,33.37788010038281,54548.5385411326,82.86154950356203
1,5.551910619209287,0,45607,137,36.4615580010399,37.930710153760614,62.62494067046395,33.237830779670894,41742.32627962713,92.21150375068912
9,9.889654534884098,0,43979,1442,38.38167880269092,2.0,37.1206291830958,26.794879494989946,32518.15053807237,73.47411545669355
2,4.857901805889382,0,62760,245,35.07859148945064,10.306078839077475,47.20827776361389,30.86891956986408,59719.43773423624,95.82899511844812
3,5.697378371426654,1,42888,341,46.49166158261228,41.14007897657021,46.40333868948461,36.31115738181419,35613.77839979375,83.7001209421121
3,4.9947581921788675,0,67609,218,44.70672683441229,2.3738153233128045,47.36891682730382,30.126839440597077,61501.515269128446,90.59972592091404
6,3.361433329278028,0,61380,574,52.02955195819456,27.994245595690316,64.82708054322264,34.90742164068177,51355.091757874216,83.06080764178459
10,5.50203122404584,0,77815,1267,38.00703850836818,21.690895010483715,47.774259548389395,30.829899524001437,55301.51988836833,71.32786656919487
1,5.711945423346811,1,66810,97,57.405761706009706,41.8161682306699,56.847733521264495,36.56019255693805,62729.16449597922,92.96363198730825
2,5.733612725093814,0,70343,126,16.99049079082482,29.866877054113807,51.09834262004652,25.31694263054112,67764.19605110581,96.44779749883091
4,7.237622759036667,0,46647,572,60.012536488695226,2.5404484638945846,42.036397427495544,33.8502641258529,39414.439031087415,84.30520316503511
2,4.689653992553191,0,70511,225,43.832014670627856,42.76874073203246,75.85633572773597,34.98261274560696,62974.78567478431,88.87089553145711
1,8.778199950103929,0,45885,78,35.45476187258138,11.57307791879446,64.08586869341555,27.04831878525269,44509.98413901363,96.00699107774395
10,5.305009948894443,0,58461,741,5.0,22.66297226758652,36.674605755849186,21.596914825234748,43523.68430993721,76.05646500163816
3,3.6628923178829624,0,71867,88,52.703463125439484,34.43252293577584,66.89971369449412,31.80428061462402,67932.62204969607,95.47324512146567
7,3.5243222570212467,0,73699,661,29.204525564488417,20.10903147446821,46.0379646192967,31.350435163294048,61670.05755152765,83.94201571173224
9,5.067323627284793,1,53373,1026,71.54849425102901,42.15885082783937,68.33304668626232,32.6777742474086,39762.89603630295,74.27378287295706
8,5.529352319338124,0,47147,768,30.185355528225745,10.612279083173771,41.34583783059395,23.458758039146016,38294.91661452906,81.32192416853786
1,6.877073741332946,1,53636,154,28.034459889781093,54.79560013592384,52.67170195203652,32.11299539642114,49973.824559977314,93.70781284433357
4,6.262076822478196,1,67011,786,68.85663610037709,69.76063982534683,76.18238925569908,35.60182559228778,52680.151176297135,80.13656807024809
1,8.409051604078025,0,44697,122,46.204465692733244,24.432726805743883,63.54775105036404,30.41264159824092,41561.3689545491,93.02750555798548
10,4.950666588161589,1,50200,759,21.509788962717067,48.20904986833665,64.18453036523648,30.30508804852325,38127.73426422289,75.33482194756955
5,7.452902497702045,1,61998,917,81.71933985803393,32.888922654147244,65.3467871564796,36.07419285199236,49701.353264836354,80.9933522156495
10,6.197192846320855,0,52923,538,30.466633614257905,11.145124003314711,35.879979787601556,26.71135480621216,44964.097429457004,85.25879357189834
5,7.394518637601133,0,45567,235,5.0,39.56287551499304,40.51266006760473,29.118303385267605,41081.05054856964,90.85646701603021
6,4.409513345099159,0,44906,748,74.55285887251316,53.51429330964709,70.82912634430768,37.045159184224886,36896.44008050815,82.11938163562426
1,7.913344356667534,0,51215,135,29.62417840138569,36.396100830689704,57.19898926238038,28.267901072903598,51358.26354397772,99.49773880973136
10,3.7756903639827324,1,58679,564,35.823796593545026,67.16256105910452,52.51149141665167,32.66542110884191,46081.98846673511,78.21216279035278
9,10.833600372160618,0,49526,1299,43.19375452191018,27.74537089537266,44.54712551564562,33.5219808017682,36602.73613032161,74.70930797584874
6,2.5899269138947125,1,44429,425,58.77573515466223,46.44588193858087,76.58872478065301,37.65025393610865,36876.89414515309,81.86129163586452
3,4.970726256972165,0,47077,299,33.40862974649819,29.630663634540284,45.946281922139,30.194223011187905,43655.89588455826,92.53975852228336
5,5.815141849709074,1,63479,658,66.15319194062252,60.0821403960211,90.57532571108435,40.644679748049576,46392.59562760245,74.57191851150405
5,9.314968638690951,1,45843,659,58.062986824040145,53.53476847231658,68.46563365045607,37.82063460052465,37461.91971520874,81.77891265327314
8,9.800202582530552,0,61809,613,72.6408000705556,37.75510866562776,68.66027022900758,37.251547617213234,48124.125599895044,78.00907662520133
3,3.813293083192739,0,73332,147,46.98896024015885,6.400544606132435,56.12071810690792,31.671516766542364,68916.8582878927,95.07611713595395
7,8.640886057456262,1,46707,1363,46.209411476268166,85.1972330485172,83.82445666625438,39.04979859934005,31823.73109110012,68.0867595563013
9,2.8570424562311065,0,61094,556,55.94321022006317,10.667496077028416,50.68452943209329,33.139032553324206,50005.615287389315,81.88821300014466
3,9.991987721675619,1,42227,402,58.74574397898884,65.36895657965047,62.07437745647722,36.262595838700165,37724.43156284978,89.19529175617731
8,4.939563812039852,0,64253,207,44.89673140363536,45.33921932784948,73.00776857512103,38.33812376499293,51042.95237589072,79.61910759364328
6,7.242064684633456,0,44368,467,40.79954911037211,18.71436631968175,55.7623455184568,25.217063891632478,38814.4072783028,87.88273634875878
3,6.514378623937175,1,74124,383,77.23354187669138,62.89341377968569,96.09884960915929,39.17020831178257,61917.823834703,84.86377401335201
1,4.129605530674311,0,72475,78,57.267475111099756,11.04592132251901,53.27283788683259,30.970049126204277,71696.26241498855,98.81957640754412
9,6.151231254371056,0,43010,1117,45.173915550441976,26.5585539325503,76.93855026826371,31.27636412794625,31278.499673455255,73.87037166310108
9,6.9233365334690165,0,50569,1312,45.387272133424034,27.889763494024223,61.21560207235138,31.46490173994851,36160.26310963052,72.1024161804924
1,3.442213026966758,1,43830,73,42.296792435866955,79.09436479798279,78.30200037681996,38.409088652335555,39656.47901848376,89.59410469330925
6,6.875239536976641,0,60670,1350,25.525125662297175,3.599353355459602,36.46494445794148,27.71414190948459,47980.178026725865,78.49350437565649
1,5.691352471666477,0,78891,100,31.99636037881191,5.943534738730893,43.263174567555104,29.689475551154143,77619.29456546639,98.60003985326156
1,4.313143284214115,1,77308,118,54.09306849664826,38.183879706341116,50.61065688451647,40.078622426245346,70399.43394429696,91.14410614407186
1,8.312353421118818,0,61256,160,35.250031715905564,2.0,36.040773881090736,30.191243985285237,60136.91429867669,96.41554253681707
10,4.458127149471975,1,70117,1525,55.297084629387086,53.226269150928914,48.012818911626326,36.593262065437024,47377.1743239297,68.02974537458942
6,2.402934529263331,0,61776,374,66.7599611587026,35.554579193030335,71.92951168809267,36.786713088527044,55291.04561704335,89.29068827364306
10,7.560003204937106,0,75291,1131,6.339020569378704,18.916224132484672,24.199298732093247,26.94886756173672,55725.91396560106,73.97180426792808
8,3.8708105369112413,0,48264,610,30.71851982063186,28.718902240693858,59.21555790107888,30.74612655064321,38629.82386405433,81.02001667358864
8,6.226254113018777,0,43749,1093,37.37949075512117,9.666698347149648,40.54511588991,27.894650894563362,32786.50740946388,75.52984122437371
2,3.8941223841453376,0,41073,217,36.728870816730094,31.05698404517653,69.12263048378506,31.925630158066006,39057.84582882213,94.80331104839834
5,8.860718935478268,0,77323,589,47.08752206857358,25.000221711032435,63.035225449025404,34.684757846972325,61459.41455925982,79.85136393914357
6,6.393218132122269,1,46981,796,60.121985625186504,64.28063684524162,78.25156106935586,42.07644734593527,33905.41331174348,72.59795334962753
6,7.562795602611002,0,47440,436,47.10623878915571,28.752099482179684,66.89704322992152,31.42356203949188,40915.767880219675,86.01665573979679
2,4.693030597363737,0,57678,300,41.52771632515069,21.19245618098908,39.740879917965636,31.402756020371143,54132.71137877658,93.71863422301699
1,3.8887549694845625,0,54408,123,72.37893357926745,7.5574690038816925,48.00602102002304,33.06603670266818,52136.63367695356,96.40996819202252
7,5.817558710586607,1,49824,1015,39.6994478076709,38.74592909082513,57.023526116532395,31.043158577671157,39947.12188255237,80.44441247505415
2,7.351614242255188,1,45525,261,37.74657067008133,60.08719733702636,75.3353903355809,37.31683659029214,41200.03541943335,90.74164142443573
10,7.386118816595406,0,52530,1107,55.80738871721994,2.0,34.31239275782461,24.400396795722152,38964.85084214924,74.55219564180133
4,9.413283093005592,1,73119,721,55.629405249620376,51.452715038034476,77.40407008388729,34.873342742817314,61909.401590074856,84.81607517136692
10,6.674009160983612,0,65723,1006,32.12791419626387,48.337572353895304,59.855124036337365,33.315976172971446,46994.46593397929,72.41472002396209
5,9.499085335441924,0,71821,447,46.87778325345646,46.57400179563585,73.96627886676517,35.25387397617943,57634.74126917927,81.45626759759442
5,3.5853433484640096,0,65676,504,44.23046181826636,31.475813506871056,68.70956962596837,30.261739024218596,55288.958289701084,84.96916389213676
8,5.241677092655229,1,64971,927,40.98732211927093,53.091868734496494,71.44179570378527,32.82566004852867,49810.19911702879,77.24539111700238
9,3.8541581692707023,0,59129,1168,40.23485688325748,7.156461992658695,42.76840220215973,29.49603853921608,45263.67717950994,76.49221201426683
2,6.364103075427177,0,70692,190,52.329628642497696,32.670426834365735,59.163997388897286,34.12699832080357,65991.37057433368,93.21417724798972
5,3.9501072055709994,0,76156,592,37.109664938632505,9.463933591736122,31.812564983760403,30.559171690491493,70960.26719430102,92.78416652842557
2,7.128024407805475,1,63404,217,83.27971251612362,62.424929542098106,88.82626971422008,39.35790615412735,56918.61657105089,88.4182610242152
8,6.014789542060932,0,66545,968,25.742618906238732,24.89832838136357,50.141555637470304,33.4552457947524,50412.255908715044,75.69113585751977
7,6.5630355491599595,0,55096,1000,30.268164702294627,33.94132288382924,48.15124396343564,34.81997485428359,44402.59971297014,80.79936707199502
2,6.675708783049726,1,56634,265,71.59173864646472,45.59895089849472,83.31045336278433,39.27441881062532,49923.33341243758,87.90993446000506
9,5.351173239789347,1,41402,778,64.44683029597704,54.34513685257174,73.47621495105108,32.932100819851065,30599.381155109804,74.07202884777507
10,8.352455390617445,1,60123,1817,48.053463412845446,46.96333849874961,58.967168636575664,35.03967147729753,36915.166443476395,61.395735881783295
9,10.632823460131366,1,42185,1032,70.53353153298579,81.32851832002888,93.96026879430158,41.58748582058555,28763.534933727227,68.8199681802923
9,7.1896499095424975,1,60135,1670,43.399300091646346,66.57869433329657,75.30183365728793,38.280859785872316,38202.26875411758,63.72457645705568
8,6.428861644992823,1,70823,423,67.99396756007721,68.74249734260297,90.93734595808654,35.96901903788507,56141.73609236906,78.40433510757241
3,7.250372409452158,0,73879,521,38.18732414449991,32.87553214555289,57.595364250080216,35.62998359135737,65345.15276729676,87.00690276872164
10,4.743498810188487,0,50209,828,29.359730914189825,25.54326336937414,54.66585431499704,29.67871161949172,37280.42108763437,74.36365026121321
4,4.215734646436873,0,45051,334,17.671113040810276,45.517770844482655,64.48381184402666,30.263092566255533,39096.049419332296,86.78168146290932
6,4.616947330655717,0,61802,299,48.8776263432952,37.496866183605036,78.73854903597828,36.04667704502567,54861.72350509616,87.85633249302154
8,7.0835956805730795,0,78721,1007,29.85574790067846,26.001431696071258,37.66168809767757,30.08691561902237,59602.79745176883,76.5940269421072
8,6.748734818588409,0,57425,1090,78.89459652682646,48.05171128639235,91.71232759036302,39.55474528074414,42902.90920806844,74.53330712132424
4,9.496535705706478,0,73124,762,55.91218279347582,8.079395115185676,64.37007400646495,32.20817038973374,62571.982320538045,84.97507805248031
5,2.9825383399438077,1,44540,517,51.13978513921796,65.49015278965081,83.9808817279854,36.84704617713266,35512.30458456511,80.25274559000856
5,7.252500339830246,1,74279,642,45.76748678369218,63.9645958609904,79.77127256006659,35.84991805049637,58999.258590188525,79.6887072659351
4,9.12882272373755,1,66502,626,82.94092186289296,63.50632477921135,78.75090418851103,40.05860383148966,51359.367413204585,76.92167642945334
4,3.429351436362974,0,75175,381,63.20806078406895,21.39900490278666,56.40962506654717,30.904971169263632,69583.72753309083,91.69753460297784
10,7.962062804188725,0,72961,1550,52.477774154723974,43.256334870653106,48.43333432783787,32.324988183960365,50913.28495895104,69.07965831864146
3,7.305051612879732,0,54025,568,29.901319994262828,12.219778871709186,50.527178841038044,30.598084544543823,47923.08840724458,88.4921333723882
5,6.0936614092455,0,68864,645,51.77653444677313,27.273097226021108,60.67476831176184,30.53242307743475,56844.68517170324,83.11312674261855
2,2.6996289361257997,1,57829,115,31.858583161095236,57.91088390590943,72.34386388129519,33.65037884037969,53005.06515200052,91.6833604009807
8,4.478899142447245,0,59944,945,37.34977928440638,35.84957178186083,62.27265045529915,34.589550802426835,47848.4528761482,79.2334289907891
9,7.845132689838223,0,55728,610,64.55056939842675,22.989486186616727,68.59125512876977,31.358834167157454,46534.77550543774,82.15835885448334
5,8.23308297042571,0,45687,466,32.06964920866853,21.467481975897392,53.996589467085926,26.46525726161616,41602.16870549988,90.20913678627336
1,5.749148733140802,0,55675,109,25.083398588626217,31.801697185854326,40.75792688430107,29.297072997708966,54160.59482461038,98.13648821988006
2,5.549309216713008,0,50924,224,29.50297127633811,9.826202193334575,26.949179672153825,29.08750984960421,48714.30959133571,94.80384985227302
3,8.885027804266853,1,61466,628,31.45151324593912,68.98443818678263,83.17035542038693,34.62022006654168,50362.63900116256,82.63674700775164
2,6.460168087529347,0,79638,258,40.69013947740279,38.340541597422366,59.76712930663966,31.346250820968233,71433.43828782995,89.65691200395679
3,7.3279316453944485,1,57703,381,46.60806896626343,66.15068077762251,76.69197671449442,32.348406297185925,48471.27775984383,85.1582928580731
6,7.685525601866828,1,65976,1020,65.588368758205,35.05166830064755,70.77436577030981,36.73435621354392,50627.559236703455,77.24096395890328
6,2.0695747110950777,0,79377,447,60.567257732129015,19.63576517598425,64.35043365595777,33.81381541384535,68997.46974242643,87.13669938571786
8,12.828284425028544,1,50089,1795,36.6565182969765,50.27546659877785,63.34484597680439,32.02144364355702,32725.144917263384,64.52816680402105
10,7.387853482627508,0,48362,1777,52.486992976862446,15.70143559179715,49.27030463863766,30.03833019213642,31791.57106406636,66.11583834140515
8,10.307375816133213,0,57416,1628,80.94109247981106,37.541954174863704,70.90282659526484,43.92252672121282,37981.3014328919,66.16330035041926
5,4.5282427314449105,1,61892,508,50.96827503015744,51.60346773899037,79.15349285675009,36.23507568920241,51212.42327847885,83.01988195784766
4,2.5725753094595256,0,45878,245,52.896728864186805,2.0,44.46765016309958,30.864235087599226,41094.33290548865,90.7040995467998
9,7.356005049143583,1,53398,759,65.4276291668103,77.29667811422453,88.07967328739714,38.182426712728386,38522.230762528096,72.58682719370033
1,2.555405349949878,0,79607,87,37.867303422596194,21.683096533360253,61.4603040052035,37.191682902213344,76077.04431603258,95.31979117905422
8,4.648939025759038,0,77584,858,23.135910942938114,21.784753665703803,49.16795404176378,29.738290677294927,62334.22372259114,80.90837620488892
6,5.933426563049363,0,52932,900,40.52583628126494,15.402676639858472,46.78449022854307,27.686868502213542,42740.37617471142,81.46807927724534
5,3.2573823947967018,0,49220,401,16.271435731435453,2.0,15.746036555447208,28.074022359172208,45074.53872641779,91.76895807167662
2,6.256737973081228,0,67547,278,49.20844076354239,18.40457615488875,40.953089513273774,29.373177898953323,58525.081369108986,88.20479443781055
3,6.024483938790977,0,73505,376,33.8982319105668,14.273242263310905,47.148797552386675,28.862093961468197,68922.0458467715,93.7532538264067
4,5.537578877617645,0,73986,262,50.36343385713276,31.09400121777062,64.48529311070371,36.36673470772216,63965.25331850705,85.71245144062436
1,4.90463119668681,0,45137,97,37.456271120350166,26.2715244327246,41.522126819231026,32.79665507940108,42962.701681566876,95.52452615457199
6,8.97917621066329,1,66306,365,53.94591857257453,53.79128505290529,63.92667086082731,34.86512987095845,54102.04153040483,82.83007701435321
6,6.159084488787702,0,79383,745,43.79696053367847,20.834345223283933,53.51945497744532,34.84462219037462,64577.32636140475,81.05652642872208
4,6.570401662835291,1,73044,955,42.65135410967404,63.20232801251278,58.70317805570808,37.07225556839672,55561.960760803675,75.50405800149233
10,6.993043155993641,1,64628,1747,48.83616732658818,41.75874494743612,61.742256938581974,31.830267751535878,40426.888366145104,63.19578499518103
5,4.496920063256121,0,77031,710,21.50125730677327,23.792918734150113,45.9381120705143,25.802833797794758,65165.99888168044,83.33750803881482
1,5.508744394753004,1,77606,106,60.47591105321932,54.44413563101913,86.52054328459566,38.73957235028499,71883.23529047656,92.39963996293037
1,11.09793185519271,0,72773,133,59.09847456491289,24.68505464785663,62.3253363429358,36.700084145010834,65624.17668095964,90.5307697590134
4,4.6857628747524,1,62648,367,74.72496882342658,79.30510125081986,96.70417901662708,42.49021190118541,52187.85661324134,83.33990865573911
2,9.57642485271604,1,74665,387,38.475894668067305,86.25293865813195,87.6335820893973,35.91238946952121,62171.071392676,84.44926406145808
9,2.2037260030660377,0,66494,409,42.19295420801422,27.857537030925762,65.28156814098278,29.482474757756112,55093.41434860428,83.53833627655831
9,6.5318108443851,0,67381,1930,56.18114707380247,47.9298488239895,83.29031032298943,32.08824162812235,44967.536518771056,66.45549664228729
10,4.918682975131003,0,46667,909,41.96180477666638,9.399594452022873,39.56720959650478,30.613833091689536,37474.5525397782,80.66243995791194
6,6.661677201025135,0,68811,707,56.62148355728276,16.748627464248376,49.379624640268275,32.66442601446357,56306.06822832208,81.79613386553858
5,7.481633486215012,1,56882,931,66.51575820482391,61.642442025956086,94.88850684772797,36.21359383309902,41174.229826802795,72.34922820958471
9,7.2850881841351525,0,46543,1372,46.982879591490644,26.02079537109527,60.98032485395545,31.76898342382495,34708.9373492376,73.79803935824596
7,4.3750182070220776,1,47712,875,52.120253385509336,69.98207304423799,93.7056938158548,38.637992191883484,34154.18853229885,72.96929207854046
9,3.7499160687917934,1,43436,294,68.53284603428517,66.06812134846605,76.90867335889746,38.45138017797767,36183.192185675536,81.87531763185123
2,7.264833078064026,0,63395,245,37.81187690080019,38.04708468892396,62.167646495740996,31.636789878215982,60182.395194706936,95.49734536611902
2,8.75567645749271,0,60968,293,33.9739200287259,6.6905736885256,38.81307074310995,29.873532237961925,58546.78694515425,95.37056224806548
1,7.4066699011183115,0,50964,137,45.17083174931993,46.46742220392119,57.61008416707157,28.796635790610427,49762.18843892749,97.19051096624847
4,9.16282037673706,0,58669,934,45.220562147521974,36.65582395807637,65.3086156181248,33.637119767992196,47752.92083091333,80.76370579273524
8,4.571908443191244,0,73933,666,32.977282251434474,4.555630174409217,24.278505534768154,28.16515795343291,61084.047633425624,81.95045977108289
6,4.050125830804447,0,67277,616,59.7210336903065,13.93383361692394,56.60643485806098,34.559145192606785,56564.7456748634,84.00942616191978
6,5.184856306196058,0,72283,993,15.126338176546131,14.051890160522,24.290967515344875,25.62201904593229,53929.60703202324,75.57467710072838
1,8.198372981347633,1,71713,55,68.87140704481993,59.18363636527648,80.92772587343299,36.657288326682995,66169.42360728463,93.8629949365457
2,5.317680967019529,0,59309,132,57.49264662189942,11.206304685863582,53.53801751689692,27.972895102565055,55530.96226332136,93.83681990146854
1,3.6689860194144055,1,57066,80,67.25481433334812,55.99547476105834,69.43803504371941,37.80452984556278,53271.036777854104,93.08499497540822
4,7.843246753522855,1,59672,415,70.95001088997337,71.51986061565677,90.36745917116657,38.131167155903235,47959.16553898544,80.78024557846202
9,4.788862424593734,1,40403,617,56.76525912883255,52.923610654638274,74.27018615073023,35.4458931604474,30464.567328876044,75.50954848065906
8,4.485726436223101,0,53701,864,34.09828831855105,19.66229313738569,40.891010734835184,36.19435125124283,40846.52696016625,76.53698624284733
9,3.1917210033945698,0,44660,1055,83.48289903493296,2.0,60.319677117793915,35.784225688048124,33134.03060110225,73.68890648013554
3,7.148021058466746,0,46441,253,70.44748695709154,50.861105791711154,81.39601947412162,36.30549153162171,42874.51536599674,92.96011684616775
4,6.273114702668841,0,40843,659,44.81507061020567,20.094757275020022,40.628124915725444,29.68328126512631,34600.130854136914,85.15475388242348
10,8.104595710859698,1,43676,1023,54.769802017160686,61.286021911948104,69.24199515306847,38.0511153706051,32464.31678272265,74.11106301148536
8,5.223246083677474,0,57399,742,43.61021094983573,16.458758836046442,67.15418257677855,34.67375450959558,48829.68220570406,84.18083054098642
7,6.48725718996833,0,47930,1146,45.9378912548333,20.99597471793442,64.81213321650164,35.362920689224914,35740.493944560076,73.84353123670431
6,8.64137062078176,0,55293,1074,78.48537210537444,24.90993927929272,76.66014786164322,31.792478890564222,43898.8110388176,79.71887097038126
2,4.008705772906355,0,64672,190,55.29449541135892,7.40940517002538,53.04079214239254,29.642953154933263,59857.083260571235,92.73806450683738
8,10.183056500677576,1,62913,1310,44.91350557906259,74.64603452936757,74.41544992570203,34.40797442024275,43392.57309745125,68.8803634141824
4,6.4620770077472045,1,42750,491,50.62287977100865,55.397606076734526,73.93786539103559,33.659618929789794,35373.45805449142,82.1416686174934
4,5.6952032823867045,1,78616,298,56.207118977747996,76.29177358789403,78.66496887733996,37.38002971183785,66721.52008613468,85.30004383671968
8,7.2519411957231,0,47592,1461,28.41134069006077,21.84360677087373,47.825775351926,33.18419459260373,34484.68766990129,72.44836586398054
5,6.664359289750861,1,41970,746,49.541274441790506,81.77775884598972,85.05032783456161,40.04489665141849,32489.21334775212,77.55433999083657
2,5.3763244722687045,0,59205,104,48.681977830399106,37.2764651427306,54.32154368186851,35.499056090999936,55643.7683728757,94.68908990397003
9,6.416230816323954,0,62730,1463,35.96522631121118,35.650113930183736,64.8796724899119,30.37031114916582,44175.21347573847,70.02968546344957
4,7.772564457769884,0,77878,340,18.267381039087457,21.296533983317186,45.23959046834542,30.90492800876476,68026.31892000473,87.53355645174322
9,9.739434211640747,0,58924,1726,65.95861700947708,41.923730680978736,81.15378245034863,34.417231402526376,39689.921815335016,67.36482666821453
5,8.688373501458173,0,57304,455,38.0814016337061,39.28795437075419,65.77706122764512,32.678524067285906,48282.24939485796,84.04731081387273
4,9.069842448955766,1,47515,978,68.69644300120923,79.76566819444488,93.97765453956708,37.321584304595945,36746.80788362071,76.07693193796119
9,7.879904849970847,0,58984,1731,30.797464233309967,17.200124426351437,45.34335245481324,28.063894740001995,41285.67790802188,70.64737754419141
9,6.3354418794714285,1,75974,1443,68.1442475001209,74.39573455275826,82.27271291417453,39.13053685936342,50518.348428241414,67.26970180834515
4,3.972848978135063,0,50864,448,42.818125817435785,36.872419437688635,62.15210074087972,30.599658379860838,45661.40743796517,90.15787787092142
4,5.648328717589725,0,42357,292,38.675395673420866,51.908936189126266,65.25032076713264,35.84101828790417,39084.57892827179,90.82424158520031
6,4.718352666359765,1,70306,426,62.91610314234964,62.293004141000594,94.45301700868023,34.83116938863485,55805.04017907613,78.71380443502464
7,7.6602959448137735,1,49401,1358,43.888201247558435,42.67283932063072,64.50192026042323,35.09903328299383,35817.46786518305,72.55203484695546
6,1.003123916183866,1,67501,283,71.53203561426544,52.514521157875606,82.90469173744393,38.69162054506721,56052.74117089359,83.59188290992729
8,5.316148704418391,1,77510,1015,79.91548845714848,53.20506289837174,80.44399355931988,42.25773160247951,55845.933822815896,71.9489184008223
9,7.2680613439636,1,53170,920,49.09763339591517,46.00502664909275,82.922307199277,31.89252962322726,38833.5214759318,73.59896954694213
5,6.913931622285606,0,53919,556,33.67382858117116,10.165679007086474,44.18233001733569,23.842757876989666,46507.822432850284,87.19820675653945
9,6.9353193228392644,1,44571,1055,68.6780209815707,64.54232989787864,87.1729884247937,39.600532624543725,30212.605365913932,67.85765189810517
9,6.896597165564972,0,62211,1355,66.5205804177301,30.28257540000083,74.2763036487643,29.206050970719826,43404.60962472451,70.29634843864432
10,3.1526390385200815,1,69845,1105,48.27358171420214,61.98547605266873,73.07403364705713,36.2998753888092,46369.846300159195,66.49474022773377
5,9.086502523961979,0,54346,1230,55.396585677513535,28.019883634219177,64.94925369436102,37.259869308004255,40342.662953630635,74.51986687515587
9,8.001641765449548,0,55817,1288,60.57040414150736,14.641075384576249,55.523038791072736,31.929203742890476,38742.4637578037,70.52341647080159
10,8.845773667969972,0,74320,1648,30.859410899060244,41.99474055199502,47.53758864190429,35.301679118757335,47482.867308249726,63.59592424398409
10,6.66911778631563,0,75841,1008,25.375921841469218,6.057939145723235,34.4231224035596,31.08525914725955,58547.07874945657,77.5659041482782
10,5.35248134820868,1,72959,441,65.43249293340246,48.51780773648746,69.87199004290552,35.72355340267269,57398.30180869205,79.44416555377408
4,8.028024476117212,0,43457,681,66.17785292473113,43.898141654236085,72.64990341710045,35.41556502502385,35560.31411001826,81.80356545239843
10,4.813058546237004,1,46723,542,41.168519894920976,58.230497781037535,90.43084556223457,34.29387586388754,36311.84996006411,77.58877717850022
5,3.7865840449153505,1,63451,390,71.2971622770834,65.17801887133433,85.4434103916905,42.936174714933195,50618.89848470215,79.38767646497742
10,1.9983474212300738,1,44618,636,55.17212035734604,70.86411267201782,79.0315864476154,36.00200621517775,33188.432227676785,74.65377043660959
9,4.243589417849595,1,65738,1015,65.84334413175556,47.61450478758406,81.10594059653198,36.79938538316332,47594.59448796828,72.71327831324203
2,5.655820671705336,0,55221,225,63.93610883871312,27.906399341096105,68.73919002420445,34.969223678575545,50973.95645258265,92.32261728594212
2,2.7632513334106132,0,65322,191,38.84267055126617,50.40163647379911,69.03506277630744,36.54411678955104,58771.10322448693,90.0073644953604
7,2.320264999975424,0,70613,620,17.013541751730322,13.652934357306687,37.117733211353446,27.487515282240707,60258.236483111126,85.96684395543598
3,4.724950994873968,1,79315,260,46.291038206417866,52.62257581398602,70.64416347436686,33.58073656726948,69722.84195925575,88.65781961363881
8,8.225611474851926,0,72556,789,35.93390275169139,12.547767414156315,32.71289048006258,28.726644769000153,58844.8890531596,79.94999628038786
8,5.342683585889496,0,79742,1006,55.7096270689553,30.203656642271298,58.264116120630064,33.339528062921154,57713.48930478145,72.38566939696915
6,6.601753656222239,0,66048,812,34.22552114163259,29.525068872544576,52.45406288596422,32.2898035481411,52400.04978178826,80.01319776750505
8,3.6483602644002096,0,72406,757,29.662776860950306,27.488436921089818,61.23362606128029,28.50554673634486,59116.73420401174,82.14144421200513
6,6.323073097370694,0,49859,863,37.941560877254645,27.009270332039506,38.65816522890787,26.061842072616475,41184.3468979377,83.14481168887808
6,7.184808597259504,0,68842,420,61.460359779120395,3.1226846684417993,50.02255735439274,31.390993886492176,60806.59869105951,88.93273448959728
3,3.1460040051954494,0,71770,221,30.26495515298294,24.491702531491814,43.60779812569307,28.293735708658,64219.38055843357,90.55509152696152
6,4.89574355517733,1,67851,945,64.02978296795075,63.016024936335555,87.23659754083754,38.02846778171328,51294.680639588536,74.97274548893989
2,5.192279765872077,0,59878,188,24.66971214861326,7.034163756798147,28.56740933155154,27.002464295556926,58680.113453340855,96.83319544243233
7,6.8107160274206695,0,77003,1036,83.65559355174291,5.865588392032983,73.30375560034162,36.02835920599581,57996.34860216927,75.20672043776658
8,4.675676736271342,0,73368,658,13.515093382185448,15.616634447838306,46.82189700070753,27.13389382307428,61020.75311318497,82.95651125504824
8,2.266366970986466,1,60394,703,63.66517944083996,65.23925445097385,92.68506695650308,34.866639041947224,44342.308755086386,73.95373224101708
2,4.800468493387651,0,52288,218,50.40256168626775,34.421594865214466,54.35733355212707,33.61442615469696,48017.28297073882,91.69325206340974
8,9.12882391100529,0,62199,901,30.828510135794662,4.721532535357408,35.860575323801605,28.47272423686559,50886.55187214349,80.92345304816382
8,8.89501898735786,1,52579,1804,47.95224599895397,58.064063434874846,72.71667884139858,34.781471714203,34425.73706809874,65.33605022566277
2,4.7621708051345335,0,75270,51,44.6621779601038,27.793158919063192,72.84242044199777,26.346226621308222,72826.7551448168,97.45870411417059
1,4.14703840323427,0,55561,70,42.884551786123225,27.20608658310753,49.38653929517665,29.42014019704793,55881.2089484158,100.0
7,3.855988163320971,0,52294,813,36.09737369991366,41.50699435544367,62.34308577926859,31.223012602808485,41386.52671247651,80.79103723237282
5,5.113201737965385,0,54210,372,41.424408618751485,10.228796651955157,37.8540087847591,34.620236535319734,47437.596113796135,87.28105479662379
5,6.381165035753616,1,53467,388,23.628462658392024,51.60354736894949,52.80314897539573,29.311228807213972,49137.39300319684,91.94284041491298
1,7.70941186313914,0,42250,81,58.34532078507591,16.933966986722126,61.51056624913879,32.60115962264642,41555.17716553201,97.24092007507235
3,9.706160333404872,0,51274,406,48.15788331506557,18.07178244590024,60.15607046666555,28.996687762710884,46161.83234913268,89.49283644520767
7,5.579077337335186,1,40185,820,76.8557348788265,35.50863430183746,83.46944067848139,34.73428434612715,32156.155942624915,78.63885982211568
7,9.856447804285798,0,78175,680,33.706610641254876,45.52180289190906,56.756674720611635,30.54565588014954,65127.21870139553,83.35035673425148
3,8.369643563371342,1,68722,490,47.73635074860137,81.08524019191333,79.28300231237479,34.36236384779759,59344.26846358107,85.66918749359135
4,5.451268506211542,1,65063,517,54.353128176605416,47.624937157132045,75.1169519794212,38.85744047850954,53729.73867847574,83.45020976216706
5,2.9184209016593106,1,42351,461,53.31237301715263,64.07445393114054,82.60655300845883,40.86664138514064,34174.052832193884,81.29886991469503
4,5.831407977526341,0,47026,317,58.444409122013994,23.1027754675566,54.61362420338795,35.36507191288302,42202.40556008891,90.20545139685203
3,9.49134779635136,0,58128,528,53.39618751700499,40.84187825460152,82.64298268822253,33.67517373297843,51836.75029020913,89.20884921447788
4,5.66054292580505,0,72805,332,39.626083595319294,37.770285692602755,60.717698123029564,35.38887681609953,62872.631960107516,87.61938119191541
6,9.885675237836416,1,67176,939,54.78108563158985,66.51695985058247,78.22475833685445,37.2613943781678,49525.17113352256,73.55356361837488
6,3.656173723084061,1,42637,565,59.422702393637294,78.22539214773869,79.8957360321947,39.24826093112829,34708.78328726458,81.34623203799771
7,10.06709449946868,1,49076,1730,75.8140345119042,60.893842429242326,90.81120073919271,37.62154664122993,30524.868732032843,62.35770969873687
3,4.993770384650325,0,79340,429,44.08444117159338,16.876827825549537,49.30725762870419,33.03232853136703,71801.98495494954,90.90909110828544
2,4.036258205880616,1,60386,230,54.14561106603892,38.88414432874674,74.83151652118914,35.722776883236754,54060.91357098804,89.59393161653423
4,4.929725610239377,1,76496,614,54.66164837687022,39.636780309405964,64.85184133567094,32.88291387615328,66253.18385899966,86.44011230416837
8,4.746969759862804,0,52595,611,43.19703709155488,24.992549479324307,43.16473606703165,34.54919377859635,43234.66436454278,82.77210613091665
9,2.606334603080946,0,54023,514,69.98360933743027,14.268407718443692,53.13667341205493,31.47215204112845,43827.67008294318,81.94609089814396
8,4.099681830138124,0,51226,778,55.916325741369555,29.4420612688035,60.238535639762105,34.18162997644035,40996.44128065864,78.83771135193398
4,1.0,1,52042,215,48.46694116517475,71.51387091755888,87.59714957705364,37.68829351524027,42940.474329688754,82.3484441390441
10,8.723945188914493,1,56840,1780,26.184165935962746,42.70331602198454,51.18823168108674,36.56954359043629,37802.66933727589,66.47123317821021
6,7.371994754429128,0,60987,879,80.62782771629136,39.57776167607113,91.41702561561073,34.70242941552032,49054.478938696666,80.81252694774075
4,4.7863256773685094,1,54320,610,44.70167983829532,42.18728004643056,81.76516639438725,32.747094228226764,44290.018863432124,82.01535174280956
6,4.341678355253185,1,55031,683,56.614234420701145,63.586117118901136,77.72249781011202,35.86394417587902,45165.45337946912,81.61554869532323
9,9.095595461173957,0,76751,1448,42.88793393456256,28.005795625002374,56.41052377389389,32.02647329719096,55068.60843636789,71.92814070180225
5,3.7806962665952506,1,71079,408,66.79663091032963,49.121373456812854,78.0520866877743,35.43332338990667,60447.6747995606,85.78726960722544
1,8.066605484763038,1,66908,182,62.26438176065881,73.39055681619111,98.11510752519192,38.96830620518325,60298.05591570743,91.59547929345776
4,8.954662005421893,1,72395,441,51.44848306351674,51.95810740254497,68.34016146851434,31.561428061941054,66502.61873536884,91.97922124849941
10,7.654708217401621,1,79377,1658,77.45746892119988,75.25371334240992,89.77578133027254,41.59757998462173,48301.69573819431,60.12513404523067
5,6.078769203810273,1,73279,736,43.99771122375241,74.76401661977656,84.1877665396606,35.44184808765323,57324.55552213269,78.39225557918506
3,7.549844551816626,0,52686,449,67.57044495685037,16.292789032172678,50.10527937353949,26.657661969232777,46264.396190955595,88.15518107166123
9,5.761766020506102,0,47556,1436,57.097318340692425,24.5830787956955,69.75749549496217,30.460637397017102,36335.274236394085,75.78252347606201
4,8.504729912683711,0,63370,906,67.01026845943922,29.436609237057425,82.4907284919395,37.320849201720456,49909.097109658025,78.4929663712405
4,4.633338988060769,1,44068,305,78.75095723078479,56.24216441574274,93.98079610630293,41.417098168764575,37278.71455743957,85.21329333275536
1,10.167289773904965,0,40196,197,50.13210983974501,38.16358886142848,45.3546805068365,40.50279514040183,36550.39183835139,90.24935349978189
10,7.859749343261015,0,46740,1120,67.60718537157757,11.045141586987762,45.61822127769655,31.104817785085018,34226.01631010113,73.36013541567785
9,5.756711648800564,1,40265,1182,48.87601502924588,42.90672953553419,75.62756733737356,30.393970153094536,29591.286353858766,74.3841758718103
4,8.661278215797823,0,57038,541,65.61154267737784,27.374973449340974,64.40683807739785,37.340517756981555,47391.10969110446,83.19166995233924
5,8.412956842643467,0,76893,626,40.27190103695605,2.0,52.480524676267464,27.10110882552862,67296.22576312641,88.41669480767268
3,5.375571966251345,1,55394,313,68.5574591724021,67.01878638653454,87.9500691837753,40.68845770429464,45208.39966630919,81.74457821835664
10,3.6841988994502763,0,60004,1061,59.12689799086376,11.88024270202347,50.83790382260644,34.89550818592116,46031.66353009461,76.55126360111066
10,3.2948297466593806,0,51158,886,53.30822583926702,17.984107649573666,59.30683367286272,27.927787316867803,40207.12395485519,78.65179598024633
2,4.547945449607505,1,72168,197,88.25114015837984,61.38900019851049,100.4992576853694,45.10289187897055,64601.21237553237,89.25237349127978
3,5.550058959568196,0,53877,469,54.92116093214009,43.802553986581295,56.43901941253189,34.62265109744867,46840.0653350386,86.6891459426435
9,5.736429120773859,0,46847,1420,13.049882380259309,48.859249509616276,49.61737918170525,32.78833787755869,32565.51914755631,70.0317855708673
3,11.173786547306268,1,56235,554,32.13352224781066,58.678993607810256,72.23918523910345,39.75453022723434,45447.120719055645,80.4470262977381
4,6.067126102039892,0,78586,278,34.14396245474844,38.38142362969043,49.73354366109063,37.63426941056118,69728.71274981994,88.85988419112101
9,6.409756843097245,1,46030,343,36.864512071613206,50.680586950324624,55.62735440453093,31.422855070309712,36813.856643830484,80.19284877893284
3,4.846659896177958,0,71166,290,19.877382702304747,10.825968588254941,37.587610502921535,29.390252704358446,66633.96216473916,92.57807024727043
9,9.270433968994308,1,54724,1681,56.038021551854385,80.49284984743014,77.90579049690145,38.054783209931,34249.313306583,62.73088378528215
7,3.0379114949523935,1,59472,386,59.35987783593314,56.3221260837757,87.11142753292067,34.832521116027024,47380.15599434028,78.21550451126781
2,6.686224847909883,1,52091,351,59.16571394648687,71.71225862871196,80.75045904783785,39.287270968642964,43843.64207587952,83.89385026999705
1,5.948428717127915,1,53277,89,74.35245432511725,60.81835056254682,75.97571036290474,40.11291088982043,47325.22497789365,88.61345361454198
2,5.887063738475536,0,46956,335,45.391905089132585,24.382999421999056,50.158097064741895,34.184157299885406,41774.927374826766,88.4562063632888
6,6.235667534593961,0,65512,1022,39.61187153112356,14.457335078095591,48.863054348300096,36.11309667645913,49848.687249708564,75.56199541841306
10,4.906928232197928,1,64780,1332,41.5786330612356,70.8072155934016,85.53239128723368,33.52856683460729,46594.717934521665,72.35096158669113
5,3.799725573974837,0,60028,358,43.41345843762555,2.0,41.112278251835136,30.639713034114802,53281.165077336635,88.38267403548693
2,8.417282634757374,0,45075,435,41.38515140307365,41.50862697276157,53.39428264323516,31.6463510724059,39930.8510534825,88.90412475583064
1,9.120015452794195,1,43829,149,55.40061227068897,66.662068257689,60.49343878885705,34.97617062681593,37194.50399478454,86.31563258325531
2,7.606636853534118,0,43483,268,37.25921777493091,41.43101571953865,62.53681471758025,36.110551869256604,38435.5683084277,89.57152659980463
5,8.901627231388781,0,76856,774,29.384501211099685,11.170166328059473,35.281997840264424,28.583538695106082,65951.17668879814,86.0498250181773
5,6.531127162330545,0,43899,379,54.488036676671754,22.84670618440056,54.05114223330154,34.79064841854997,37692.36996764631,85.80771905673784
4,1.2017198330386103,0,68192,224,39.911113021569186,32.68600097530859,63.75063045622443,34.42596856593812,59674.38027036956,87.47853926893401
7,3.9249680809044603,1,42442,892,48.235751227273354,68.53453748878589,79.26946958480994,39.150063518468855,32160.41582467028,75.38705716314578
3,7.216912030754016,1,76438,514,48.15722665645451,45.424629648089265,61.64434043609867,33.594366526847494,66595.30484007577,86.75410802010906
3,1.0319045685300097,0,57835,116,15.547658809735282,2.0,29.986884612190735,25.071946957596765,53192.29239989483,91.5342471192847
10,6.4482088029568345,0,74871,1024,31.89839729019961,35.57836365240758,59.65969204838869,31.54446329982749,55245.16015185954,72.7764452740304
6,6.877790987675439,0,47125,667,53.74539826693315,36.148001105502075,68.95818263639072,37.17612177604149,39249.4832112845,84.07375960363372
6,6.795410581622888,0,64930,1128,46.9191361306934,46.35937438804555,65.43762735475264,36.170990033375965,48220.26365133479,74.18733035227177
6,3.80104879460404,0,78322,726,56.41755406781358,37.33582639266488,77.53729235983562,30.637520426327242,67221.83489608567,86.30903304223072
2,5.363292218887519,0,78248,215,67.2506123681637,16.257134175135047,59.50230841726559,31.262798874924503,73855.48763747612,94.67369623524519
6,5.404723695302563,1,48106,577,27.73249917607309,71.47904981098709,71.88032649943808,33.891622433284915,37958.33833417554,79.32004676406642
8,6.651647175729685,0,56834,658,36.64585431237548,2.0,39.5755344154452,25.756365209051452,47120.880415433116,83.15517485035659
1,5.558262572105663,0,43632,105,42.49661508320079,44.58670056419045,66.12826380398593,36.420727229322516,41189.2420653486,93.52057389257209
4,2.3393842010693042,0,46720,232,51.16695030727797,2.0,25.197174011029894,33.49565200268125,43373.64317680319,91.40583923808383
3,11.296850050863544,0,54315,739,46.57955755478619,15.775235812154467,63.12872391387542,29.524723283834113,47641.99234356926,88.76236576398419
6,6.847132720294958,0,57563,413,52.99910247540008,6.110170679607641,41.14940494145521,31.00495748751635,50140.67236399229,87.89762490961162
10,5.631287468134019,0,55836,1159,37.37159096630031,23.687637815788662,49.02214527442771,29.583099104559654,40802.824601516615,73.35837799972927
4,4.975550087081697,1,63380,632,47.17542516667075,66.14225079736804,76.8038783105938,34.03418214985911,51652.213793614974,81.25802644369205
1,7.7871809857653895,0,60713,143,64.74502896742592,2.0,60.5776165664715,30.996209714925282,61220.097123062595,100.0
7,6.596560111017005,0,64390,812,66.09693157986644,31.49867234997827,70.76833872480599,33.83140475200086,51246.534428459934,79.25698606813792
4,7.0777959371363295,0,60582,266,64.07788327064691,3.2120713703363677,52.423963690900536,32.552091686987055,52744.51510095284,87.14654834401843
7,2.8687026993700444,1,58677,696,86.87757375215664,51.04479564692349,93.13789066057707,41.918999478506066,45025.970972041876,76.94124413927925
2,1.6056337696405896,0,78495,105,37.51968085588958,42.04198941937817,61.597069143795686,33.48937203824759,73343.24709279982,93.68408229778875
3,9.04553171471365,1,47696,365,73.25947867311206,56.46507977680901,83.97771973481632,35.07138260633048,40900.372920619964,84.75158126550684
4,6.60708511542914,1,45502,642,55.23573414215613,63.018656129024436,76.66618743276229,38.012771064824236,36453.606794113686,80.04153613289985
9,6.751074840942128,0,78328,1143,42.51981395336942,29.914938492223225,47.89875366993503,32.93075202102604,55940.44249879165,70.3297104727044
6,8.680450381740549,0,57213,526,88.56869806529264,45.91226413583696,81.83308153060489,40.44478752728105,46858.782886703906,82.40065065045496
7,5.285395042236579,0,66627,882,19.18403679729639,30.845893521868142,42.329728024912534,30.541748345341095,55164.80363026662,82.06603050230324
8,7.23128418890829,0,71215,1384,47.56461753441519,32.782634282606665,58.33221107197808,33.696408894791794,49284.614703816216,68.75798740803958
7,2.1948831597872758,1,74030,376,62.4387067263873,54.92432355116541,79.2723410140908,32.20350422851889,63418.62150799652,84.46439929583448
9,5.925041371896241,1,55189,1654,72.67350545862385,36.96462466608538,70.86569973676748,36.23632354016792,37521.630358713024,67.8693323118997
3,5.956226147214534,0,53040,246,59.96797554924159,10.713215993684312,56.42634219013037,29.380458784994868,48069.32964555263,90.85385120645881
7,8.29251946521314,0,47345,1642,29.34645512797706,21.833957803705452,37.75307815519333,28.16017217125771,34385.6145457875,72.22135199796479
3,5.143771075844699,0,71096,295,53.017825268718525,44.28511882967324,72.714625763076,35.37606365656861,66495.50272484252,92.9764213358841
6,10.660905384538324,0,68976,1657,47.468123696103056,18.489976072913834,61.281673786523804,35.68017546309302,49083.02356660837,71.09770780850444
4,1.0,1,48333,174,86.5099602567009,33.2189266390398,69.98920660037696,42.03423962885806,43547.876160389664,90.11830965286582
10,8.479103237297444,0,61015,1417,57.90892310718722,46.187617149466504,78.7435304222758,33.13933459169661,41273.485198952934,67.71748846611544
1,2.2673835611709623,1,66495,49,67.09946693598042,68.13377096107858,93.22219332039943,37.45191915149794,61504.620919352084,92.09395686312546
6,8.298624940589502,1,51901,765,54.25914656649477,59.3406857025929,72.41129350388142,37.65005231523364,42294.27662085352,80.87152973941228
1,7.879028635128592,0,55753,83,54.96689618438935,5.289739978299664,31.60551572355503,33.28342771787531,54623.666983708805,98.54562035285791
4,4.693414549885155,0,47540,336,34.104530787386985,3.981519276624745,53.20828249919556,30.64344756379267,42519.94574152376,89.23933259957357
7,5.293753314812274,0,43260,1071,47.76273434839483,14.638029536615733,50.907243043339854,32.37824529037681,34471.43096336713,79.8356202492576
3,5.566816482995224,0,73134,269,68.43116925174203,34.1649722033786,73.06418867711355,39.74841120187203,64507.68872209194,87.56227379235995
4,7.864246141984802,0,60058,782,28.95781606937268,28.673896202538682,43.836315268683165,32.36172971192868,51497.851184630345,86.2571226664857
7,4.998085908582416,0,59498,724,27.84432711459157,29.077053774010835,58.91321848057025,32.482504399651944,47775.7675109237,80.51222186930234
8,6.8868283356791435,0,58659,1092,34.011006477271835,41.800627896889516,70.61257108032395,30.36929943986381,46106.86042605234,79.09739709904304
7,6.338240729612186,0,79788,905,47.18660398015717,36.6294717127179,62.126842944388784,30.862359089673124,62377.854075508134,78.61500482008202
1,7.587498269778147,0,76490,109,35.778592566059594,44.44532195970699,56.67674700965166,33.56446538542846,75228.87541474555,97.86690772896974
4,6.577819481410727,1,65970,664,65.32859270517305,73.50918847512636,89.78273442707254,39.549104537628196,52906.25769999942,79.39901240657767
8,7.149204478729224,0,55664,938,53.05840273066177,24.409372148128412,51.79981126988284,31.711348638831932,44501.640518387794,80.661930638581
9,7.7858227812586005,0,62086,1018,44.74707824094747,32.82545446757875,44.774078249419226,31.382173853430324,46378.244288832495,74.91641870048846
3,7.72153670806774,1,79691,588,55.3749297267602,69.4435269959603,84.43356349117325,39.93534956584245,66573.03609609272,83.56774057886848
4,7.651369360732479,1,63837,479,45.501334567286186,75.50199619335226,75.67011378280999,39.77106700679955,53157.14368128096,82.54227682726241
9,5.794615864647743,1,46222,706,62.22295080648093,53.671499849602746,62.026466540043835,37.58498847953005,33085.15408682751,70.63910831517939
2,5.972214142324816,0,61760,205,34.665416395415825,11.226758279072616,41.83589798748955,27.404209749459813,55834.68055910411,90.6114728042287
10,4.5488488992553435,0,78491,1224,46.4294245116404,50.80173099031562,63.162319213706574,32.486340369305815,57217.238267214765,73.48121992669665
4,7.533659276193097,1,48264,488,56.2546851858401,69.40471123503835,74.86948467263026,34.698294146044496,39480.51023058708,82.09596957647014
7,4.116300361278024,0,58310,729,29.83003490383512,8.19810940347952,49.70319974413116,28.843795292852455,48605.66165900473,83.13217063802682
5,5.671120424387355,1,65557,698,44.222738379834006,36.449503875665016,44.726714569848234,34.28323199258772,54000.46512490974,81.8219490236261
4,5.967369228820723,1,64819,618,100.0,54.9359204755123,87.51037424149955,43.60663592566099,50453.608071292845,76.91173028656331
4,7.420064370016547,0,40707,798,65.56243834929643,32.36282597335078,63.20177632051583,35.33933297207686,35370.27916080467,87.82352475855363
1,7.2453278453390375,0,79152,183,54.85456628334641,11.441827532007744,47.232052312865086,33.3503911347232,77044.32562043889,96.42450508032907
10,7.712349297784104,0,59419,1541,38.79394655691495,35.21728261064005,39.76252476279055,29.82472558085587,41393.595044425725,70.61654918123578
8,6.629656800834237,0,59096,816,53.058295816427204,26.624211462716314,55.164736911487054,34.5841581026224,43705.40901139955,75.2655578483562
10,3.211600036384551,0,48127,807,58.12720809642489,13.56876187041289,56.59346411870574,33.14606528027147,38576.80512210752,80.41143062399246
6,5.120481144739899,0,48315,438,48.81355875325451,12.535780831776092,56.81405054645199,29.488993232935144,43191.01077888874,89.45742826009828
10,6.550556702786045,0,44164,1073,32.26575846279877,30.62088520590777,48.39932665055599,31.799744577761324,33155.047578791884,75.87740339703393
1,6.96819408779617,1,43434,164,54.61317370374789,46.401609083590394,69.41764050541984,32.81681166195401,40868.37282822653,94.11726510278005
4,4.534568008903435,0,76233,432,53.09811627951521,14.478120914247322,66.89116503347996,36.8978301153069,69230.75143431363,89.08148820765344
6,4.849323541051672,1,49925,541,47.237273298789255,61.64834812309412,79.23332483470348,37.94489495687916,37968.23731496372,75.73394586463705
5,5.944532470179127,1,54967,638,73.0578992425262,55.048399102258074,92.93226614161014,39.08664859435579,43888.19401435579,81.34697921881751
1,3.631217696985383,0,47170,65,18.285583007178555,2.0,35.5542139394326,25.232073526773526,45350.32824737396,95.74919664522167
2,5.793873193959313,1,77359,304,35.75118899237274,71.41570688490341,74.23246810709873,39.67602528146056,66303.43346235299,85.04895846315074
5,8.597961952585191,0,72411,736,56.08952242134344,28.120506277303804,62.215629052400146,34.26313898524026,61895.3588771835,84.7728943097084
9,3.499918463301045,0,43614,1209,34.9531009719154,43.49691025011783,50.81470243494588,35.201886648011815,31684.7002315436,72.67224163202124
7,3.2232591773676296,0,76647,396,38.9777265851895,20.359134909450358,43.73884016642362,30.105188327272025,67151.47503943022,87.78806220997578
3,8.391408760443017,0,44998,332,16.52181513384714,19.026403958875907,20.641857620561353,30.724248965107368,40789.88928122664,90.2753936354498
9,5.833702958502417,1,48495,917,63.03768411551912,30.2252857104286,74.51504657701234,32.756559298732356,35900.68196232315,74.10125955990934
9,9.6065976408597,0,74238,1519,54.27579784493953,6.086149344224289,49.173218144238966,33.27306102780365,52814.19528468594,70.74081956555028
3,3.262149093379331,1,54737,253,89.56663815429559,65.37044735078317,102.42283439824904,42.71812605528088,45832.217204947556,84.65502336352432
10,8.325733101057047,1,60900,1430,31.23989851030585,37.75383273117053,60.700486902345794,30.82889937459501,41503.13223746184,67.54711649127103
3,6.7682759240063755,1,46113,516,48.56999304551768,43.94940687822675,58.64575986679152,35.204742962692876,40313.93838397327,87.21203263434703
6,3.5922527065834715,0,66074,625,74.71388876682376,34.746957168106015,82.24110987793864,38.183143941889576,52107.50657165448,78.61767554951372
4,6.955097490745944,0,60445,323,46.932313858738894,25.22636480099928,55.446341210359,29.877519379385724,59065.8459501085,96.93509682658824
8,10.89724308328482,0,49238,1376,47.18292115928669,34.283028560852756,66.87796838671647,32.36269694672763,36785.744161164395,73.73872190645235
1,8.04767525973552,0,65725,80,54.803415953069134,27.203660461368884,57.78653330498929,33.6421415318151,60481.68006889187,91.78923812478745
1,6.657371228320066,0,73594,193,39.4289623255056,31.554130862498255,57.47319540821877,31.875002865902058,72335.2137659586,96.42160399149199
10,5.424502421477677,0,62146,899,45.659696436960026,33.0395519788574,57.17578405387947,29.961870118017046,48505.22496636231,77.17833142464576
2,3.3524445510217213,0,54726,194,43.593329413140665,30.513785502611142,61.767426693038814,30.597938105201695,48860.05392232995,90.18091571812973
9,3.309715028607979,0,40151,674,66.30886198004505,28.341563344870725,69.95857828290745,31.609780428919045,31322.492677955917,78.02115280617808
7,5.3556580409666585,1,51590,687,54.904733849174434,53.14635900541434,85.42121266698139,35.96674585066644,40684.90010009467,78.20980360874943
7,8.126594578389545,0,68780,517,50.44107508003908,19.66444882974108,52.9925116377367,31.853186161988283,58746.90741022439,85.58624737047377
8,5.831293216239052,0,52505,864,47.019786799841924,37.69248962272846,68.71387748504084,33.52016688007271,41550.97922379068,79.84852938039693
1,9.774455732101455,0,49618,152,39.719872363506894,35.35706295671355,70.33853350349447,31.457349633925013,47890.2900244171,97.22458827127345
1,4.144733936611357,1,79943,107,45.75948137181372,60.921412710277615,75.20970574149652,34.27583643585,75042.5206076804,93.56035247888809
1,3.858736547997713,0,42283,126,48.576788033081904,10.783910696125812,33.422655190892726,25.407066313819612,40580.28772349503,96.88480623179561
1,6.343507852304516,1,64385,179,60.73088684569082,57.90832187166957,79.29673206474469,40.9345931906539,56934.18842564066,89.61777417800657
10,6.033207433486628,1,65601,2116,62.853071519116526,56.737118130276855,82.42068356813508,34.89468041655506,36027.689528260664,55.2125217418517
5,9.532730984203857,0,55161,369,62.65590505604182,7.956695098204552,54.96194687238107,30.00895239516139,49091.34545545545,88.99988314858547
2,7.624252674604316,1,43882,453,53.14117448307398,59.366647306391194,84.34631280176102,33.614895177091405,37013.25526767298,84.843204383394
4,6.312081558664731,0,56611,571,51.252116883638884,2.0,45.31472646173973,29.42337198331354,47862.431359228016,84.69812778797478
2,4.54871138641122,0,60455,241,49.31653661254499,18.301924967156886,55.15891988276333,30.12933046074307,57827.33448310636,96.14569089269771
10,7.715791205118716,1,63901,1319,45.017371282182125,29.538705914347204,52.742147843942675,33.59885197982568,45459.516203261555,70.35342012928297
8,11.482998576557307,0,68756,1440,70.09622478928816,27.55755474246248,58.85696163476007,37.439863500272864,48338.06475020868,69.59535688303603
1,6.448213914088703,0,46638,151,61.19950311433027,15.701141491814518,50.38815117610436,32.45843659727279,44412.98558692944,94.46417762630765
4,3.486187133036603,1,67429,397,46.05941732002949,42.34094877727856,55.31421716179386,34.01322659022821,61121.94555343241,90.64543254462431
7,2.8032510940673445,1,63453,400,57.58491152678734,65.80402014490352,95.04559743715551,37.27550566399882,54048.2301054567,83.61893423255917
5,5.459654255574006,0,49797,447,25.988115308326133,38.32117877605293,50.451490581085565,31.13939318359727,43623.199445930964,88.24889778893223
3,6.689455822435325,0,51336,289,44.431729562857875,3.530769746924161,29.533714462755526,31.207217746801255,49315.96172464483,96.51682357172056
5,4.6866408705797244,0,47187,436,42.32189827063644,27.25267264038309,76.99312007361846,32.403673327460915,39244.8610447165,83.33341714083515
5,5.242854251645053,0,70018,362,57.077344862763006,11.896376500463264,62.35597066074942,32.178769947092924,60111.19528045478,86.87859223123138
8,5.185885116998536,0,75975,659,25.30754811617717,5.992904463086926,24.191597464819452,27.94643585275586,64802.87533363255,84.44245557833345
6,9.04063067929102,0,77963,1232,29.71960656869995,15.158291677829421,33.36082128239694,31.169575944032566,58136.29630983961,73.96200413185935
5,3.4623406361933475,0,61699,531,29.532862425783442,12.09424289177096,44.49447234998182,30.8622872101573,52178.62464956816,85.6731431735679
7,5.173085562878944,1,48345,689,38.94261431492648,74.56605442967597,81.15801673037073,40.461367181050456,35946.92403226719,74.20362793964081
9,8.577966699998218,0,75743,1041,37.3623729251205,31.820924257073425,58.96331844577331,30.717011808046518,57851.979496385706,76.64387320106778
1,9.529409931320593,1,66986,91,64.47755592570398,37.736847750480436,70.70258964287365,33.576857034371706,63461.4139199795,94.87851520719373
5,4.958610879062828,0,53701,517,57.49748732569898,26.1406503707327,70.57254510084417,36.07478805276341,45384.85479164488,84.48256582728142
8,5.857161064126151,0,71699,423,34.37616338506834,29.913990961331884,68.83700781545325,29.036414756270528,60200.31034399013,85.21629919515605
3,10.317685333520293,1,42766,589,60.31872443431293,31.463733467624536,63.10839170209884,35.15486538000596,36401.983083831976,85.19921736936081
9,9.070058426335283,0,51670,1402,46.46516690325245,9.14241828816489,66.0513818388194,30.158630924087493,37707.77155455944,72.07943369471975
2,4.51779166149428,0,61224,152,28.244896135405572,47.18547809790401,53.57310123939878,32.95705880662053,55983.50020993035,91.74197872363305
1,4.173085005432025,0,59007,55,62.38105844564532,7.4549362481646355,42.37134105890693,34.45454324439705,55683.08214651187,93.868047071712
8,6.560841735938281,1,50188,770,37.09427810035348,39.88940146398515,57.30471130828103,32.52392324096155,37340.28673797787,74.31701179405957
8,4.3067605478084126,0,45478,1020,65.36609774607972,11.347208145626151,60.7703950671403,30.7434671340497,35447.19159358255,78.4441765713863
3,5.381896008011451,1,48156,409,37.19578545611933,62.073720662001385,80.84171553970566,33.38034809415836,40290.41942974075,83.95115424819961
10,7.059616129270358,1,54200,1378,67.42006829524044,67.72772403660687,86.96066095471473,40.707026327475276,35540.670579145524,65.31374355231573
7,2.7056766450122613,0,53617,574,30.8320725827057,6.1668856481623315,41.993774661289116,28.339724183020863,45164.11373906373,84.16936244297398
1,6.854163885585714,0,56705,141,43.26146791896937,32.45091716141672,79.06835612416467,31.934905700836065,53156.82454138069,93.82081683732969
7,7.321775590001719,0,51598,1138,42.54437676401422,7.521634544764446,44.55189135279056,29.52826933177051,39284.403116749316,75.69477632922712
4,5.8024316791778885,0,71587,286,38.558608961055704,24.183591121597715,52.96234930475261,29.312613679597852,63259.01677024617,88.46454649387654
10,8.111146294592732,0,76124,1498,56.112805891232036,32.767166047924015,60.05280535540568,30.965009893417186,52849.295235582875,70.03259825995116
3,4.913594468873729,1,66258,297,65.20085294797956,41.48649173262518,70.69363207102299,36.80887127604657,56464.26622181825,84.97247235927595
1,5.661405655351828,0,43164,130,66.6833313701016,2.0,65.9824298218761,34.509479431269,39182.63212471815,90.62117475284678
9,2.37543770141425,0,75592,525,33.87669837200647,4.815932055093192,42.29756336078739,29.229104311680203,65935.99525611663,87.00072041563261
3,1.0,0,67874,114,16.461416850280415,29.00748044032049,41.65794826308771,29.143951826662914,65335.9786949539,96.3221695398471
4,3.866690778872945,0,62520,395,61.713333602830694,10.882282846716592,41.10101536291094,33.298705276808406,53692.339916755715,85.36165010353523
7,6.063808227783182,0,72529,1025,45.212159744784024,44.15795963708436,51.4832063480765,38.372009317111754,55595.937423594885,76.82027980491513
4,6.212008620008246,0,62413,383,45.049781810355086,33.17109163354128,57.02490060721735,29.27679348254019,56621.96666122651,91.67177184003572
4,5.5527847784519,0,62860,527,62.55716125336929,44.89923240461866,56.4915685141917,39.12567500785527,52920.7972111454,84.43892845628869
5,5.560234164784344,0,58246,546,49.38135960262102,40.613499646314274,78.84226633334166,36.270905713814194,49441.2234168723,84.04901854037531
2,5.937933789291192,0,61714,179,32.011508426898345,13.778647062404573,50.64356385972146,30.15523801862583,58490.6259958234,94.61011834181602
6,6.274406570295364,0,59189,789,57.399728176395826,29.38890194789665,75.28999879074642,31.852942295394953,47058.78883897876,79.90579505600881
9,4.511265080496782,1,79639,740,73.63824413201294,52.43507485839919,91.7897912846778,38.109343118619286,59417.89432220492,74.18402356905162
10,2.70946258689808,0,72741,521,27.2569444787906,37.98476661312765,63.24021533040866,34.09913769109013,57378.87543061193,79.06820774077012
8,7.525868789311294,0,69507,1631,45.346065867645585,29.385141445832353,53.87852843091959,33.38332833504616,45948.051516142186,66.39218960551736
6,3.258391428973365,0,70763,559,30.052580121253477,11.310860972954714,27.29158885796548,29.434312149438732,57558.09427911118,82.43202323867705
3,9.39184032404832,0,74085,343,67.89312073974651,21.563717157358333,65.13895824283098,32.997796357449616,65270.18745461945,89.73917424565674
9,3.8374333778008602,0,53201,1029,70.51450649878763,38.95300337223683,60.11374149884309,36.45459222812283,39758.49981535065,75.04487015747792
1,5.366872762929264,1,65328,122,70.24491631737473,16.514879976475008,68.53586194419587,34.93102589420299,58886.55675143176,90.38409058934766
8,8.164484302502888,0,65058,1301,52.484511674489,35.47520684362102,66.53593170676079,36.31998221850258,46121.53828253383,71.90990839665213
9,5.114570936182728,1,68751,1031,62.03019100965482,75.72760046719131,89.11368480315308,42.144433869361954,50063.012304885575,72.3777512538711
5,3.5360079112631513,0,69034,286,28.81304339958507,21.760512962153552,52.271051130482675,27.930946455524513,64168.65166096337,92.56294680239228
6,5.708035622787186,0,54950,409,51.759712406256256,49.26826458986952,64.2524455728624,34.03840873296201,45322.80623590727,81.76780887503209
9,8.095452831589283,1,58366,1292,75.29708949769318,62.37235500642551,84.41493251901457,36.34364601962337,38997.05442655294,67.4636996645091
10,6.080800496601496,0,55416,712,55.84469997916144,16.179391552543287,51.50736523289722,33.267708535528335,44254.87593119194,79.80369456143487
1,5.720589957620563,0,63873,101,53.09556266987444,48.548127504883894,55.97423176787705,33.15652740404347,61853.45783800323,96.02092745163851
6,5.852377320387859,0,43270,348,44.47893085645312,47.436247595049096,80.04666159906344,32.081507024987246,37269.81214340962,86.91614446076292
5,8.845813449595223,1,68178,650,39.12603442500985,67.64909941094488,82.22533358900613,39.88723506928366,53312.27102298343,78.22080538829329
3,3.335061993718785,0,55979,258,49.08603512447238,33.550277315056675,45.15693544499201,37.17288157726334,49593.58932440479,88.07649320913664
9,6.723573383807453,1,75422,1069,100.0,51.344117867232164,83.68999900950907,41.214053774398046,52671.94580395048,69.94108170509904
2,11.32425505536302,1,54858,401,41.6420791239486,50.37275342705517,70.5330806767578,31.833736018604323,49615.15778986773,89.49034000404654
4,6.125365503544775,1,44708,496,44.45806495156836,45.33885976619024,66.93129552916454,33.43217907740254,38319.00033073469,85.34430279826059
5,7.907431404191459,0,44259,813,27.89697269265925,45.45937045309519,59.97731596573696,31.35988212424558,36125.030545074726,81.7481353997918
3,4.562843261965105,0,73194,334,41.88532339223367,18.43261471625025,60.93909550760567,30.411999219983898,69998.68290638042,96.26502976909278
7,4.949741343898912,0,40245,882,68.00762657036039,42.744543589382225,73.95470475976549,30.988548968600075,33112.876899378265,82.14167362494037
7,6.279750681289351,0,71707,761,48.48173471406057,28.827020961640454,57.48280125286265,32.11637888334928,56445.75599136401,79.51057840670094
1,5.929105178442133,0,43260,145,67.30072893659661,50.611787004968384,76.36068893411047,37.81585680567546,40706.41703469762,94.22755632868926
2,3.9987772884932804,1,55195,189,55.64742464745663,82.5988487646752,89.2638071904617,39.576535319320094,47667.20479380473,86.52141281250776
4,7.885558177594596,1,67041,603,54.27338220280851,55.82652986764463,73.30878501386927,32.835086141877426,56853.545605224506,85.48242911469255
9,5.092767957162127,1,44468,982,85.92990973377637,45.094712391276104,95.28523747217064,37.63533548045729,31978.37036507547,71.10696370023689
5,7.685625608776996,0,73852,629,66.37289428367166,24.12833028476556,56.02483864723219,35.493305968739435,61914.165535562504,83.1256165174968
5,5.926296697132927,0,71428,680,29.6822485245563,27.82342291050024,46.64531173115979,28.06052187691482,61361.36122453418,85.63913540307624
7,9.13739366073219,0,66916,590,60.2787848978242,17.132683005645447,66.4051475882908,32.536822086179605,54023.401265931854,82.02852636234519
8,5.7734881196140435,1,48416,642,49.117730621617284,74.66598229930347,90.18679945573949,37.633428054747746,36496.98247143796,75.98096149737238
2,4.268915926476182,0,62430,101,29.357021534547247,26.506952530695685,65.13510418866281,26.77775440257276,58117.847122591214,93.11341809265858
7,8.608484342052712,0,43961,1235,52.50373477943042,11.40493052560408,49.50701210533366,33.5171511921213,34162.688562477946,77.55074623900838
9,3.09056935740253,1,65607,635,39.8537744131621,55.70525040053443,61.11370430862235,29.30115470415059,50648.617873746276,76.86394530370718
9,5.314331862633626,0,71961,1133,52.79535253545828,2.0,43.10130763579268,31.83191405051938,53162.348954143745,75.13736021641373
4,5.46947154342909,1,63885,694,74.32467945397707,66.80270633695577,95.8705915875689,34.728834331263954,52708.80249330517,82.11278671172482
8,8.389032152022681,0,66126,1418,37.0256303833319,2.0,40.652980632823756,28.284802954609052,47575.44301475693,71.6116006260682
9,7.120786537906101,0,47864,452,59.92339356068671,32.66188608946721,60.211129312836825,35.71373453285424,40035.247347713295,83.16113201705494
2,6.505903355307549,0,60499,175,30.479774650259184,28.275026388738763,38.42589506953407,29.75838260837676,56334.860574005725,92.78689326058323
9,9.657980623218872,0,55371,1866,51.37855770671715,22.098373584766083,67.33411462697423,31.87802874110212,37356.67974041094,67.89830837032689
10,6.365801745680791,1,44891,1216,61.7779634408238,42.42339122002024,89.04475016485873,34.353606936001285,32079.750141030643,71.25639424375822
9,3.194925813624822,0,49727,961,49.89071704902674,4.014085800419622,33.7817032534595,26.701697193890187,39401.83644132137,80.18758931937215
9,3.593001613903479,1,71598,1238,56.61469712799337,91.90141980517397,100.82753578254216,38.11583573133251,46981.878490593896,65.61352949923017
3,2.9583354807625017,1,45646,183,69.08690791860712,37.256964307647124,70.9871675118932,35.16452719748874,40056.932281159934,87.88681661087419
5,5.9940482097382,1,61265,1013,64.10705695876982,45.937226514450806,72.77154690899262,39.51211118617782,44125.272187243565,73.13747051152558
9,5.885016121938186,1,69696,1030,44.60311458512239,61.21864079123769,70.55386189613253,36.808816305578226,49653.551003145534,70.993328124919
1,6.807852268133001,0,44946,128,58.340966806988355,32.02509159133704,54.51548414158019,34.21304727888732,41501.32560051848,92.7353737216417
3,6.546420370794622,1,48643,470,80.74519870983715,73.18214003829146,97.71471137321139,41.29994659886673,43137.92787401978,88.84273863317352
3,6.440112907881135,0,77478,770,31.020943213297585,40.099317430864005,59.537504479441985,32.291935305234176,67158.78119722389,87.08873614214801
4,9.75478300551756,0,70800,648,11.155621186753294,33.11015059746507,42.62386088862675,31.85896031029545,61145.11156752651,86.18952686430669
2,6.757064150767231,1,63982,388,69.18684784330088,72.92988881906862,97.90809384058113,39.116877387941734,55663.530929771,86.72126146027938
2,4.204632973962605,1,59628,254,74.95214787224279,51.285337166460984,93.09481100984007,40.40219297480936,52832.414005975945,87.6971250046059
10,4.99082111054902,0,46368,1124,31.256192281175867,51.10153490694596,65.06387149251769,33.262427719354534,32405.06093523567,71.01491651987115
5,4.969205297673786,1,40577,614,87.25663529396554,70.1149762902829,104.05863142653439,37.46556412603306,32100.11743125441,79.39437752036166
9,5.869062465625014,1,42002,805,48.45967078826256,65.76259283647369,86.92659725553034,33.34346341249494,32844.614024581555,78.27985172465925
1,2.8261714819103756,0,46354,70,67.36697768791086,24.156226367294554,58.69158370718867,32.94502643369166,44633.08968693364,96.20281229133657
1,8.379561643262974,1,48099,90,74.9780477390833,54.2194965449077,80.06887271633336,40.330390397042144,44252.76515902926,90.37690075506815
10,3.2939596636823154,0,52034,1044,66.35114236372866,21.064921088754147,62.3261747182832,29.36948863996124,37648.198815853626,72.79536844513562
10,7.101703765956433,0,55951,920,46.47843543735089,29.00673632418143,57.10096065371307,28.935008614957482,40108.75903750935,71.62548603185893
1,7.9313434155500655,0,71631,141,71.55499305654091,32.56980033193128,67.70796758108246,36.790951697213515,67756.38982008574,94.55576458206772
3,7.558334964631803,0,66307,225,37.9281692792504,54.67145174166029,62.126224909726325,37.20863504643182,58980.11941830401,88.24279063134344
5,6.445219679045421,0,58794,466,60.45725922899902,23.384948698795775,53.46227389056412,31.43359082589739,50697.72638479344,85.69994169317842
7,6.166440463539633,0,40230,437,58.068095469847066,31.173591771142384,51.216235682327834,35.9519616527818,32682.268447907023,82.3560901197533
9,9.63814820652252,0,78607,1427,47.403804970027615,25.15191069488868,57.969709660953974,27.532023580085724,58291.76066012329,73.1947175065072
1,7.733511991096986,0,66854,107,51.7327806260374,44.4493400278495,71.72311449532693,35.712034054724924,65649.785752075,99.44437477863823
2,3.159087917497872,0,78137,154,39.608691354610826,37.9037189984991,71.26715943396893,33.02228615213489,73973.61453139668,94.75162207535953
1,7.3952267459669345,0,73644,184,64.98992690763677,17.151443874443096,69.68144157070171,33.06574532121788,69524.78351179737,94.45078500216036
6,3.6713861012785514,1,72987,751,43.69131005644917,42.38003926878174,63.36833184326634,32.49350054066985,58627.52258231923,79.95031844813855
6,7.83638494292945,0,44178,431,50.354945327489546,30.548421305655452,68.18031547590813,32.73544286512001,38462.70070668466,86.9578105600992
6,7.79246526534711,0,64584,475,10.81314272929157,28.461676226037433,49.69896800877855,29.18832726656876,56385.186973761134,88.03672046586523
3,11.759924918596088,1,79143,632,74.48694128457655,59.7993117381487,90.97091581311703,37.85156624478328,65320.305853674785,82.38458571058277
8,6.435924638477231,1,55645,1084,54.04448065425452,44.60953055429279,71.8627684773984,35.19717268863698,40331.88960038417,73.13736487993
10,5.671114583799449,1,59986,1323,59.69083861440886,75.25412127437032,95.58296383331606,38.99048034473871,39786.09107706452,65.30739930790409
7,5.480772026087787,1,43543,933,54.19810623200326,68.49633638075717,84.03495259965973,38.221045987146276,33076.377624525805,75.5326292310868
10,7.451332052548606,1,42776,1809,61.545740360022734,54.55771230372965,61.80701792328669,34.640945150560064,24781.11573002338,58.79531027812465
9,7.2623820294615475,1,76230,1361,55.26413695742946,40.820409036351904,75.63750568273113,37.24086043054841,52260.82034372182,68.4086438007474
1,7.175076774267367,0,70211,152,67.14394780648556,56.127478687913325,66.12320939302307,40.95421991355397,63044.72405975464,91.44594145005233
8,8.811455781589894,1,64907,1203,73.1990194141932,74.89539852215647,95.03626053729427,40.9708305719611,44632.45956687408,68.98616987733163
7,7.281576701986743,0,42436,655,33.4471647444437,35.63252764432689,47.45012794458437,33.76927353127858,34551.63602508701,80.77928238878991
6,2.88624865333354,0,61281,492,14.673143844625166,22.113455065517346,32.15155041076858,29.303996761101285,52985.80338609606,86.97232533910461
3,5.119974962926262,0,64745,384,67.03233924702774,15.903313251451031,60.30647644601391,36.96939347967188,56031.05148817856,88.12261271658357
4,6.395963808132722,0,43059,327,48.54398215123932,17.009667400177122,42.19918947510888,30.450138843516676,39429.59343614403,91.6856831875095
4,7.16227712106632,1,50810,824,50.42403279106418,86.73400305390155,97.14624208055758,39.32606319352567,39731.79678718185,79.16354843795165
2,3.5793065931250148,0,45141,230,56.49129128845371,9.03388424628594,45.260405846080225,30.273677532404356,42926.73251930265,95.00412488077495
4,8.621772090163958,0,41561,285,13.444757469150453,9.373292147715752,28.101833433421504,30.05673067447821,38384.38256567214,92.13770082109608
2,5.315837276087819,0,67311,244,37.37307644823919,23.641356509944128,41.36657818404008,33.75078605287479,59667.48140329973,88.95395042622663
5,8.180923812896193,1,52266,635,67.84656230108946,86.19542652963233,105.94647565715758,43.47488182890202,37706.097180801225,72.78225219187851
9,8.027962888212404,1,61062,1884,44.82226378691,34.80123627381458,71.59240676946374,36.70311811872679,37246.90374537071,60.99114721320596
8,4.726666075583995,1,44285,1089,36.25085826661936,71.11308582827252,82.31268631057546,33.60903612973888,30991.55293295371,70.63799292588651
3,7.620427924701105,1,49763,536,51.502882295371485,39.60357679380971,73.47364640762333,31.365327221896592,40490.527618823624,81.85904230725785
6,8.749785983794641,0,77708,963,44.39746330120596,26.766156125306434,52.97134227314653,31.392181328548265,61995.82212693382,80.05175048854623
9,6.475504613836248,0,41427,1363,44.15322456654106,31.065183089875553,56.18198593674117,35.12415866860203,28022.59273799877,67.95385896122006
10,7.597734771196683,0,40612,1804,62.784057196048764,26.46850036284716,43.79433916136676,37.51119907584842,25685.62319970207,63.79973270845442
4,3.5914860451396735,0,41940,215,53.48432343291215,17.405822449386875,54.721912030007985,31.03582937183114,36615.733727507366,87.72761739618191
4,3.553052321764209,1,44005,364,52.87171372969087,46.218251331108924,69.93189741731514,34.5602246613376,39283.802076622116,88.78637059653724
1,7.090980201824568,0,70589,129,52.49769120229518,5.422442801218079,40.69745559390477,31.010766180912192,67188.83109293436,95.9361442382408
8,2.108405449771883,1,69964,521,63.155154490931096,64.29619347291325,98.89530761024747,37.46604495135593,56253.13127473098,80.02439574532721
3,4.779598113302038,0,46017,401,66.35256353271032,33.08855262777082,65.36973618985985,29.894765305305697,44907.509798863764,96.91733029038616
4,5.93655281443083,0,52084,415,57.54972085894767,7.661426261935901,43.18839043035987,32.41377756494534,48148.74236220149,92.63496970198202
4,7.621276374025235,0,69685,342,80.14673546441624,38.54053674102825,80.21909436466557,37.07174554397614,61204.28853045924,87.41300695347275
1,9.183648580135934,1,55052,98,66.23076866543394,76.04335760534076,93.30480980868163,39.70281718493314,50476.62657665547,91.71239333409088
2,8.311148344024728,0,43070,356,42.580520172145114,16.63895045948099,47.97803438500458,33.78507975098081,39102.99460961073,91.74405711430704
6,3.331046744521278,1,71133,322,55.25216897517088,63.35854294103142,77.7489429517357,35.87433917205286,59261.804999176136,83.80995501998233
5,5.409044775986307,0,59783,481,26.52498036434978,33.70123976723991,38.0413206898062,30.273549287348196,51668.320243470305,85.64498570483805
4,7.086613013268975,0,57713,601,32.370594684323024,17.85879923393654,60.18709645377421,25.927594432345803,48259.39776503522,84.09700241816022
8,5.25255012491129,0,64090,658,48.01034361890197,48.25665572885352,47.87290050944222,34.795167401487014,49037.65683350265,76.88288941429661
3,7.087134200125083,1,44501,174,72.50127334631603,39.406331645964514,73.26201283233964,33.65668411990086,42593.83322977125,95.16594082495529
5,3.9297557280931628,0,58794,449,35.301315311442906,2.0,23.48163185644618,31.502699776360853,52576.75413008744,89.76538366895188
4,4.029960204660768,1,62307,396,43.59964433703849,81.95251487873331,88.1015545431458,36.265463922558524,51672.31302071932,82.55126506390883
5,12.022987489866829,0,51193,553,55.78064513873208,16.01142222816334,62.57923179862526,33.76246498609351,43452.76752322321,85.98612985570468
2,5.148963573856783,0,63192,253,32.067236980787776,36.2135992610919,49.28229730345194,33.401636002345455,60730.63178982434,94.90196410583431
10,5.950459343957689,0,52129,779,77.4329063263145,11.402276306970414,58.91283000214951,33.10280023315782,41132.73347424926,78.18606279880794
3,8.598887031699341,0,46457,205,67.18203909709455,21.92231445087371,63.30578401541573,33.33657493989577,43392.81309442389,94.25468075537565
3,6.146460746333868,1,78158,435,64.05015004543299,62.75286938458398,81.23732498654776,38.80869774820142,64586.16582211611,81.48986435369508
7,9.162035093116314,1,54163,1143,55.965283000030595,62.721520116120885,85.35822378039465,34.46416932490242,39169.65885927931,72.27275625359644
6,11.831839469910129,1,41641,1119,58.12320746291653,94.95876475536427,100.45414264308934,42.09066353170496,28982.514909680882,69.20434220564329
8,6.8097604836261105,1,70199,578,64.07849522559434,49.964991724894794,74.644324603046,35.789342010011765,55165.03465539237,79.24681132419737
10,12.907360721329326,1,57424,758,51.485953082375616,44.60010730892648,59.51443461711857,33.98113548052405,43198.21537046458,76.08023387451229
7,5.289484899705198,0,63729,711,38.64554384692972,31.836871826499127,64.5509541262844,38.08385681584613,50757.13142034922,78.80098825660808
5,1.0,0,63579,168,29.949318567608287,30.08598644504759,52.92092419417862,31.29375319461536,60161.90565029573,94.23875440213237
4,6.982028914446876,0,60618,385,64.78146570518672,23.841683849355864,67.38349461322407,36.22255698674423,53585.98613538756,89.3279122104528
6,7.484052532642173,0,73730,800,35.06451019588009,25.272633128718123,50.04718062489818,27.472019996782596,60522.517245073075,81.89639001725374
10,3.4310853953416283,1,70548,1040,57.65247946540066,81.98969535708859,89.49002427134587,38.78544923731511,45971.61600511332,66.19059922029396
6,3.243619300382086,0,43402,334,74.30729206783202,57.47844431155981,83.94124775991558,40.67225535993166,37661.67792823829,87.91457039852251
6,4.243423638991969,0,53473,584,46.78696974049253,27.967610928773592,69.58369101151942,32.80701575354053,46429.43603427822,87.41924064074888
2,2.49523476981542,0,45244,132,32.83901493162469,25.19272544050142,47.31721432741825,31.84147281649602,40079.5833544633,89.74850681490634
5,6.163682016205335,0,51651,989,53.57279996821862,40.885574685141634,67.60012225389544,34.69900483402174,40595.45334010943,78.4933002766842
8,4.63700585008034,0,54510,697,29.723700975666418,36.76373636091884,56.530186894319144,34.93811613221501,43704.433066513,79.06369643403171
9,9.960498012001212,0,69758,1025,47.28620807326613,18.949546934946568,47.3331531800397,29.101079488140176,51729.236499413586,74.96375353697101
10,8.600593835408208,0,65763,1526,48.045684234675434,38.78371954568578,78.3485996437587,34.35944063005187,43144.025764100385,64.82371781378419
7,5.6395303170250495,0,44884,1449,34.64480237503102,36.0432513404512,39.245354915844416,32.86010209798715,32856.475851545634,72.2110726682492
10,5.713340994206863,0,58447,801,48.56116481099884,55.31900151479432,76.82078825802485,36.65970140057675,47129.736819254766,79.50319619899001
1,9.276433354122403,1,49057,118,55.47742190887974,56.49348937838812,78.13263042361662,38.24649604322249,43878.04373510775,89.7618002261465
6,7.923857667383535,0,46196,801,45.814581114473576,10.642824332590767,43.324512322720594,31.963229265637036,39415.916365908895,83.56207273520063
3,2.874524813556737,0,71107,152,39.17484719412647,4.917098296780274,32.02346328925222,29.967095158523524,64517.010199284414,90.74451589215137
4,6.575000564611336,1,40179,617,53.88109520210944,44.60428126001297,76.83401958105952,32.475350200955674,34742.32153740043,87.12268621011009
10,7.124028952488464,0,67784,954,31.806510285419115,29.908184468037504,53.286325001098014,31.649447291423073,49712.29007019823,72.84508831195446
7,6.636208459892633,0,48838,927,90.9829130847666,11.13340023142994,65.44178630725656,32.433251310769705,39490.36146076421,80.39980506751118
5,8.252452748006224,1,51160,676,99.04844466397088,73.47528816829404,105.79487272205986,42.56095890138665,39661.46665275006,77.41956339596857
10,5.173055554595583,1,46446,1396,57.44041910960489,74.49190915567286,98.29635051914244,38.75444443170615,28625.10966866508,61.63479979300846
4,2.2530839841348773,0,78195,365,54.76084841771478,26.774944049839103,56.320689800254286,27.555180887153966,73972.67566169097,93.43262744884089
10,8.489804191720891,1,71565,1633,55.25844566892051,47.751979013918316,67.85417719996323,38.830414692447114,44496.921143245396,62.509042683032824
3,3.8781021198910417,1,67689,212,40.12231452782669,69.14545681303741,81.94262136577328,32.511198680241044,59711.666593419126,87.98398558249646
3,5.151998111146252,0,60454,349,41.01948265847414,34.46777292221073,53.08018794669166,30.387077053939233,56862.29008941382,94.41270994719015
7,6.731828996434389,0,73245,773,92.76701425944688,2.0,55.20861857796964,36.34926388655167,57865.74894350635,79.44644499925963
10,3.070641356702672,0,55333,856,47.42602746723246,45.77112366401479,69.73614877014987,35.465975870249274,40053.98320217673,72.49260970224982
1,5.791844851294536,0,53103,104,15.75235059864072,7.0182594939237575,23.97086689716452,28.011988667844243,51637.657152763524,98.06235237814778
8,3.766778064103066,1,63479,704,59.92519302225445,69.36665385224289,83.84766638966585,37.55735861149212,48960.897016004725,76.36965111044849
5,4.604536350488059,0,45581,429,44.44967001562244,13.668576476195204,50.26590766517319,27.779644689086354,40562.476116123864,89.22616738395193
9,3.8545263223006905,0,63575,871,73.4237856088048,17.289885190175067,61.86698953451364,34.97723670220708,50926.1117276357,80.21957882728326
8,3.435450231519907,1,48331,1088,60.05615310254872,48.005542865797885,73.9349033359859,34.94532997931273,35042.51034520714,73.328477214907
2,7.8845259189404215,1,51874,415,44.65677763357888,45.59669671259579,62.95435854000592,31.982929800570684,46899.437620052,90.23849852918573
7,7.531640740203705,0,75393,901,30.34405797253243,14.408183567059496,39.38106063312509,29.58501907296949,60963.769001243476,81.15825603756903
10,6.298764685626318,1,42140,1342,39.92621943981706,60.18861406543917,83.17814112314709,35.86949016334147,29921.064898129604,71.16917353703037
2,4.756779827672931,0,56063,110,50.61161463421458,38.696589377672026,88.29760259614557,36.27271479310178,50703.927046939665,91.85302458858418
8,3.3420607645651974,0,41379,825,20.88355711762537,29.666420638472804,35.47139816633014,26.1515347597137,33127.67563722094,79.37843297019515
2,1.0,0,53011,105,31.120775422499914,33.05438066838713,58.569496294533195,31.25785282427061,50756.544322970134,96.10048872907892
2,4.726418063088012,0,52372,115,44.411086675753936,7.384396327977168,44.08800782958951,29.80907331213521,50029.469854369534,95.20827367425231
3,5.256520972289966,1,60484,210,77.51146422757702,45.825369114924754,83.09160559683669,39.251930473590676,54655.054832776055,90.85724415243287
6,6.675960152363492,1,69193,455,61.42716263815974,51.546675813444764,65.80015924682566,35.89171097151869,58989.95742836869,86.23014941419265
8,8.057556596084513,0,70617,1094,41.40615515144728,40.49173067129233,66.09921574292844,27.230718887626363,56038.24862894385,78.84058946324623
2,5.8745705178949725,1,44270,174,57.989830474504906,63.991257224823386,78.86245314157628,34.60668674516364,38562.75451376217,87.9638762912098
1,6.158915980683151,1,51778,143,71.13806948773363,57.60593081609189,90.54167732906821,37.03747986451223,45055.47758424502,87.75651815430345
8,4.603821178123741,0,52678,909,51.68337534134096,12.603679877252205,55.649904139094986,29.764820291552418,41995.12952954011,80.87857819708321
4,5.641444881273267,1,52271,269,73.41666859173692,70.6496377400806,103.71242232449895,38.34309574256845,44556.10493948949,84.62851169639309
6,7.142083773891477,0,69571,580,60.62571046486219,2.0,55.177094532550704,31.61195770981941,59056.22992603599,85.12208413393579
5,3.932086231852955,0,41561,418,43.33419190478737,13.25038690102812,55.16674642078135,30.932548097004496,36510.368082788955,87.6591034545872
6,5.8582361834196055,1,76389,644,44.24989323366688,60.36416953759917,66.65381422363365,35.10058893142204,62747.48808056936,81.76518374227065
4,6.1232139365412666,0,71890,613,45.806031715045364,38.03075879260238,61.82432708504372,33.70396148027794,61640.288555647516,86.0023501885897
9,3.909867529907882,0,75886,977,54.71337281520739,22.01839048197093,47.664563048422536,32.78026138765891,56861.39678869559,75.18759116598414
2,3.540385261255306,0,42411,265,43.04683265078529,12.82878690584321,55.268948446572864,30.054271462140136,40440.60558552578,94.86543870654822
8,8.985231149153694,1,66207,442,40.10723058003575,30.135768564258804,56.395382541492125,28.202845870044804,54600.90725662529,81.8292294828897
5,7.750044177654049,1,59911,1249,58.28069565191763,56.03764522703916,75.64759585681577,37.988286101201744,43092.120443471336,72.27077512373667
1,5.232204182152285,0,53054,132,42.32118213926955,18.95724572635654,38.98356466421351,31.437480011729235,48958.507839483646,93.83571473995408
10,5.899582761396433,0,44639,1116,45.51404726505467,44.51253967984273,56.007236246814394,31.856023874178376,32727.202002869515,73.32212005114799
8,7.720718583831636,1,45328,801,60.31726431236754,52.21398880914725,64.6718633349515,35.64756624584839,33413.74836368094,74.12164971651335
2,3.787481638373368,1,54811,222,75.39387001316682,55.79790969185154,86.22968368491283,37.6804445179793,47442.74439552521,86.12145453677421
6,5.916830633671059,1,51596,1020,40.40355049399392,64.83176157036819,72.25428727235611,34.108154835220496,39008.315808626474,74.75414094508992
2,7.850831645077086,0,53799,343,18.07180247371679,19.9282651836697,36.663761154142634,28.350985078530346,49344.54065939798,92.25490209775796
2,4.180703188541862,1,40578,253,70.25629788915809,78.6799005243875,82.7747142087445,42.72097316506613,34766.21706639174,85.55771553902369
3,6.48506598831088,0,44113,381,47.633822314456445,26.081544008041643,56.979956942934635,32.677218303563414,38571.508205393664,87.63466283427545
4,1.7111800457660236,0,51667,201,33.69917015317645,23.25165940261121,51.255931733206715,25.482558129434068,47980.38658749771,92.53471319618556
10,6.149741604758145,0,55963,937,29.998327487427566,2.0,47.37316882425377,26.22448077518928,44601.26224533431,78.58718785853434
6,5.717438832167028,0,51051,325,32.72077182394398,2.0,26.86509450580561,28.658840487569936,44051.834103173765,86.48838148523807
5,10.17805947678158,1,60517,784,75.13392436971202,64.81397435978981,90.91804585595696,39.69285673751941,44081.436777702635,73.0723329569449
9,6.497308252001522,1,55244,1506,51.71399836268898,61.10821624122439,83.42768637522043,34.89463316662488,36341.69779980618,65.6572724538633
1,4.980549538658767,0,40878,171,40.94849036717498,11.177012140381462,37.971337691487534,29.540057784835636,39403.3097573784,96.23097830370367
9,7.175646682221346,0,56246,1219,21.905194704598397,8.8809796559617,39.02082227664553,26.683461983993908,41287.7956535202,73.02319453135351
1,6.4926597211627,0,66723,69,40.95109600788841,19.0745207481813,41.30880082648444,27.493952010275507,63735.18121186793,96.20880206586558
2,3.8959212722326604,0,71118,170,48.55168890484163,39.485355549025876,79.5421790324779,31.37180066410234,67266.42387187864,95.6736710464237
1,6.035546134210502,0,49419,137,62.971700263419976,9.080678383337451,56.662859672484494,29.927601191764804,46855.65858422695,94.5569944361927
5,10.278516687336248,0,70432,1234,48.79263136823751,17.512321591286877,52.3846805738499,32.068846698424395,53210.68627197595,77.81188942448777
10,6.968447808043506,0,62372,1400,29.32012154716567,2.0,40.876346218568315,29.47275595583407,46167.54363042307,74.7757330330146
9,2.716277680236072,0,69647,929,17.606028331188757,33.33933173685252,43.688481833870505,30.77064443593646,54278.50036632876,78.02422674047077
1,5.490540666960703,0,57439,138,42.70446439926022,2.0,22.265150492660965,29.6153697630441,57291.54986226466,98.64312012784083
7,6.875689751982799,0,55461,1044,59.25157765946324,24.35688351454265,59.73519613061971,38.87236915112483,42405.904847367114,76.46645920012477
10,5.821451434603586,1,56269,1315,40.3482724079543,52.577880654012986,67.98672297773473,33.55628269038045,36569.67541306671,65.3092711340159
9,9.191416813227743,1,45637,1536,60.74737294772814,84.64418970957817,101.6148564128488,36.60880530798447,28801.15834528527,62.73500735304474
3,5.116650944880363,0,76137,307,27.296364917183993,6.917720450585687,38.08465031274049,23.49713141534395,72653.03964507092,94.12822719523174
6,9.654955939699306,1,40843,965,90.39385979098195,47.74039269809252,80.07667396424728,43.550292607920404,30014.841664829764,73.3078903145686
4,4.694525614595348,1,45855,359,47.6880597078376,65.3310327941745,66.67503441507172,36.05056137022102,38406.827109622056,84.4952957447815
3,6.066066675961966,1,49836,447,38.45107977208199,72.20533179264403,74.11614782493862,35.40222049924914,41618.25759993993,82.96888707353452
9,8.664774073888605,0,63072,793,48.855396491188635,20.6520193193338,47.02874183535593,31.41719507829807,48566.57919333001,76.99435082090652
6,2.552467141910354,0,72340,329,25.55832585686832,35.27103738201601,43.61557729290619,32.546598859851414,63906.066891079914,89.12312593943814
5,4.10798605651674,1,51068,607,37.6379548965444,64.65666597979282,70.37488933089762,36.362182026275086,41115.738753108264,81.23725351306696
6,7.3193440298461105,0,49775,600,45.00510950708011,25.587311043568548,63.19175389470093,32.02424982797401,43625.36448595778,88.67133703505097
3,9.341477946385128,0,77808,531,64.06677224482206,13.925864233148959,66.99129398907259,30.84923326807764,67884.54351219449,86.79713680607784
9,4.590432594185541,1,46712,822,50.110465156267736,77.1994582846573,87.0924438307369,39.523100917986426,33502.5259234817,71.75384269095795
6,7.294742158741019,0,59698,495,36.53209941575529,14.628357352125947,47.2246695422535,25.407850249623735,52521.74404972137,86.40958860429592
4,3.517278404747028,0,63918,353,16.77757825360961,28.7559518694193,59.364176445118645,27.654543863803845,60203.80100718755,92.33670657219243
6,7.243357996015912,0,42364,1123,57.760856065839064,9.133929120467585,47.824839463409894,33.94023328695201,32735.044420604565,77.46379257555205
3,9.51584077477549,1,65636,442,54.409648835747134,83.39259741768046,99.02682471322682,42.84476718939624,50918.709997528415,77.5028053681611
5,5.3992939539866915,0,66733,696,33.89086926442758,45.427614812488514,60.41220898836619,35.9018286011937,57939.60279981479,86.31575486074533
8,5.03219486543671,1,78972,1090,75.91114452771676,64.46720987122954,93.4721965424711,41.9451594944961,52955.03546728129,67.29181480517356
9,8.903770909729698,1,51082,827,36.35907412093324,49.09485545050769,59.35650605445687,36.032445974901776,38008.70265349998,74.53524199536938
5,7.581245988730727,0,70806,863,65.84933789274453,45.977770177396536,68.19599433146313,33.57364038031927,56436.28187120178,79.43433446704854
8,8.237433644951167,0,66043,984,31.1660439182736,10.190187032776096,39.6862188133392,24.57627090478189,49336.505540727805,75.52378660304191
5,8.641484641637827,0,69604,971,61.61312777878943,33.903185878581795,54.49665639349417,30.96696760016524,57270.871818686705,82.95192426839073
1,5.833874845140781,0,52878,108,31.154752323524068,31.685284650511974,56.187432066659355,29.246445089053122,51935.002779007445,97.9653561938537
10,8.243589826239331,0,56134,1754,30.044734555892532,28.5528620710864,51.61646134640099,27.65592022319025,37110.52993519172,65.61749971990723
9,10.02922368876083,1,76627,2826,64.10213232746679,65.66914522274459,86.89552136159632,38.07387617043454,34234.719903349185,44.71256444686556
7,5.2410425717293325,0,55872,664,44.613265061978524,43.348757927319824,51.28672106234699,38.65316617339234,45198.07214721366,80.961802062433
1,8.012154475256729,0,52140,96,57.562321625756915,2.0,58.49669258099674,30.62341753253136,48680.43700036235,93.98495057680913
7,5.133475197137281,1,67164,801,47.28771699184263,33.787967941203014,63.431430079738156,36.775394045284095,50648.137747084,74.97904558035644
3,9.240559401028285,0,43322,574,40.437146157215125,19.391108883090787,46.12039307162574,28.69169804669385,39896.144997400705,92.4482744287056
10,7.29478093978486,0,62084,1993,50.18653489889669,9.787847480501647,47.507549502092424,31.404444464292546,39139.30814883941,63.5553972560659
1,3.225935396879168,0,47863,119,24.325226995625233,24.21655661622248,52.8064422186004,28.665153664912108,47339.23293164092,98.28744532577865
8,6.474546269726594,0,64618,943,37.43319136461798,13.475103086006134,43.40667482734412,27.292224416929603,51320.92630006239,79.87629112530705
4,4.90388843827011,0,56953,381,35.583443089600266,12.996730069116223,62.970428235386834,30.530812696453562,50148.45130589594,88.20345217292478
10,7.8784707080319,1,52640,898,55.28011504057401,77.28239469499655,86.1372713120986,37.81678087202262,37117.80824898836,71.89379682521627
8,5.685104191323738,0,48531,716,38.03849976655853,17.708309628678666,36.89121630662973,29.375438152302024,41420.1536315548,84.53483887513221
7,5.803300610530907,0,75418,823,37.07955532120563,14.162810346152389,42.81409713405154,29.833731391861694,62019.860532632956,81.98559072609524
6,7.484723902838777,1,59659,1094,57.90683711925871,75.3724947980402,86.6863553215262,38.91383316524482,41461.41985900114,68.80935285906996
6,5.035675352296096,0,73801,938,15.646722020274552,12.482628025207793,26.63743216111105,26.48039565229481,59811.52884204941,80.14624755700768
7,1.0,0,59045,212,35.36303652201261,19.818075219177715,28.20665237346051,29.473913159748175,52756.625138190306,89.6384857626727
3,4.85901064559355,0,50583,261,36.885033420197374,37.04134767217683,55.76356209649793,26.978554331989145,46954.99692361898,93.90724896795658
6,4.740920944111689,0,57209,656,47.532963796429456,46.871091229528304,65.17649430444848,33.80517028229338,48320.70641406912,84.89456653622237
3,9.352452696662636,1,46385,528,46.60867510902093,64.41674558665605,87.08101185970594,35.07768466889853,39684.68115605896,85.3551819367965
3,2.4615486107871427,0,70214,246,33.446976816298076,17.996662980323606,44.47385552640029,29.588088887187006,65418.4374249102,93.73112557489647
6,9.916911412891206,0,40156,572,18.6695308988091,32.37532840488851,51.98351586051078,32.5756825681598,34221.87850801725,85.5834747070455
7,6.351012970408595,0,73518,575,46.579404483329995,17.100093002977054,48.79589460828884,32.1074203319073,59687.26718745258,80.92288270998547
1,6.932719394750906,0,68792,166,27.167068879337005,39.18242561374706,66.27595733213056,33.03939750260729,65141.31027843165,93.93109518406864
10,5.66260461873821,0,40726,1566,57.313983000927834,46.5637720094733,65.78842179866798,33.88642795055133,26484.438734645588,64.9464296751914
2,5.630707187822301,0,46810,189,50.83055269553981,30.66902518799663,62.88346706569205,32.959464296930776,43150.20202777263,93.45230458309763
6,4.764693859655603,0,59768,646,23.84379813526336,36.079102025576915,52.155830694218366,29.041532050218212,50382.88753304361,84.55973644134289
8,10.441587306766344,0,76005,1665,39.5655993197109,29.274267745885613,53.15646097138748,27.36791219882118,54074.45437892291,71.38537060874775
3,4.49109693474801,0,49988,334,61.495011097946005,14.155285068786588,57.13292121156606,30.186408566823935,48054.07631567081,96.06615339651682
7,7.0299641938576745,1,72481,667,52.007839974031164,52.09300726660349,77.34184843061456,33.98268229865327,56892.22832150217,78.53330845161679
6,6.449496046245092,1,60207,810,67.51480961060844,52.751235224552865,72.04677841211881,37.52862603403193,45542.029048465694,76.36748552233153
1,6.095767583805417,1,61355,82,48.17749513476987,60.25136062111436,73.08399780203098,38.750434752164765,55719.45607224001,90.26259261568379
9,8.20073295976224,0,68227,1493,51.038029621380446,8.731174948725346,56.28333326203232,28.533548282788487,49000.28791830543,73.31842616522067
2,7.214755552047829,1,43562,245,17.29695512551099,37.51336155527406,59.45920494852768,30.4332734376195,38930.069318727335,88.32932310627946
2,2.1749986521654754,1,75244,103,65.37936595237,85.9962924432462,86.09903599443726,40.78692044017723,63768.6871846754,84.32005844324522
7,2.358106267629041,0,43201,488,16.201428443139147,22.38934947766797,47.42286300215045,24.298621567273504,37079.4977126295,84.63379322123802
2,4.8928417277026695,1,43286,169,42.182902271486356,83.74904338466808,82.11114444989579,39.732529122023266,37142.974812994595,85.69303472512533
5,9.09061834614857,1,50322,515,52.49217465165957,78.97855527336888,88.53654629022937,42.77954492376647,39500.22746041145,77.60989943925863
1,10.199956483088936,1,52196,194,71.24627310341359,48.48587123555873,72.07150632795006,36.40441089792947,48090.80614460166,92.04420687966912
6,5.227624728119874,0,67101,531,31.31740575304237,49.76623780796275,78.25754899928742,35.12066351519593,58802.80218272066,87.19748233132125
9,6.155501336052616,0,49788,1515,50.23062933356812,4.885862011345498,35.989692580076195,26.772776537601676,36169.546620357745,73.63985022678914
2,3.546143652315002,0,55913,232,38.70433199327198,20.164288193493825,48.45969229021386,32.00656613333685,51306.82925494263,93.01505921753956
6,6.75209181064483,1,48258,963,85.12276760082509,65.7837906146419,89.78396868031278,37.539111382840446,34180.64625681327,71.15129568250649
9,6.692806673206807,0,50312,695,21.447554391804832,13.314778952173972,41.98732717912243,29.959662160577786,41403.71722152213,82.40554008440164
3,4.640984583428056,1,61322,363,89.97958570621144,39.190156282790056,84.81250983251549,42.61713154432887,53005.679738201914,86.93476087757675
3,5.77582508464518,1,76100,261,54.91857253095511,55.611229866598045,76.64343883790808,33.24665264099844,67630.43205611367,88.29757956770126
5,7.0897019084696895,0,73149,860,51.14579399441419,19.38304902736829,57.68614228242393,29.06154911145754,60236.06449826165,82.9761621402561
4,9.785429448743555,0,48601,452,46.3154528161548,40.34477018293304,54.329828915804185,37.81572354139582,41952.57029226649,85.48566075242219
1,10.258243530832193,1,54569,153,48.95701099864067,48.36969135526188,80.90098159762547,38.15844490532768,49347.978354413135,90.67982760902629
5,11.730734506499726,1,64426,1077,56.173914933800816,90.06754475653852,105.96916177355172,44.94516082650686,46882.76237414665,73.6259663303867
10,4.661046923598207,1,70820,878,49.79192367346186,38.71774832294589,66.6127058172688,34.78137112613501,54162.93455317278,77.08069292148267
6,1.141613750036548,0,76630,235,60.98108544595599,33.32582430966744,67.55535997630058,37.95366364300489,67877.73840318217,88.2626647774216
4,6.23690826751845,0,58855,510,62.97882175266051,35.59652205397883,67.1814070655365,33.29322152559164,54347.44834895266,92.04912682937481
10,3.516679813336279,0,45998,829,37.1421795577226,37.270040005189216,49.20960532498312,34.35565639556396,36006.056642695214,77.62899314147259
1,7.147539699038867,0,61577,143,53.93789987120838,17.55527131210882,58.81842461301046,35.07922269284617,57898.11325984632,94.2481625049666
3,5.264661454708904,0,68955,354,54.613907440291634,18.395556213574988,57.616397614757815,35.9092007438198,64153.8221375942,92.77431351049447
10,4.3983271252087,0,77656,628,36.97642545229581,22.86365899560221,52.61726539577936,30.641075462121442,60188.69778670214,78.44542208810986
2,5.906190903230744,1,59099,403,78.82689703767699,76.33345393864901,93.42296643659648,41.87732016261972,51079.57003259532,85.39018834729626
9,8.28520653434174,1,48215,1753,61.297988977926025,41.85605504141887,70.41662539064812,38.49528757920347,29846.498890927225,62.53776459661911
2,6.8658875793854754,1,63627,300,47.10673008244839,57.123972316123506,65.28788315699158,38.52645650996366,56386.38380893864,89.77384674674332
3,6.000537935249289,1,47282,288,61.148412154397164,81.62924250539439,88.49558570724052,37.7095705246893,41867.65895665576,88.57018930130886
8,4.195760350610918,0,56282,998,19.1488424382779,23.00695010081781,39.88978603317296,27.8285703772395,43008.904265957266,77.2121897337304
7,3.5494419002114417,0,42620,533,35.58581947843998,32.70882740883236,61.397274579107034,33.40168181640812,35822.25360616529,83.47141569767976
4,6.84029460724065,0,48240,532,69.8868741229474,17.862365573710804,53.133488867536634,33.52206585120219,39741.741872606784,82.041757119058
3,5.131226236975403,0,45285,309,43.32732227598016,25.27349472669248,50.095207259724404,31.899991511057724,41462.41694018133,91.05423751303458
10,3.865376507432447,0,66331,981,46.095203328514316,46.84421514860881,74.94386019573125,31.378563893890856,48556.62402288143,73.33141580916063
5,7.225200290337175,0,61790,1009,38.301690395437795,22.24625640559824,32.91222750525931,31.0662400352029,49923.01723744474,81.1537060802831
1,6.014047735103234,1,42184,107,42.953097771361094,56.6187649819439,76.47062175179236,36.95097928564275,39520.92463896415,94.00246895934289
8,5.398868286495584,0,54939,1257,32.66040831208639,45.98078083213386,65.85536146720281,34.15209703246804,39938.667855403146,72.99368344544693
6,9.50105637568654,1,44662,1087,94.1066898169648,47.15033574014076,85.65642625621247,39.93263419559554,31366.744688054398,70.28259934159834
2,4.587372727392141,1,62120,155,50.533955697360724,64.7487115174299,85.90369069846366,35.88717526329977,53399.608740839234,86.51413762614527
8,8.153982690017358,0,50734,1935,42.93879788693799,20.53679915169911,55.98014719379451,31.22457627393554,33519.485757039125,65.44736485537388
6,6.340659185830631,1,48555,912,47.5925139186172,31.507526057270237,50.94522877417451,36.071651527247525,38287.51822366323,78.94150568673038
6,7.0113318665928475,0,70673,460,33.57789301165641,16.58137727153782,52.753416581045784,27.129306361058145,61738.031918889385,86.95422357018495
9,6.265715390554698,0,77634,1007,38.07760459456217,14.362581949040038,36.27983899265443,27.200726760884304,59776.793568227484,77.38498978825142
5,8.176904941669406,0,50895,545,57.24001204635864,15.523685178256626,57.059446052253975,31.025479987717123,44569.420654996575,87.64141919899727
1,9.409506568277518,1,53767,120,26.421647246517068,32.417773403410465,36.882611189254824,31.415327545659647,51264.47657992517,95.55503893802606
9,3.144977108477786,0,67616,564,33.32031632257827,17.091322188471853,43.41264635767274,26.731611701180796,53806.0612910702,81.74982563208373
3,8.699090901934944,1,55879,459,74.10656855941323,61.65980736632859,88.27001042545936,40.66056788367688,45927.42017060016,82.952645582222
6,5.4319576571056505,1,57464,715,40.87334114888893,68.38360743871073,83.38254715936995,32.92298427397479,43995.336921891474,77.8765065427592
5,6.831736442793038,0,45040,789,65.1523365035205,25.949651463362542,68.04494046740676,32.10637044108336,36068.796604969044,81.04407597441461
10,6.688292072731744,1,43095,1308,50.60477456968988,41.9145642606893,66.89878630054098,32.95087254360621,30047.94041377056,69.98198747398513
1,4.8898051801406375,0,50407,108,17.06950262041531,21.566800351195052,38.02129581893688,29.467150877560456,49729.51965479784,97.2950446255419
3,4.796044453911835,0,49525,451,53.22712447725583,16.002209106111422,51.886211233646,33.343412883591746,44029.68003544917,88.7728320600779
4,6.468223714361748,0,75793,409,15.15258222010591,17.4776786873073,41.76438015145311,25.88830214929392,66455.43741027081,88.878348188914
6,4.709050496634476,1,76206,716,56.903343355257704,67.19879957216871,93.58378177574737,44.97996266395319,57950.0987466587,76.00604875786904
3,7.5752263089764975,1,77698,541,62.42733509820657,66.0297578528225,78.1743970470093,39.94778163930396,63410.49507171762,81.69371326213977
7,2.740848422257376,1,62268,688,61.04900437367405,53.26124999345439,72.29215376263919,38.24324618514298,48963.87484582073,78.95159875538846
2,5.642036440182263,0,72515,182,38.88677268865274,11.772670632927834,46.08879459800432,32.18926437962586,62959.460514292514,87.20184012447272
10,9.062383337621425,0,64703,1362,61.84930718812514,2.0,42.668523223439315,29.467088441320133,48512.22026453854,75.55131179985999
10,5.657919305062033,0,51967,1141,33.14526571035405,27.18306271707559,37.12007288650459,30.065589733810636,37989.527842216674,72.33762993356063
1,3.9736882096744446,1,51720,113,75.3440437472328,57.20445505789496,81.91151894552017,40.04862361556576,45374.296107693,87.5253853665101
7,5.859772279224416,0,42207,1094,31.997229447324933,17.369907334359432,43.0836149917309,28.447005457688945,30874.02950566897,74.05983642286778
9,3.8216006565420098,0,62569,798,44.19825333974039,34.34218057588082,70.83014571822906,33.264730550405,49958.641972413185,79.03751731973348
4,7.749184028902299,0,53891,801,32.16971135727924,35.305159050597624,54.64632339155942,32.62635346484275,45064.751440642445,84.11855200652579
7,6.28393914554165,1,49046,1023,39.79108020030712,70.54883723846095,83.88117441917846,36.72712469603062,33364.05604416873,68.46332113190951
9,5.491576072567186,1,48184,822,43.52582936722703,65.3785175514171,77.58333915903188,33.10431852790658,35794.58157654981,74.90448633889851
9,7.572933712806863,0,43984,1581,19.636349184540535,3.0275947567081722,24.168331531577415,24.19828747237893,30735.08411502449,69.51355371634503
6,5.848312837681736,1,68172,358,54.31983798670562,58.69104411305955,84.16669109482774,32.843492676344574,54599.5196762528,80.47478369568486
7,4.477095906425189,1,48367,683,32.49862743410672,86.64218551154923,75.9181060231033,40.44192630591845,36357.482452188626,75.82128111098483
2,5.29709114233403,0,43683,98,48.81336872442037,31.333564280071688,69.31631109871563,33.44060172141059,40976.26161816097,92.15533301461883
5,4.3106134675480074,1,54846,513,78.25657990875983,62.139153365277075,89.572675422268,42.29529336029493,43082.48932384496,79.04718199934321
8,3.6091110300219365,0,69078,929,41.61308170316655,8.29822528333279,42.12757311801847,29.070827202365933,51559.51285007488,75.75599784914277
8,7.355965035877844,1,54817,1316,75.01693142959131,80.85838104887178,107.63248960614509,41.61131321452502,35336.66766719101,63.77022963242461
4,4.55958345488006,1,69957,139,41.87035279898503,60.659383125895324,68.32348760101043,35.70704932906581,63107.13038385368,89.87419338555138
3,4.660422841479466,1,58360,339,53.893063761670305,62.09617336879407,82.14674811265142,39.92974320838242,51178.928211654515,87.97903347632392
8,7.977735690941366,1,68608,1360,49.66302774802245,47.76938756837248,70.4103763993853,35.905801037687745,45820.17793511884,66.32414301999283
1,3.0705385708583472,0,55675,100,50.50393997065661,23.010424325616178,48.35321659925962,32.989575681686325,52408.531359455614,93.3516041226944
3,4.196674205867379,0,79416,348,73.63740097412722,16.96743556824572,52.99297932790455,33.086280861312744,73009.07329636105,92.09690505964421
8,4.789012254112127,0,47927,1040,40.2927932791386,14.066250961972829,43.94675370403673,29.29532741468817,37141.935660013754,77.42155227739259
7,9.468680620098292,0,44507,667,31.785547689992217,13.823887849015568,43.167476421600085,30.194097692547743,35970.78935983934,82.05156018561888
9,5.610311902378222,0,51842,1027,60.831190003237616,16.563956658286884,52.77025246285238,34.85995826906214,38309.43634076558,73.38685780902863
8,6.381319056577643,0,42649,822,73.31737836830672,39.542953111052526,73.10409362974576,36.07156065229012,33418.675619422786,77.93850601861787
9,6.134723687234391,1,64651,1081,62.0934317642654,51.15237087233727,68.63610301883779,38.9505885709315,46530.31999690847,72.1250477176712
4,3.283720739834683,0,71749,361,62.62187036775099,49.27993502450205,73.27782325770076,34.556970328446816,65268.18898992929,90.813824794539
5,6.822826574576906,0,64089,494,57.40363282674074,22.822374665349038,58.65536465324135,35.34444880869134,56227.43003566802,88.75703882755096
7,7.868790651147246,0,78758,854,54.910978105433514,30.639746620127653,61.39484860647512,36.077856984705896,59368.14469989754,74.89864317023226
8,9.74214161056172,1,47905,1505,30.085728141657842,76.7976347174891,56.81197820558255,38.152459613636836,30401.565343700433,63.953041103562214
4,5.569783929316533,0,60788,389,68.81818512685537,30.14633973278663,65.85643060656948,32.98868082294864,54374.82488699861,88.69149202750553
8,7.31747055732126,0,58919,955,81.09316931232738,39.74344896500523,74.88683248444413,40.60438583771358,44903.26271521265,76.5909130129476
2,8.028140171768081,0,55180,294,32.27372453979197,14.452101923104529,44.82177493061056,29.033136232735675,51264.09550766108,93.162295532597
3,6.174321485146654,1,51257,506,48.48203495584028,69.54339482783877,71.32320104420509,37.99767318368258,42971.421507791274,83.28889846791985
7,10.651197212206304,1,77615,1079,57.67837460241074,66.43600862252227,77.5752819276706,38.97499554421988,58259.07358358807,75.3122929136201
8,10.316919657376417,1,47903,738,54.12217051776856,51.737997652104475,77.29747680591473,35.64849321461825,38831.108775773406,80.61392601940935
1,9.24576997561605,0,60218,114,46.992519295169046,64.97065790592413,81.02319772820165,37.21918609105488,54271.26739205061,90.20322780448427
10,3.2722004995618046,1,46315,872,65.79039989564994,54.79768038532841,67.22815789094648,37.040066625728855,35484.07325000518,76.28848025479104
8,5.4976854841450935,1,71316,470,55.18179031938005,75.3315005922448,80.10275914866585,35.869585531303414,52889.29936887426,74.50049298418205
4,7.7511101704502545,0,50243,427,61.10136159095596,36.357483685788715,73.25112275501043,35.96061845478367,42771.05282508846,85.83003742011181
7,6.2464001383716905,0,65033,651,30.94253874698812,30.5695971197249,59.70796805333084,32.947653546261925,51104.51151850088,79.18316780511955
3,2.324226902068949,0,71403,319,55.59638073048983,13.877565066415178,71.95775186110146,32.93909770823105,65909.98902031429,91.98798963053025
2,6.566711449662194,0,52587,312,56.436270391567575,16.01432826701243,49.580800224871105,32.058123618931575,49102.145464201,94.2429836373536
6,10.510664232602936,1,41902,779,64.36673881582716,58.20907915593736,88.95029613398248,41.30353992420192,31754.522078725735,75.30325677662448
9,9.686203873778549,0,47024,1061,54.259675292818706,7.38893513016448,44.33925439357143,29.492009177363673,36158.44160844308,78.00773335407794
9,7.95131878402832,0,41884,825,50.44076467598305,14.174416032419987,59.34649785689013,30.9560292495021,32848.675082934045,77.74633589209972
1,6.263474083945992,1,69674,126,48.80440063664781,47.87449925653324,71.2140693548559,28.556712868130514,63801.80973767958,91.42719374159321
7,6.094751485987085,1,50726,835,52.634507681964486,43.65451802155806,74.57503364948514,35.32055677300827,39835.27073762348,78.50963285842377
1,6.734000620730284,1,73998,76,37.36983004363919,62.10722291765163,68.95864730895833,34.792032827161435,69610.94026632085,95.3119243008817
10,5.004094404837774,0,70044,1185,68.90103829406999,12.74882998725771,46.39109330679049,31.50354690035523,48329.41130772553,69.35542396023656
5,5.053359697262479,0,57110,712,24.770588845227383,35.48860254084177,59.15769917507647,27.530683678648032,49199.06724428067,86.43634127034022
10,6.4846525421845085,0,41659,1448,51.27781583782783,37.91136449620876,56.05206942583663,35.522663536998664,29253.639206451815,69.97828470576606
6,10.614297595717868,1,73659,1022,46.6148927270554,32.77665304873845,56.766693506547625,34.85145304767117,55171.99541182531,75.39704834671237
8,7.367672305497552,0,67722,1523,54.46884810270443,56.02036855031277,59.30578915460366,34.09856819859865,44567.52041602354,66.40236782446799
1,6.664919971058508,0,76287,140,38.55540473171189,32.61689109906814,50.637527842336866,30.502824880169353,73864.10867707539,96.29718686367931
8,8.50374880088493,0,51584,1278,80.62238487680804,45.06111990861474,89.98412826963974,35.19545051762148,37878.5542538694,73.28554557247426
6,9.7973275936331,0,51560,1178,53.939198961098015,35.52281258426157,57.13066277108023,35.28008913855741,36634.86896202341,71.51807602960434
2,8.692056607147016,0,62796,179,52.93642594270497,21.262348884351166,52.42643707640482,32.118790508601144,60037.39809156152,96.83597887971939
5,3.834585326504444,0,53442,662,38.849569845507695,14.999384896763571,36.80449261947618,33.5860088308021,44149.64327809914,82.10729886424863
4,9.914529681418767,1,70477,683,47.69473280984552,46.59887531854824,65.01456870357752,35.16442361984224,58164.8064852893,83.60279298201526
1,8.048292596020449,0,58286,141,30.665932863251662,14.179910550282024,42.407715318329544,28.443975366640036,57389.6997274897,97.95941425779867
9,3.3665937227229814,0,69046,922,56.582579916378705,45.15733369039539,65.68517424323238,38.5371821927653,50106.14472577341,72.2382261745824
7,5.376931128095071,0,63833,547,30.286694663149717,20.092100392059965,40.60568559120283,31.8955384753257,54220.403790125514,84.31222266882843
5,1.3281126129684777,0,73114,184,51.98469444892561,32.23980281593764,49.79671387752694,32.37665818759194,68176.59103655949,92.6822058791948
4,4.34039384598427,1,65995,444,48.866662870819965,43.88435078202106,70.88494368465113,39.568885231340694,54317.04820027938,82.27428153211561
3,5.919362142224627,1,73868,411,59.47530431325382,52.101983310005096,75.70033143848038,37.69315217701691,65017.755528662754,88.23987126022318
8,6.754135621121064,0,40777,638,30.044721823230255,37.10297991189593,49.84076989405421,37.141005984073544,32548.882738213168,80.02541452108123
1,5.243637587126504,1,68355,106,56.89206108895082,83.57760580678244,92.26782169462652,39.22845995921271,60562.69020708172,88.53346726731783
6,6.528830733025023,0,74034,562,26.74623725012501,46.659020758713055,63.21583169478778,32.2785702798524,62554.47851581318,84.80500916057511
3,4.960911299961937,1,44930,284,57.098982836893626,54.74725286066139,67.0870636035296,33.114579946602184,38996.79077287098,87.05383439225633
1,7.014732656904092,1,51808,93,49.12233626482631,67.81616003103072,88.79485842156839,35.11180479352997,48281.47611690055,92.55107812660508
6,6.0600046119355415,0,61352,886,32.38655259150948,2.991155759956552,25.280185576858347,26.82776762352312,48742.64385794001,77.87184842816194
3,7.397611576482388,0,72280,433,37.23628254463442,37.50452232016314,48.219222667537935,32.75899721040645,63660.99511940675,88.12047411181472
10,8.14776496866848,0,72623,1017,50.9401848819572,21.37895979180289,56.453250106952005,32.41948029097359,53516.31099030038,73.60726854510749
8,7.712719664703229,1,60556,1251,34.904422264039766,63.24224271207481,73.81825439220391,35.31787136984319,42819.04717095795,70.92158216589445
4,5.543202239432636,1,78679,457,48.721936888617485,29.43804376065924,37.79185725177186,33.60757577704367,65890.23261125761,83.74092684761064
10,2.253177053587862,0,76597,657,5.0,23.41990419983896,25.464721573301304,25.98273286383387,62207.04531523727,81.86862086923021
8,7.167414244839636,0,53682,626,68.4180819792215,20.32405496178634,73.81233863490684,34.770481081121765,43370.96189615521,81.09899723787245
5,2.9279846950066677,1,71313,262,72.62852312836701,53.71095137883455,80.21483886577126,34.38814812595166,61103.84401611492,84.72633149674678
2,7.789249001804952,0,61964,259,53.182599936730206,37.91626539342587,68.59738413383452,30.481578790901512,57838.17546161379,93.59904642349879
1,8.685508833810195,0,43674,110,50.61148775669987,46.074574081447054,75.70498633869519,36.507273180173186,40802.228454238524,93.41999287959919
9,8.280125542855655,1,58753,1133,54.31340179840807,49.810231935796764,63.20291578148031,37.53298878724114,42986.21959932155,72.66681694383252
5,8.791459781175046,0,70889,869,63.118176293438445,22.190436707392738,63.516986100798654,32.881432158138665,57015.654025424396,80.65162445577562
10,8.45888173890923,1,50135,1773,51.120801467141455,60.513277293126016,72.45112787634967,31.174268792719094,30653.166745730367,61.80960537927968
5,4.162618143847225,1,60439,460,48.4740847579124,60.46311663760462,77.4530807448444,33.39222385526986,50347.64656422476,83.1368644201552
6,3.2093569933932673,1,74252,440,47.86754725172664,62.26035925386899,64.97685706001383,35.696467205582344,62019.467541086335,83.95144004888047
9,1.193707947660883,0,76912,193,61.951875615115895,5.724276607487582,65.28279175286109,32.14878957781229,67178.53265375528,86.9560351405778
5,6.279499596577756,0,76739,598,46.510082737191304,21.235487841645757,62.4842195447601,28.10445145083487,66629.40778160594,86.62409273652997
6,7.06612538638856,0,50579,680,57.223844637972306,37.330505335466476,61.70654171023263,30.272405158554307,41129.037582407276,81.76366552989276
10,6.80659914798505,0,55492,1136,52.29131922434499,8.130402608269225,40.79979094217117,30.13269104198782,37836.55513096835,68.21877790340606
3,5.906674550871591,1,41836,416,88.49411337349761,75.62041107507514,103.3250388964854,40.542333108669766,33484.774162761176,80.70212906145727
3,8.204448560710995,0,53973,267,23.04686512798328,22.609096532538327,37.989653501111945,32.235236221640584,50228.4890016091,94.21412916451239
10,6.704848548710087,1,61318,1527,45.60313084133119,53.67577305706792,70.25941195484465,35.270096813538146,39668.715079502,65.43124449094508
10,2.501231225370176,1,72128,495,48.31250448486726,52.577400038491305,69.45860089875573,33.92621787166904,55206.42680901807,77.08176962041927
10,2.956901560210138,1,59694,451,63.61711773946979,63.876276623602166,86.97061309941866,36.59014379256795,44559.523123078514,74.3729899106169
10,8.762663386103608,1,62557,1097,60.44381507920737,57.64481278281774,78.85523677383563,39.0115736890899,43726.871601914965,69.20820664871044
1,7.171083781790028,0,53981,90,46.0415436083409,11.253549792804735,39.946761350562035,32.607851689292616,52128.510680205625,96.89493083946932
10,2.818363890602234,0,62839,732,46.900835200302204,19.09066695207044,59.51829032452432,29.998387087599998,51093.892908445065,80.946173558646
2,8.886124440574415,1,51475,459,52.22786841675659,70.53311441256027,80.90694622968842,35.31725843863317,46042.00872871763,90.07269968407185
9,5.113227746699274,0,74285,1445,51.88842025834524,35.98906279719534,54.15055712228617,34.753816895250054,54910.74476013812,73.86409816256482
7,8.664786250074753,0,62020,945,51.58163862942393,4.587968678677839,51.42816434015146,28.780743412591466,46957.185293825765,75.4613320485492
6,5.062779042362305,1,69632,608,82.49609471668936,55.335592571705114,97.85096957535207,33.41639340696718,59064.48229941672,83.82278022525725
5,8.590960486599476,0,75502,1015,52.70484036679742,32.28541935152465,67.91163437268949,34.483927843694744,60903.28288926696,79.39118272478758
7,7.747264159602581,0,47769,1250,53.33600940991381,20.058173860748624,59.443759276723455,29.08510423809813,37094.97459671097,78.19374079803882
7,5.0423873280422296,0,69914,569,34.387518557563894,12.11576033030446,23.061724277455188,31.388572472370136,61506.632450669975,86.70474999230917
6,5.010475021529643,0,64585,741,48.321708874078325,57.502574508316556,76.47083437783624,38.30510936656928,52733.96547076948,82.01481894889893
1,9.008010826822298,0,40649,166,32.71324003169947,2.6719957963541745,48.92292147183032,32.87622747775708,39360.103070239384,97.36130148595748
4,6.828436269276177,0,72713,683,56.36317551571907,8.67562805821547,42.45799462738209,31.14784369507203,62713.164940869436,86.11242604457512
2,3.6248070427674777,0,79133,309,68.65246541924722,56.48498103399375,88.9529717484053,33.24358940189666,70222.02128680165,88.97024978034179
10,3.871621384686412,0,65453,883,56.63573099960105,19.354940720979187,60.68146946241099,29.081853066099526,47256.45269689126,73.0807800364629
9,4.931100944274954,1,49258,1160,63.25362589635747,54.912032455429724,80.89918318268617,33.71042691247048,34944.489872318765,70.67514196911736
1,5.63853758656533,1,69527,118,47.13436285534603,66.96042772680372,88.59625864048084,41.29542920050751,61137.278741875794,88.29746278724299
7,3.324354971692979,0,43048,621,41.931752245059684,18.277984186171903,59.45765067726612,33.57094275123134,34989.34959325696,81.873809478283
3,9.79491505793689,0,61320,368,55.81542804700529,23.8456065932557,60.344365047168985,35.59426253226235,54680.7986760767,89.96954266295425
6,3.9290974488812207,0,70562,507,52.81242645206176,16.80555113573475,52.32846018000392,30.79718541297909,60172.36669444792,85.35069254554293
10,3.711269495328297,1,53169,1029,41.07632442287223,68.17552110458605,92.11154958732308,35.368990156159086,38278.10865332635,72.07569258358195
6,1.9267682949974603,0,50287,275,34.77473184593759,24.40243403938466,47.837949669994025,29.742560905952608,43657.23651122279,86.8330248961005
10,5.625865189840057,1,77026,1279,22.25044403272382,68.94480795840951,60.76335257352693,29.1413503895332,55473.753291816494,71.4225335464554
4,5.319828374107301,0,72554,483,50.892433307163245,37.84562585268422,63.601938150300874,34.848385768841965,63393.76036464074,87.01934868051985
3,7.613969919031974,0,52512,391,53.86578400375332,37.354958692818805,74.27936091532811,31.70187242488368,45968.29594133855,86.93170941966686
9,4.931598581760498,0,63337,1527,28.02518215860793,14.252839967239325,41.18965056098487,26.85404393399112,43927.82428440944,69.51707009265685
10,5.891462218029832,0,42775,1520,49.544558970422734,16.754881707232016,50.83238750048089,33.466189305876796,28993.677300357176,67.71323186087308
7,5.643000197974327,0,53730,994,32.61435242554139,25.680685180332745,50.28002250828376,32.51124286392265,42039.98741647878,79.29693147267217
9,5.984225678871371,1,70289,1416,45.77117478567972,55.74275312881006,76.60753909272317,37.61293667905976,47638.874206115484,67.28803304807963
5,5.117231739262629,0,73237,565,65.5245918383113,41.73369168343061,66.27005001854592,34.79141314670098,63752.0273856041,86.67388884259401
8,4.540611591072111,1,55689,724,67.04281520204165,59.66090879566276,92.85778851351287,35.24412961913454,43879.04915782323,79.1015249078553
2,6.413877396517734,0,75970,292,26.847498826789536,36.685974605512115,43.11240895448836,32.77601993839842,69328.28341584183,90.16637073550321
6,8.444782644438334,0,50775,967,36.01325702018546,21.743285094926307,44.44349290091211,28.783258853897863,43199.63955628409,84.42862669476276
8,11.585415339491671,0,57064,1741,53.07892792926424,26.420348789862388,62.734284726456295,29.11819953376026,39654.67993852304,68.73188765781492
4,3.6161396348204335,1,77384,374,74.58201162729293,63.058814625900425,97.4924049733265,36.812954424506344,62182.858780178845,81.47834849786302
3,3.9886469897657517,0,44230,265,38.20867376348219,3.3020143262314825,40.035757303833265,29.671300928290712,39458.94989975688,89.643513844749
1,5.704565292300592,1,43855,101,58.63960767009009,76.35704663759412,109.83391596630646,36.262118695316055,40485.44528895909,90.99136148410547
5,7.922046778415835,0,46538,470,50.934572925930425,16.953782960109706,46.40480223779422,35.07978039135384,41350.992115844485,88.85048513557064
4,6.542108339124129,1,46063,336,49.080158101466765,49.66465880243253,84.58056975542257,35.57714316820286,38149.70545257943,83.67020138290596
7,4.644179782867789,0,77197,978,32.37332774566947,9.545106017527615,44.38226105463275,28.9380742451987,61973.96664433432,80.67488717876341
4,7.878677256154792,1,64827,573,56.57108603235766,52.0638614354668,68.17487652825845,30.636296316684,52654.91489242595,82.4090952995999
8,3.0464634815683396,1,61788,689,40.75156550001356,46.81473881867921,48.83941714754385,35.45824962484646,49125.427972167396,79.54317785382665
1,5.1809421799555215,0,72686,87,70.2871402579984,12.087757524454027,59.71002654111436,38.661130549470194,66150.6412657929,91.48501178466871
10,4.174579045356599,1,45038,799,59.64764472877433,71.58411867272272,75.30506970307532,42.67901521419864,33771.00252388241,75.90782589517431
1,3.7785666943295935,0,73441,104,27.480796620545267,17.79255684186368,31.584228912744507,26.325893757965222,72510.45482052851,99.48269550402132
4,3.0584612894683407,1,46503,336,39.43040911275105,58.97453783241675,72.57937261859708,38.7057967190307,40176.77752647458,86.24463757548116
3,4.532696686498387,0,62516,432,50.61523387036909,22.015888897226727,54.12599693479156,29.13735717695907,57672.75312148712,91.562931708761
8,4.440065755945786,0,53233,277,53.35057282899927,44.84163882789933,75.36212076151367,34.65661804899129,46931.986575718234,87.89032348295476
5,2.6073261972358663,0,73831,377,25.6150090562075,26.72796000111032,33.37523433968974,32.72888454772075,63951.87009325215,86.28289091293647
8,2.683576508808221,0,55812,646,39.383362061472184,38.259663903725325,61.7099975882855,35.44696911076486,45261.579729699726,81.27275884074898
8,4.26065409648502,0,74398,661,49.01083934334726,3.9506240124940426,61.98729784752341,32.91478903164588,57821.45198814884,78.00897420958323
7,7.027076818328447,0,45502,1087,58.32956879864621,16.88659145230126,54.280266901424575,32.63841963804785,34384.638296314726,75.56036139320746
6,3.3466081697524555,1,78803,450,71.39853226858371,58.944597753907644,70.6076263831489,41.88815781869015,61525.10929901996,77.81678236714588
6,6.782181802374817,1,73395,777,56.1834190886994,61.758351819831724,79.9357722725569,36.529957243673046,60718.99086130526,82.03337423210755
6,5.9726982721197155,1,62039,1083,23.069721593036306,50.05260497738389,62.85550122684647,29.263466184443214,48068.29656017374,77.35113982607733
8,7.000711812551868,0,51855,712,38.406524547994074,4.693139744850654,50.71420408507991,27.868218289837685,42258.83635081076,81.56130609515837
8,2.307209334762281,0,74860,612,46.14811939815104,32.48639002048938,53.74437287016704,26.847164347762025,60662.01467359617,81.51108490216666
5,4.008511531276493,0,66626,395,36.49986215040899,22.315863932847353,55.0311541968326,27.252597359368142,56495.994278687875,84.956263901682
9,7.298761754480752,0,71755,771,51.94095371623227,47.53524837471177,69.9484565068362,34.52270804950026,57328.181929897844,80.19103318620326
1,10.267345082664924,1,72211,185,54.31987780900714,85.15261742544867,100.26408656571394,41.282945096436535,62350.49501375572,86.50886177218528
5,4.534339818731104,0,61957,159,25.46515488661946,32.25412615669952,46.21076659202625,31.55969441428118,55977.495815494396,90.99103182449427
7,2.161184591825204,1,74231,500,24.061995659622646,62.86722734099821,51.07375316329758,40.72296993413873,61117.92505417832,82.74016003225816
7,6.611642403519649,0,51882,487,30.031660851945205,35.96559432607858,50.70222041452322,31.070508635154102,44425.4559401363,85.74506596352062
5,9.05207159533026,1,40460,731,43.78215355027531,51.95870037337545,73.3587624061458,38.861569040359186,30948.359519834547,76.63468234691987
10,6.3362217419355975,1,79215,945,63.018600950388745,51.53214096598234,70.48646884911008,31.191393749165236,56980.74692143657,72.04127201753305
1,4.4461810013529215,1,45216,124,64.81003419938423,52.955215060570566,69.56664585169855,40.91669766783069,41631.803481448354,90.85482420816865
1,4.473427546202146,0,77359,102,59.1573661693177,26.365808447694704,55.5136917901361,30.423791477629624,74312.94604646425,96.47077194826562
5,8.210881952540236,1,79867,789,41.76256320729228,62.443642115959314,72.14026678619342,37.23920656950509,64344.05346980739,80.16389242743615
7,11.483182157811134,0,50335,701,59.29869412244922,32.863198796856445,60.03782753703288,34.82541718771786,41025.56582921439,81.1432496156315
5,9.101518051919262,0,40551,1019,43.37918654271319,33.51806848566524,53.75454617629871,35.90100115663601,33141.781430492636,81.0888177142043
8,7.37576770437753,1,60142,838,39.79255566456448,34.37429212312055,50.00643378706753,31.470308600932995,48442.052605953075,80.57807213479539
7,7.0528245098717255,0,61962,1259,55.905833237588546,22.669670562647735,60.20373962119765,35.106163280739096,45803.63667482238,74.73434834033274
5,5.7702520323817765,0,73980,405,56.867472890900636,39.79291856601151,70.02965490871487,31.593874237940398,66177.179563823,88.79344443580817
3,6.285381607493542,1,46791,483,74.74382691631985,41.739073833344264,81.24728928961588,39.218692432465716,39323.628165313086,83.57836162224467
8,5.719470185660498,1,44806,1151,41.675164769374476,44.310943697856764,81.56576710189817,36.62169395394879,33266.281302897936,72.31009757021218
5,1.9512953486359477,0,58977,401,26.050296123797615,22.167497970031356,30.86913034915399,32.42106237413924,54577.34951772102,92.01524868383585
9,1.0,1,53931,255,73.64708224867526,42.52195609853726,76.39605345271609,36.97510570093615,44058.00033385668,80.7352718555786
3,7.036026096383451,0,61857,344,29.12360355943526,7.704326079259811,29.876421472279905,26.684723599441217,54759.55508355244,89.36299991272924
8,5.596938082131306,0,70405,915,44.95952306756995,10.166506590722731,50.487268029836706,26.216112235918015,55246.493424203865,79.25114379984944
8,4.465513319368787,0,60398,948,69.70951965149153,25.77005642952666,66.9465202574461,37.922191610399516,46539.11582390185,76.10736078314702
6,6.358339454314878,0,74022,1152,36.70340028771591,22.294939710662828,59.07131859389058,32.75796348281295,56587.891585054116,76.09140679224478
10,6.364805621847058,1,71893,1159,50.88654617879161,68.52748032390093,89.98327703601244,33.99824255342003,46086.32653746554,63.899131976690455
8,3.6705458408045044,0,65044,700,42.240710796816,4.338757626350809,47.38910945528955,30.857193181714617,51832.920425431636,80.17136985955884
10,3.285311857035715,1,59930,738,64.21579134943597,56.469888048825226,88.97892368143037,35.96744851997965,44098.665169682245,74.12217938444279
8,7.605080000669243,0,51338,1471,64.76474758659062,2.0,48.301664387531005,30.953285337800285,36706.431515246484,71.92517278957621
3,3.7518314609777743,0,69129,217,34.353402510872705,24.98608223225828,39.134674087108536,30.269738167995335,63330.227729444814,91.84339566970728
4,6.2190317391683525,1,64853,380,55.80683750451821,48.83256719763191,84.2584688213537,36.152927012092945,54237.36370802014,83.77356576524623
9,6.017953646884841,0,73795,1291,53.35554228880842,25.395711992146982,51.00654014552138,32.635823028127525,55254.55531719024,75.67799769082046
1,5.217707501394273,1,62225,100,66.14091933565325,77.01258184148288,106.00578645259989,41.90176723922691,54450.306844724415,87.7664907692557
10,5.330000098714548,0,57724,1707,48.03955147504441,45.74624263639275,68.47030640467065,29.82832842032359,39174.75290518144,67.92112643846399
10,5.765512964629073,1,46003,1184,52.84267623642001,34.8119411547557,57.95111111111613,37.16544684763667,32404.37545105652,70.11222793548257
9,5.702515577805453,1,70329,401,69.5145140068404,48.22112505104194,76.8002659448308,35.396536695961686,57310.23628076166,81.2837619412444
5,3.3037060362247233,1,75846,361,58.35530382868016,64.33462357056929,79.84700876499915,34.17607882787981,63337.72140188667,84.00980109045615
7,5.444784665838327,0,42810,386,35.34338268865959,12.812704180846993,38.35387252570924,33.2377971623271,35580.585788456316,82.85300146645285
3,7.334239440646129,0,65613,380,39.460976890814514,34.54769153342772,58.669724069387925,32.82586512728836,60580.44399658937,93.71124930118053
2,9.446732669122037,1,67909,278,43.9952352749335,61.278277568196295,73.7140548997053,36.75153190517402,57000.328948180744,84.07533285202926
3,9.053814584538523,0,61006,418,24.03260346865143,29.69906720833756,57.53045419091451,32.536707053079745,57813.83998522767,93.26458727260564
9,1.0,0,71923,194,35.621521536273136,23.937650782594638,50.8036003416754,34.344688878090686,62491.00283472048,87.97435175561692
4,8.111995923942196,1,73033,642,54.49745759139313,83.07055081097155,82.31350759945191,41.17078855954942,55372.19974667595,75.36346061238167
8,5.922556502883649,0,46731,625,53.742755689172895,41.72179895418515,63.12392354282546,32.19952984784669,39129.69660363426,83.74250530099349
6,3.5258121081868627,0,76951,820,27.742852223912276,23.60747768941085,38.14387171991927,29.822366254090408,61880.014305611156,80.24498880974845
10,5.4347777279723255,0,47193,1576,64.36270581504779,27.396953318915056,72.64615706311702,32.674536049472664,33613.393158935396,71.00527841761156
6,8.788551164089851,0,49903,511,5.0,11.091286198349653,33.32964512922551,26.012856386802557,42192.49331670523,84.97704859337288
5,6.339680338319705,0,42362,655,32.156091980767414,16.099189560994112,35.62154783729377,30.590796198989647,36535.6037287807,85.68099131666833
4,4.971567543733197,0,51560,394,45.20740873989891,25.713564004432875,50.17500575941816,30.31453343758053,45232.39285831976,87.73389843779671
7,4.221926712453948,0,62484,822,60.8713409687856,25.07893393739464,56.3061563882775,32.653160002103654,49463.23391080632,79.1967592972809
1,5.489743392870947,1,57451,113,38.63256180395835,42.47285118070029,54.99030289834202,33.1832232542869,53390.86276092768,91.93421130220571
10,5.2667164381648535,0,56630,1184,51.71957168706531,18.450326695473727,69.01906289610001,33.84823283105957,42830.3080525345,74.60082571826068
10,3.7545917816183256,0,66345,611,80.71204214824554,14.035849842169506,59.091304485626026,34.54326890132206,54210.64672975998,80.76344915746498
2,2.281438661281922,1,60190,77,60.80733688386988,55.622142527089935,72.27936530299591,36.29907431987402,54472.1298717336,90.60329079542394
1,3.7367733236869487,0,61759,41,33.93386786504698,7.6769995233759545,30.108971756141038,27.294517296552723,62943.61842346914,100.0
9,6.492591327324517,0,51036,1404,40.3829258371878,46.34574669476849,51.36473077162489,28.763615553842953,36827.99089109252,72.09263126779511
10,1.0,0,46532,449,50.362965997926864,2.0,45.75287674382549,30.916862737643704,37795.382730869525,82.02426822830982
5,3.6773098226625804,1,42093,505,37.77871086113708,67.46814126015462,53.86539542708746,36.157368858976724,33618.33904110529,79.96982447202507
1,11.163591147514342,1,56213,164,46.952930413072266,77.02504490851933,86.83544120220576,40.7092054593233,49368.475807636765,88.1265291578301
2,7.079305586880177,0,50561,272,42.13056038119191,56.605699975525525,60.357944643044135,32.16865219348663,46890.77289894611,92.38442046015479
6,10.105289112034848,1,58379,727,45.743743984998304,59.7152534210958,92.85656875686661,33.420821909273585,47105.1282062977,80.86980103455632
10,8.181443531363142,0,63815,1626,51.18231078842788,14.701440309792776,51.07897423168272,33.967243647752625,40949.29446222067,63.90249860628483
8,8.246580947015456,1,62918,794,66.00532396677956,64.15189829063137,82.19799934561934,36.893968070529866,49011.92312519383,77.36316510370165
1,7.600723871015306,1,55270,121,67.46894759381962,75.84583378527967,90.81752841702145,38.63583875809521,46656.65733017358,85.74425047843216
7,4.72046386331628,0,73504,671,72.18649920641825,21.45511631338318,53.173956163949796,34.565433387588875,61869.0098319627,83.98886704340691
9,6.4551837200833395,0,61613,944,52.075488813379785,27.745914215356795,62.760355928387646,29.25923784699021,49076.54604112161,79.19499531220258
8,9.319774544441394,0,76746,911,43.76461304497152,27.06277994223714,49.61892752814728,28.54459084304808,65030.41769081538,84.16362089907476
5,6.564615090524584,1,79251,673,49.54200810768106,51.336908968634035,70.62826984716315,34.858597285054586,63525.047081824196,79.68007329713099
1,5.2825863510429745,0,76869,112,44.269275955274814,48.765337747886036,73.07646763510765,33.69480021984133,74555.36153663891,97.64714980657794
8,5.79493034696821,0,65327,913,37.134627005167424,24.176868905462182,56.63192327456115,32.759650018614046,54475.73006854065,83.44359153853921
9,9.207991635938573,0,64127,1396,58.74982644057156,46.04258842548864,74.6480382399724,33.26550705315542,46641.85353179063,72.08439089109858
6,3.042206380479733,0,73888,495,78.31800405758692,33.92033732046814,81.59625109162135,37.96276038320204,61153.122658960165,83.50328073799801
7,10.148364443313952,0,49150,1007,42.68255550235587,27.7789165880519,52.30582246081503,25.126601768437546,37351.532821153225,75.93280729025156
2,5.348525817330508,0,44379,97,61.94180665800465,4.046791277828149,55.66580363092079,26.887464641477056,42881.63901293799,95.00222573876185
10,5.513283788429831,1,46074,1214,61.14124593456896,59.971440954964876,74.11470690089736,39.9661487903629,30536.64627161279,65.74389124423382
4,4.873978865237985,1,49857,187,44.17685835699194,40.079947963587365,47.627488190410084,37.093021541483395,43763.33244929169,88.03719035803611
10,6.3040525206728955,1,50821,1448,74.07882530969768,63.29376985830154,80.83015099135916,40.04499326789177,32786.257419208356,64.62096871856644
2,6.147617649830506,0,42151,255,47.29045785224599,43.34514016110529,66.42361288043679,30.75381797485543,39545.27058212121,94.15482898230296
8,6.860330559395514,0,78333,723,42.21973667945382,38.63736749551252,73.21717315555674,29.96860826598126,64378.16955020978,81.08800196122884
8,5.012180425953608,0,46863,646,39.805110367384316,10.576925961252682,49.043790892378574,29.03506484946318,37926.81537104494,81.26004261975918
9,3.4104377771114356,1,72994,677,38.979997148066126,85.65279302534275,84.29000964034712,38.75257164200587,52746.41760128221,71.99212216819488
3,4.459381995928061,0,41582,370,47.59200227884171,2.0,32.86171898016738,30.278180646566394,38999.749511553884,94.77064606941549
10,3.6763569944547463,1,56457,1132,68.70146867612831,53.24324900681167,80.15583344553708,39.92944559738041,40937.022551414426,72.42845653238092
5,2.704942052205099,0,79497,553,46.88663445227055,19.535727182788392,64.11414246521943,31.76696085395925,67128.98092786805,83.87422512712237
8,6.909010145186333,1,63083,1250,39.46914124883958,75.95783417189134,70.78114377084037,38.53105100768899,46857.776555029865,74.4760846325132
1,6.931296976414944,0,68395,94,25.940605382564602,2.0,21.21779626781276,30.782908098711054,63856.15784341429,94.04826857701869
7,1.8570710011358358,1,49501,299,97.97235440909262,70.84707747165419,113.8025039881742,41.89639688475376,39032.06104797397,79.31954023258984
3,3.2859105195227505,0,63268,388,40.191552031885905,24.52314424549984,47.95873056845603,33.6276905652039,55916.83755980666,87.53694437440022
6,8.208868020937473,0,71060,1212,41.32702119796174,40.374032070127086,55.326011326211606,29.954669047991253,52963.84272047408,74.3638673153479
8,7.149223896758711,0,67169,1132,61.229486982281344,34.428121637340126,66.17262194600781,35.75229901231452,50203.624432579934,75.55971653938101
6,8.721114746892432,0,63016,1295,48.04250842868149,24.858839257033857,51.21913976065385,29.360742529785934,49857.176142984084,78.93172830802463
1,3.8984298610941703,1,45592,60,66.52378928544977,46.41950752604321,66.94507961392304,36.962320655742474,41791.52040867607,90.50971611531634
7,1.0,0,60630,433,25.039257139303484,24.655440075776553,43.828762583395736,26.323354806282907,54172.04892423895,87.51742808633381
4,2.0398017059023115,0,76827,287,51.30686695366588,39.702397562908715,67.07991447396005,32.98463729021256,69345.80981907895,89.6047653496687
7,6.619190978642263,0,51892,1002,63.45507482734941,8.433723260865982,48.14313411777115,33.557138933629425,41711.564286098444,79.7822704509839
7,2.9343009329754377,0,65208,491,61.53449537355266,16.088131247855237,56.55897451527301,31.72702360915489,56031.43723697257,85.68980006500061
1,9.181822883872147,0,64629,84,21.565051600198835,25.585493510993164,62.567090299671264,32.334746949014026,63305.090428640426,96.96817497278556
3,5.908772419447066,0,62515,391,58.876663740097214,57.38004239372268,67.46266918157856,39.39126460898305,57775.64360751489,91.70214558222173
2,6.855087452878262,0,50899,416,46.91908859825955,2.0,46.9956795179878,30.062137055325493,45476.973871891365,89.21191057972878
7,7.305153991511614,0,42549,868,54.024089452580576,33.056508584367016,55.87887370456409,33.407480361384394,34331.1041521495,81.34983971890696
5,8.341740568690886,1,61109,591,62.11091049767568,62.330110542936566,84.02990019252704,38.74160191068152,48292.19496156151,78.68670922829565
1,6.194803825904977,0,71095,111,53.20921006280669,49.90589172310767,66.94791470704243,35.10999054264011,67902.89517997949,95.42055343529638
3,6.789722147699369,0,51052,395,60.4950689178474,37.06462177728834,68.14033641839791,33.821796371059506,46100.09191259083,90.58280617558468
10,1.7199696852030382,0,54277,397,53.58678714160029,28.818199842218817,56.732344795416566,32.00209202536631,44228.24221043958,81.44940139257476
7,3.379155109020951,0,57707,700,26.883916459565995,27.709210322786312,38.87137868531515,26.506044224439606,47882.77010025741,82.67133736990515
4,6.9026101399503785,0,49033,406,63.3878181333844,30.439543017918723,74.82843151400945,33.97872609494711,45598.96843174114,92.40707463817155
10,6.2342745260468035,1,68111,1671,61.3964561117164,51.83326335225211,90.32168863733777,38.813232916009476,43088.838803548795,63.20010503723797
7,5.046779005789802,0,69368,432,18.1111234122563,35.535039874184626,38.821099707983905,32.437137763607055,58625.0870705466,84.64042977680892
3,4.1888712244902475,0,66931,366,53.404605291569766,29.453439627618565,57.29094433417226,33.69056713395154,59998.578257900765,90.76757897583764
2,7.479061766803976,1,57463,217,78.91414551431599,40.42027145544438,79.94922480036713,38.50484010976403,51641.64731887343,89.6543326742516
9,6.40598000144399,0,69598,1175,47.82323136067259,20.80791479497833,43.337772327387526,29.50491553271529,56124.966157397146,80.96780990531742
4,5.066693835984135,1,42087,470,51.57821625156214,83.03984429636412,85.94509636155999,35.60537970596145,36020.028589301684,84.90601245432536
4,10.45474651546468,0,63807,657,47.9935583147171,30.37261107219635,65.8279361417958,31.16827320404742,55646.01030099947,85.92241697841102
3,5.258735412351887,0,57612,295,44.88812576312953,36.31468498493847,64.12937894852107,26.359000709930466,51841.53408937008,89.8275984158894
8,4.326537724809249,1,65335,1056,55.174029448478514,73.03851717438128,79.99400603587088,35.32195888914111,46034.05562829606,71.03680078848576
2,8.640966149037068,0,55502,223,74.97558974166039,27.99455538359379,70.93060753797721,37.8838295003142,49022.709149686416,88.60853082645036
1,3.8101320525772286,1,67141,123,52.25667504404575,54.014175974611504,72.15002964399017,40.76333508523562,59454.453891507415,88.40209692923645
6,4.358207274731374,0,63969,194,80.7728866285141,20.50316191245519,64.36446465473594,32.20701593910451,55354.43872789333,85.26350231750864
7,6.735090075192419,1,63326,959,40.91740130052949,63.943699430729446,73.9180918738535,39.10204062018817,45724.2184952333,73.114101910317
7,9.67111834796922,1,77056,652,41.08074300282733,62.74831544528068,87.1257191139137,35.4145791409154,56120.409511284975,73.35393294238747
6,4.919848303528278,1,74131,627,75.63805052877883,68.9709213367139,85.29710801371775,40.28287319742045,57058.57457263045,77.52960573271535
3,1.3171733460315318,0,47875,85,36.49422541246473,41.44338448575101,61.59216435123385,29.519128887732258,44420.27893522053,92.86656623618121
9,8.531191592915155,0,59944,915,70.23349819894892,31.000065403712526,73.45038932844918,33.466996920174516,49316.93519756755,81.85785799624342
10,5.886767013746008,0,58596,843,39.23351542569975,42.71480923113377,65.21097122998255,30.736251596972465,45061.51705128615,77.07507501149604
2,8.093561648623547,0,46423,236,45.64378215386726,9.47539015694846,50.0173149910529,30.935666604418387,43293.727761657705,93.34501178188796
4,7.0629052268088115,0,68643,210,41.53686497652075,50.2421343482512,61.62877337585364,37.93644942988123,62172.580255497356,89.90792061131074
6,8.816449629800436,0,71323,959,72.63732248301238,25.12761347367954,66.46101932422995,33.523083220498485,53468.37904299329,75.65869498494533
5,6.207275720773733,0,50617,542,65.92692974340689,28.9392869692598,66.1848254673586,34.87561570953295,42566.37401469546,84.31349562330686
9,1.902474800258866,0,70626,475,49.788168292884215,35.836312526855934,65.85924670889929,35.4402880323336,58213.67089047285,81.87075189751607
10,5.745399046592749,1,76505,1250,52.82215984180603,76.64353285822578,92.70494628181694,38.63110684113863,48440.06481185907,62.4614920756087
7,9.410447866563938,0,49453,748,8.9478455289143,29.993746744506513,48.44487601683194,30.26371407077457,41192.079619478434,82.90659688407973
4,9.877429284791999,1,41972,664,62.420416891153025,62.60780559429908,89.3807002133378,35.189022448593015,32297.296153238,78.28335863043945
2,8.622751529415497,1,74407,317,45.13178543172878,58.12310855827957,67.56201397130785,32.62280748046105,65688.59018388072,89.28532839509951
8,6.450984651963152,0,66776,1299,47.77540130944828,48.13218377266698,56.979265921912386,32.935422070509645,46856.0574215598,70.07717205531179
9,3.49695533265073,1,69563,974,81.50885031378418,57.23836491495988,85.72773731012072,38.73961370543517,51247.108076517216,73.21518124569381
10,9.405960550379945,0,44529,1435,68.51051486090262,25.88492111425625,57.669257256422,38.22372689687937,29840.80917722785,66.86952808481489
3,3.656993982937602,1,75713,296,50.98283674360319,42.22463491002094,64.52766071294937,36.4418199244453,61221.82604121569,81.29098851876722
7,5.990692644461678,1,48327,903,64.50608234376878,58.10629567488988,88.2392492801531,44.217487711759254,35977.00209662205,74.85135118636349
1,5.400357876719399,1,64205,117,49.16159962063762,78.31554789236046,97.44955889343369,39.70969216281017,57517.03938143613,90.22175450397245
10,7.094714178843414,0,55251,563,30.433552690202543,22.01080530155995,44.6179060779405,27.41984654600817,44648.00046320803,80.25733907581213
1,7.285699024140533,0,56499,96,31.03625502225806,28.94244390864455,52.35812131463286,28.933653731752077,53107.03704112316,95.0510221764971
8,12.31231956822003,1,41076,1560,71.03061163399849,58.13573253225359,96.04461901699267,37.43015411174716,25717.020486195608,62.239517965857715
8,9.376846476971348,1,73989,1007,48.533002988002316,58.6429771261593,81.00134918268157,32.1990480268535,55208.76502558341,75.04561043066117
5,5.7879805871123935,0,77201,481,50.19020888160951,28.34684881907609,65.93960956261444,34.02229562994325,63508.72273996808,82.93596481074161
9,5.3209555088843405,1,54626,790,65.44309647969459,44.05034912013254,64.87705882454468,37.83337562487252,40076.84193967975,73.52243498612152
1,3.303454752402049,0,76126,65,63.10773909951684,28.73059983270237,56.555046864640744,33.994753466286355,74976.75553469933,97.8578693105888
9,7.7070148061341115,0,44008,1288,62.68234209516366,54.75459989098389,59.48270149928112,40.135129699728786,29744.784472007676,67.1479172590693
4,1.9756591710114844,0,41841,349,36.64927592113753,19.832647159298457,45.31165197509755,28.644967445244582,36858.89551593919,88.78230250224458
8,2.551110866039716,0,44674,669,69.8571566319717,18.26415972200559,62.52583990595837,32.3730774278582,34908.87685375743,78.5714981165774
2,5.7143932681261695,0,65739,306,23.770861795045537,2.0,35.89467997411149,28.48133098675027,59837.02129659176,90.90873711919274
9,6.444344485818732,0,71557,738,40.25366560915903,2.0,53.8353629168208,29.975654831279133,63356.11047113177,87.92716721393862
2,5.009323009864873,1,78297,334,46.849340024461874,51.3315450442353,64.519459829797,38.432575922283604,70374.05131566069,89.49018888384809
10,7.4405813733182065,0,41913,1611,38.23159507397117,33.837023722290226,64.06378101234233,36.101088938933536,26817.218576827137,63.95911493389884
3,5.00359001846967,1,49723,218,50.49643083778905,45.666794668016124,68.35131618077828,37.91726725391237,43223.151452612285,87.26703283922255
6,9.196701803431829,0,44617,834,52.52189607004077,10.302183759826224,52.63080470706532,31.077192441226078,36365.44604934313,82.0692270136467
7,6.9952523550961825,1,50581,1170,60.793420555966414,60.149809632757695,77.54596748146037,35.80399685024654,39080.94845160869,76.8130701689572
7,5.090982536797242,0,58329,639,31.991931350540824,47.03742731268219,48.60516303434124,30.153176583715783,49349.8502892088,84.23492818286509
6,3.9171065792424797,0,69601,399,85.9587300473992,15.902176146414796,62.965159133740464,35.16694390142927,58319.75052798255,83.99156080668178
10,10.004384620550422,0,65013,1044,56.6412567727298,6.296319618117693,71.91018780104883,30.646847566354847,48527.554522211256,75.28534657031295
7,4.937303315725641,0,60242,715,61.69522158878621,30.038844073355826,60.191916273915574,36.50714500394841,48654.88329578174,80.23474477480202
6,2.4836833561764062,0,78135,558,34.58602376970673,16.981496337997,58.388163365804544,32.891710338112134,68388.5256656639,87.43138517875991
1,7.450348439794699,1,66179,129,55.83970082594172,73.89467472462482,90.49528257301372,36.168510710933525,57681.95454703153,87.42031494451524
3,4.662233085741333,1,42759,275,59.26728891925367,71.2461836538627,71.9194433600052,40.047461772377076,37081.47144658356,86.03616492785159
5,11.295094280166058,0,61422,1166,43.622571687269236,19.52301436197495,54.98274980087352,30.800850566512068,49911.521266177144,80.6722196409334
10,4.814220555751325,0,75681,1019,59.47122955051222,44.9545398320148,64.30601060719043,37.57075808494098,60162.889016271794,79.47058964570742
6,2.9471472248698456,0,43561,504,58.861717800849625,51.81460533179352,68.09596170540027,34.342703567126634,35932.09715819555,81.62786200309395
1,2.5260146526454736,1,51063,61,74.35136599219044,66.22053945860854,97.89646363442549,39.81072612931096,45173.28048781781,87.98082135804056
3,1.5390637277864618,0,67508,73,41.131949209890195,2.0,39.90684270431119,34.07251053796858,62598.25314214208,91.62795965648098
6,7.631839788769989,0,63219,930,58.08704724761678,6.2136874521689265,43.532926567200995,29.82735930983861,51070.296644135036,80.34290124661884
2,10.251852382304783,0,59886,261,29.260585746996302,32.15989588125548,43.23877900822717,28.35240633442276,56158.32387053381,92.11346731784076
10,6.565572494937548,0,58834,1739,36.68704182533228,49.963658566818225,72.57153059377994,33.93914002963887,37774.712604929984,64.0766725905357
3,5.356478287979157,0,40576,219,36.33281782191894,21.435328317913257,42.35116097566796,29.779423943408165,36761.89100143957,90.5940377926893
8,3.56346656238964,0,55665,434,68.39439961479259,21.414561146662248,59.480707809313444,35.93304251385982,45719.164967803736,81.9466574840274
8,7.74729796597549,0,54191,1446,60.198038159691905,39.91938450581781,83.51250373740335,36.28971336643175,38968.20237889459,72.05226867818065
7,3.1609154614405868,1,61373,672,55.90838548886584,77.0054870473449,88.55417086263593,39.10499735961744,49860.99034863173,81.29100083025838
6,4.692357894615295,0,54752,518,59.80022302562874,34.897287439044604,62.45385976752402,30.055028465023618,47705.339764679244,87.38536504172316
5,5.267065157923955,1,59341,442,63.80137924960327,68.37828670508448,84.58891065753129,38.308526639971376,47296.08866259497,80.23882110655505
2,8.502694784073814,0,71761,230,30.20570390934353,25.768800849660124,36.74811205321552,33.75574800522361,67587.13345739321,93.90605391561311
3,7.720892078634233,1,71901,500,37.93077912143723,37.85118038091112,58.97829278961535,34.89513091572127,63495.06448640941,88.50720362729405
5,9.229245772298512,1,64109,866,52.13763260521462,56.55619028547614,71.16798678263855,35.773813663110964,50330.678433434245,78.08808703780518
6,11.218249269932983,0,50069,1400,28.351325376799405,39.3739308053933,55.698221875965935,37.10161147872006,32777.12569818951,65.82233411781934
9,5.655806563347258,0,62918,1009,55.14332685300236,51.80562499155743,62.45161663161996,34.33043576738307,47373.045673825975,75.319512782857
8,10.507815892435161,0,44005,1228,77.36193058054373,6.823524756106238,61.11223639669069,31.658548770482582,33880.75277959115,75.80622890550417
10,9.582889453448258,0,75958,1196,41.36758483888976,8.1748366578334,24.137352568347342,27.06057258892629,53062.69191298894,70.23379210225372
6,6.637497248798244,0,44354,623,39.30427886781625,37.35273130125401,50.42251345188524,30.81267402484393,37739.812654567046,84.67706001484264
5,9.329487458983591,1,52993,843,41.18408852033611,61.899650927457984,81.26941116426227,37.36871865855898,41128.382901256766,76.72789425552973
8,8.430645301876654,0,56188,817,61.45045773279271,12.131183510530255,47.958838205991974,35.9181369884931,43268.9735345069,76.37491309533439
5,9.904779396704654,1,40322,553,38.41192077865016,87.43894701953113,92.00729648155115,35.085739381411514,32377.983243049068,81.44162901467347
10,1.0,0,54190,439,41.84143874048539,11.01898689406875,35.28115492268417,30.939234111471325,45268.9731316584,83.10339316664339
6,3.96785178697773,0,56541,524,63.49314435816173,31.008320504011017,51.36736133835747,36.44423278026381,47793.001255620744,83.8900395480298
7,3.102031727062113,0,73303,503,45.804501561074815,33.84948013805281,51.4019424792899,30.22092326336858,64165.61025316159,86.96516544642759
10,6.697638079331009,0,52439,1071,28.8748964755109,43.989047884677476,53.281968894316925,28.649483096642015,41236.171075180755,78.97410337656274
8,6.626471998571572,1,41724,744,62.213850701252234,51.201474307873745,75.05874751602657,36.100281486040956,30650.648931061485,73.41943681370009
4,3.200072136844923,0,43775,291,42.08373065951703,24.04521569019077,47.858221837461784,31.003697383946612,39006.09794247208,88.63368259837384
9,4.504179867703554,0,55725,800,50.06754041516155,27.579021244720277,59.774757997255605,34.72360450698872,43594.68914607839,78.93097001070541
10,6.343139273093227,1,64819,1611,52.217452770713834,40.12640404575025,65.5003132913625,33.30162111193027,45619.06528333927,70.27438247513737
6,5.659873957671891,0,45231,824,37.873412901851594,23.215981005195488,38.05131582147879,32.55263833527512,37001.5424677757,81.92630184181407
9,6.019317692736168,0,48074,836,57.403454144916,22.694100945809062,68.45542485984211,29.802566003963772,36647.942586477846,76.93971624521282
3,5.085884926859555,0,70237,246,33.304124051613684,41.9006879994078,69.56095287552888,31.553405247817995,65636.38002360801,92.89104569956835
5,3.2923570131089694,1,64591,448,62.10344807656219,70.42577018101859,89.83445070010274,39.60654569718703,52178.50847676678,81.59411028475816
8,7.376119833859322,1,50201,1056,47.80638376193833,56.2452836805892,65.11106189211517,32.3379326117858,35303.5489612881,71.262070293808
2,3.0056253239316573,1,56847,216,64.17024957849507,54.964843291114356,77.76245153018421,31.943776013243724,53121.12093804371,93.19421264259032
9,7.784335624768124,1,43523,869,65.33584625957239,57.51313724861612,75.12175283259843,35.248778714313815,32962.81141849124,75.38702482565084
10,6.503180767114886,0,41766,1386,44.690867334537714,6.7689925224100485,37.71897007106937,30.398825284132332,29350.81775016708,70.98985323805093
10,8.095344249320643,0,56316,907,49.905896250502806,17.541664227478854,59.123604040896836,32.48841125807933,43481.18108121611,76.21433189461321
2,8.006028939522096,0,77962,338,44.950825080811285,40.871768516136626,60.22581850779371,33.18745816779606,70291.29884099301,91.49544640474718
1,2.611986134930146,1,57781,77,57.04714022714963,66.81779892042077,83.10502292120593,41.21465639569529,50672.83242977264,87.88390058595762
4,3.2423014665925134,0,62850,409,34.73845007081607,33.76406370783239,60.36624423150096,35.254734334263006,54136.239300419315,87.27413595912151
6,1.0,1,49607,243,59.16571227308312,47.233287527136966,70.11873506812056,35.679637155740366,40359.975515437065,81.42733726836688
6,2.6649773703246793,1,47770,520,79.04668529007226,67.85714014145653,95.67113072148507,40.21341308886427,39395.78746142644,81.95052152561834
1,3.4745556624224827,0,57475,91,42.83398012031704,25.27110942491376,62.471194986037155,26.50685699983252,57761.96458336377,100.0
7,7.848237022833853,0,53274,994,23.672133499871634,21.62296583355011,42.37472163264235,28.60542771802716,44015.18046129965,82.80146543303525
5,7.131718826020441,1,72051,920,76.34180687063972,63.913553946471964,97.08993441011685,40.59220215675377,55100.90978486202,76.80350508686196
4,1.9713695189341713,0,49258,332,23.830678968592544,23.675079607922864,49.9257362329642,31.661260466483277,45265.1212458576,91.39212293774716
5,7.599785263151472,0,45305,962,51.49467620384762,15.971125307449412,68.51146940030253,28.37928413693234,35213.55592224488,77.68112971579586
6,4.567885862648654,0,58910,724,17.50307228877138,53.89938395770254,52.910747193028186,35.90829012818445,48894.44793687672,82.58613010903204
3,6.364395138211498,0,42574,350,50.26715969946035,20.139843427141656,53.44639172729187,35.8366538544247,36492.68714530311,86.06856838994904
8,6.034169611595236,1,40468,742,97.32736079575324,66.38677583528694,85.57314522613405,43.256379237446126,30113.253503417105,74.04002972451741
10,5.3132163893608695,0,72718,1037,51.96602243636083,2.0,43.464045088838574,30.418263680615482,52892.11835376743,72.2174690443626
4,8.61926903098584,0,45650,419,60.825136523627,50.38208533645959,83.03142491050498,35.25375765549281,38139.22394554742,83.17144046976597
8,2.636431210627055,0,40136,474,45.44766938238641,20.53275729254779,54.882299108437905,34.158007387853736,32245.3021921685,80.67266455106757
1,7.23609201812322,1,61158,139,61.253020986798745,38.235572241170416,72.10337057943282,37.141743978045916,57369.74399517428,92.45794830644112
4,9.015128442370196,1,59732,600,55.34785569789594,46.41569482594879,75.09864377292142,35.18423001335849,48917.352262835935,81.5132351136732
6,5.102977004550787,0,43158,669,63.320681278255215,21.20838425130561,64.35556456858895,32.39562981436927,32791.400263052914,76.95720195173266
8,4.57400984943451,0,49825,875,58.84427011306009,27.199519321325823,72.55659991649256,32.95479713382797,39437.86008945545,78.01790694475712
4,3.7957709954930126,0,44610,515,48.71105256532846,22.561856670863186,46.48732489174416,35.55584960725378,39447.98813341089,88.58801263191059
3,6.4419434689473265,1,65598,355,48.115290354207424,54.26379387001997,75.2160903697426,37.37315418497316,57008.11349481568,86.64909138132802
9,6.720597978112151,1,62406,626,35.73206585528108,58.550735827607646,72.19031411440241,35.78407853843218,47515.905562203974,75.47457805591463
3,6.62673645263784,1,60852,417,61.54265318296652,85.59475012909442,88.94200079991448,38.83306068489408,52672.33528378543,86.69771616060436
3,1.0,0,54749,142,52.448492152090395,28.67159056599003,64.5638967544351,32.348422107531185,51117.88875798776,94.0734208396119
8,9.613272783292373,0,51975,1511,24.89243270712391,11.175314787115491,28.595091782231023,29.216568654187686,38261.27180166208,74.10991215537973
1,7.925517689084079,0,41622,242,47.39745998612018,7.018326228396418,34.59780024059535,29.68158810844123,39374.40367508803,95.26088871431311
7,5.553444467627726,1,46200,483,43.16460109453642,71.33004502765564,57.89272129332963,35.62289892207866,37986.19577414006,80.9270502944421
5,7.170030310261742,0,62041,515,21.737505347995278,19.917938034497844,36.54917160861356,25.10399265363967,54036.30824592497,87.9580920006655
8,2.933804129761393,0,68153,673,17.315630565573557,26.35908215014178,44.221875804075644,24.922971004007664,57017.85198584973,82.97000788303586
9,6.858984587571294,1,79491,1362,56.043017951336026,59.928724728744214,84.74514600375187,38.84945032415935,53238.42369937036,66.47708220978303
4,4.306398263286507,0,72058,472,60.4020772193006,27.64962334902841,52.76782476663637,34.868365791302935,61715.43776840046,85.82237326436228
3,6.7941504088045805,1,78067,560,79.2697524442377,68.32031685722093,106.715149130737,44.61775002613203,62802.01994225008,81.72277593796865
2,3.5865301676143115,1,76767,142,30.948505100012422,79.05569928802721,65.4226832424908,33.641289250725144,67079.7392655939,88.15404293469858
8,4.914294709924657,0,77230,1081,59.01672285697245,42.73986810144898,92.98603538615652,32.76627638346628,59622.01701867125,78.01536114579704
5,7.075724563613054,0,71047,689,48.22178730285216,34.27386949251582,58.544717727383514,31.917596467175784,61572.101266916965,86.60063903691004
9,4.706794259635533,0,43897,1354,39.173592883622796,25.68495965795851,36.88270862694764,30.788121087751545,31577.716405020503,72.88914269310868
8,6.320600990213331,0,50102,836,56.25970064318604,40.87679138497532,75.22969422007043,35.95001198167883,38486.76555758258,76.85556121607449
10,5.733842289859968,0,46276,1155,37.715350084136894,28.83010700865984,43.37949854176681,31.85926152669992,34611.542160932826,75.92864178927775
9,8.839748080578003,0,55455,1240,40.52864978459816,31.410383941605026,73.48930150330975,27.7868229875111,43806.671928876916,79.20187690832
10,7.762108647856476,0,76632,1170,47.079259167261554,15.654180341597645,47.06196849458367,31.74230107370732,58044.00824117283,75.80738473012227
10,6.388748101747291,0,58478,1736,46.623279387215184,26.635193043734407,47.53278087707329,34.24892060746432,39798.73436592228,68.00848119784257
10,11.022882193018475,0,75095,1994,37.261877268834986,23.711528283181046,33.96816046333526,31.056053551786448,48765.77114575277,65.2239015989821
10,6.759022376456055,1,46362,1753,51.81161437296682,100.0,102.39467367350305,41.26418392373349,25309.322275973984,55.13821258488649
4,4.645721420538171,0,47678,585,45.14689058989861,15.605404139777526,48.04287984092487,32.59820727156398,41596.95596878902,87.04559007524631
4,9.85936227919637,0,42743,630,61.63666365237235,15.471410891374774,36.471559582493754,32.254218367507605,37376.90909873961,87.31950718636902
6,5.122042929549963,0,75485,816,18.96765786623118,2.0,32.948766621211554,27.702989963137767,61920.706427922705,82.12142302298365
9,5.161752772457465,1,76033,1316,49.05454394671076,64.97100106346761,54.27743484979307,36.36730392759658,53884.602920617384,71.28102686877935
2,3.750993942986103,0,70053,228,57.05694730528112,20.438125968742057,51.57293635074278,32.92716106583721,66901.22713016008,96.35209676967165
10,5.645247892894174,0,60925,1671,53.203031606465615,33.807421914167016,60.014622755609416,38.15058200028224,39174.84990781752,63.92098410271174
4,7.611513211593326,1,78851,658,46.66803429594841,60.285527527461184,77.3742135672361,36.07970042958324,67115.40682449279,84.25974801598765
3,1.9897972311599244,0,51328,92,53.849764228007174,36.78240014522869,67.86383486432501,31.333002206430265,50116.21304158785,97.38683439864685
4,5.696992653786619,0,77427,648,29.62101073946489,2.0,42.83601303321518,25.606227655942057,67205.66830898436,87.05163119298147
1,2.4245721178861115,1,51650,26,61.00856563627981,63.86072464972654,87.48894534450102,36.51477752877225,45201.13719807808,88.60929012331655
4,8.947635912671794,0,46514,767,65.07558792081849,39.171506246345615,88.09883052439228,36.13659785775776,37263.94106163616,79.68280029155235
2,6.012337434205245,1,52910,338,32.46455989584611,53.80257341130865,60.801642740913486,32.490925398817595,45252.19261765115,84.90354524706387
9,9.02521748489424,0,44269,918,50.9843102993195,31.151066781108607,58.01586520949164,35.6837803401031,32106.688519534324,72.53529975549556
8,5.700912725166923,0,65024,593,55.18646184872064,28.336685558761502,64.3130873928708,37.51369327442852,52641.2954543402,81.60546757299984
7,2.170280808621636,1,41166,525,40.039202440891046,68.47830811240715,78.21494885256693,39.925589467038506,32282.338627707133,79.30965391062837
9,4.915083782963011,1,58960,1208,63.82523526288237,52.677294665073376,86.80840761537763,34.941060102695815,41468.63328114445,69.61362025677323
2,13.518611500396272,1,65595,425,61.35817716448819,59.94361257421979,85.32852333917694,37.88247982123172,55807.79413882755,86.34715247292127
3,6.009590312405178,1,40157,237,58.86544141925183,29.879745076012362,66.23778014593252,37.15092348116468,34542.23126932501,86.41093667652491
9,8.362406720603538,0,68126,1993,48.04511551692547,11.863678571204282,47.81400935271952,32.93065368925736,44952.49563375513,64.92759294751778
10,4.025097177716477,0,72051,1141,36.727295654572714,38.28774527396541,52.330595172043886,33.016318272817095,51511.15667786692,72.85863179111303
3,5.031315934626248,0,40324,201,41.9737888214366,11.429043886459253,46.922444304270684,24.591679531850186,36572.75931495403,91.30286518379947
3,7.885528923907726,0,52549,547,50.44693001520204,55.02949781518564,85.99449208510303,35.48024764113957,43273.22491698109,82.99341156914937
2,8.898787330331059,0,40226,84,63.56462835310285,28.026029712390887,60.80297421349158,39.791877435277094,37412.076493682165,92.85232299002408
8,8.430220195152327,0,47082,1405,56.95486778458076,18.828571884994485,64.88735710557603,34.67837221425609,34894.865696235545,74.06554365726583
7,3.614571154951511,0,44653,300,62.9030347891576,39.87663499518675,78.99103332318113,35.972929458032525,39081.019841445945,87.30816993807964
2,2.209004156965136,0,64519,157,54.84971321454107,15.756199021179205,39.35787589661656,30.79896601756077,61685.48658411359,95.42278382783378
7,2.62302182565829,0,43032,580,51.628420998837726,18.859422525754805,52.87063878551037,31.948426647030036,34598.05846643166,80.69847442630247
8,4.210564700601298,0,49093,1083,53.0310707283094,30.766744685428684,50.880969597356156,32.14816190818152,35896.044484632956,74.47819122269014
3,5.025795387588909,1,75402,358,81.0499101078529,48.653099035208726,97.41856613828463,43.35326651613607,65358.02129119844,86.99905483910332
1,6.992815878913609,0,53373,119,31.41300707867002,10.079467812662443,50.37240209518297,27.77751101992913,51789.6057235074,95.95364893465405
3,1.7582599250520428,0,71860,115,46.54491726495694,26.59943144667043,72.97942667452935,27.301819626923937,67568.01259445424,94.08140281797166
6,2.649097449235681,1,46147,328,71.76230702166058,77.16489987132165,101.46511358691998,37.16982842169547,36781.593040364605,79.37542738652766
6,6.4323265247586185,0,64138,990,67.20716057937996,18.77632693057392,68.25153434382901,28.766094965764477,53207.97666992385,82.09289188408643
4,5.912897071680607,1,75439,514,76.74999279766709,52.85850918894377,91.00784586702102,32.893774388447845,64416.86434195172,84.96156663455042
6,5.023690587111276,0,61965,777,43.70528362738343,19.098177696597382,43.05131751116225,29.136710879770167,51286.17452035741,83.31524353827113
7,9.853014587857746,0,47980,1261,46.81184946533648,40.72174406007931,61.45475005422605,32.22429257940024,37023.5038299847,78.08008729833153
10,3.5491066303528203,0,60578,621,62.78038571266663,32.242098949924525,68.36985934962416,33.87965932426018,47787.7549167065,79.03877135981305
9,7.827629155572225,0,61614,1369,63.94133614655563,22.62927568974612,57.61236747936296,33.36673760850885,43354.878143400194,69.86292115833243
7,6.147067393971466,1,41174,762,54.375672883243446,74.77088813245443,67.21745796519593,38.03910349180329,31197.805451759672,75.55307140842963
4,5.124707497875262,0,50928,202,46.31922275865625,36.20943724628843,62.39085504215714,35.89369988818076,48108.278152045124,94.8894364783607
4,4.028105167628144,0,76728,480,61.377023167376926,7.411822549905946,59.002589864245344,35.10441957796141,66065.6594052118,87.38798040749353
10,2.018393938303725,0,51974,543,61.766691645412095,29.23247329953704,65.47588629346043,35.28815209892962,41543.26960683217,79.24103646739904
4,2.954351255623182,0,57830,292,52.954892462693245,25.395297380772046,77.73273217665363,32.362388182910806,52099.06595281022,89.88591368097588
5,5.04392872176515,0,76750,654,48.09563025849056,2.0,49.4379602800235,33.31778815042182,59250.826614979786,77.79794381002665
10,3.9360183421324937,1,75085,894,77.6942704823396,40.17198833224698,84.09716973534971,36.44664509747739,53778.31041587782,71.62506873969862
4,4.096819674347918,1,76180,376,71.512605138377,93.48569715890147,112.63134042578547,46.5679764884514,60997.79844749885,79.2866794779247
8,5.525370826818588,0,52893,1389,24.38684569587244,30.583202915238637,61.19890171373491,32.59620310801802,39752.46583876333,74.7868959066393
3,8.64677895230685,1,66589,501,40.87582153376003,68.9158163824947,69.56692125604631,37.29360450543398,52583.07641488473,79.95151035702068
4,6.93730389697512,0,49329,687,35.29784563534541,30.141031770446517,56.21558323554142,26.772772774382304,42829.290718624936,87.76143732433026
1,5.91452657854127,0,56089,28,34.95089238253739,33.83815250219462,50.51254600480127,29.963657632658855,54082.82545446407,97.61995666409356
9,3.607159333099695,1,75296,828,38.41701505250423,58.278125918520544,57.80298609885347,32.14549841708353,56350.03762174142,75.1396192439523
1,5.282709996432077,1,62667,130,66.87182818124583,68.17557552299743,88.42906357474841,35.32067745866783,58704.23075333354,93.02925120249358
9,6.484947699323164,0,56274,1050,39.03970838849385,21.344047517663782,56.38412897539095,29.40699436999085,45518.74936095553,80.65055203600302
9,4.173369910808658,0,55812,1237,45.64931381177783,24.23920435459011,71.14321064600776,31.917114823675067,42753.9422285929,75.06560619191148
2,6.8449170432375075,0,79983,187,47.81192807396367,27.68702623488298,59.11876133887977,32.701932401118114,76202.07040973153,95.38767949979385
1,5.790922735852071,0,62563,139,70.05823236634079,35.32564700204065,73.18041282390934,37.30016347899168,58290.531841012176,92.87113796628815
10,7.098315039208194,0,50749,1263,37.49867339129368,13.997515899567075,48.284400385222476,29.53728072989003,37995.29551598845,73.92448550317633
7,12.41374239308493,1,71696,802,43.82396882201935,28.08565671849938,56.95008935138696,30.08890410298993,57057.3646610995,80.03254660440584
6,6.4099633891034875,1,57663,762,53.551286412956614,64.01325630436905,71.59279485276848,37.753433220082755,42418.65903116427,72.59208612382649
7,6.7750901189881905,0,76592,830,23.44620146994686,36.22425385489624,57.225147061020905,28.815250125531048,62536.3249221027,82.29454928561708
8,5.085544982491601,0,60514,1089,20.24221273146479,17.796397838511457,40.545059941345194,28.483626575449104,47811.24702789221,78.37081383526632
6,7.673321097839727,1,76241,822,46.90816450083567,46.59783443835551,68.10326879218762,30.830546990795327,66316.02974521203,86.3642311902912
8,4.249181347459132,1,47403,1043,76.34467714122071,63.92808591925378,84.40359726392342,42.56533232126626,32185.846122162187,68.5775627821628
5,6.16054271823166,1,74291,458,79.97394812034214,38.57187720777242,92.90768918402902,39.78397354094427,62566.03404684627,84.68813600793175
1,1.7363895440744548,0,51082,53,48.6077319885066,32.40476172234343,58.955516544979915,31.431062232878844,48980.51766141398,96.45054671953602
1,9.77659247108344,0,61625,67,45.44250778371715,49.81953848677408,70.08327826048021,33.31778508798735,60648.531573078224,98.8884203797426
8,8.260688251212017,0,63782,1440,33.58980350658881,11.597528966753789,34.20188417576659,30.997308015539964,45965.14415943617,70.88572597856204
2,3.6176789250756065,0,53094,81,43.21445585031421,16.87026933812438,38.84237515949668,32.914655824627104,52015.45897624963,98.02005782896602
2,9.421668272344538,0,64675,447,50.300464550341886,26.309286700442303,54.775164504285314,30.427700302100398,58953.94250003108,90.79915044438411
7,6.533005533832686,0,50222,899,60.5675218288147,19.486947346215487,72.41933009400398,33.10296481068967,39096.270569633496,78.8272694514348
2,7.378741814605676,0,68614,214,66.2695298136906,7.262090257257292,33.045926665672866,36.85387611718807,62438.61564134753,92.73846114742449
9,6.326014976034772,1,57526,1329,56.24782393481371,33.09821337313403,63.06569733578294,33.75041038146678,43350.85652027356,75.0044560809497
4,5.421770677338187,1,79406,491,46.98278660187966,57.67154077150985,69.34905745603288,33.73930191093054,66045.09414071702,81.66423411418161
5,7.788922573892924,0,59267,329,32.986837100929726,45.57231282985509,52.484008393619845,31.24523460332154,50554.57126743947,85.05591606266665
5,5.077806805898486,0,74807,673,27.27811874491848,45.157799181525235,55.6625938085561,33.37808539399103,64183.910074158135,85.56517198971903
4,3.4838418860229297,1,43426,554,61.22974341747523,67.6075714203286,87.69813083469799,38.05445065973198,36520.92785776385,84.13621702244002
7,8.820858365570535,0,72779,518,44.330840755427786,2.0,41.895187257768534,26.586195781451714,62127.76630629095,84.99919781407738
9,5.746501094094727,1,75282,1133,53.74053892208131,29.51829695328376,66.99602453794574,36.42314694702781,54953.26319601236,73.25921467589401
3,7.895204541955305,0,48518,601,52.152457912188176,30.785860611896936,64.26336051231132,33.91077628198179,40498.94240508658,83.35995288913286
1,5.8026993252099475,1,57386,108,23.11260601943289,47.97800838653697,66.96457568210829,29.301283214267244,51615.52694995755,91.36525730992238
8,7.865868930207165,1,48073,506,52.129571703932186,54.26281048990271,63.011368383689565,32.84197404455874,39850.909017514736,82.66882372025985
6,2.1064243310374726,0,41419,400,49.12313410555878,29.291024663173427,76.86336293532224,29.74776676930056,34065.36362572257,82.90753084525264
5,7.63136469171104,0,49349,876,33.02328857606071,38.9688128598684,61.60321348938321,35.40539291552933,38488.40794712607,78.0408041368367
10,6.914559566021639,0,79198,992,21.821175464108823,16.010457191126584,28.29824493565706,26.023134838881596,60227.88201366543,76.15806618063289
4,4.056227283923228,0,57691,115,46.002317767200935,34.6442943782478,70.86669789983743,35.688946411924675,53904.54988176036,93.78446943730313
5,7.464063107725925,0,63711,308,45.79236336810478,2.0,49.73212648059581,31.03272770248759,55674.186300368965,86.86516373619511
9,7.470037426544562,1,50326,744,49.012097023511394,62.5857292317611,71.51373292612884,35.79036747073481,36711.519652286035,72.6314507658001
4,6.15358062855121,1,77609,624,90.20930282424902,65.09867759157564,93.5957487358387,40.49102942350098,60240.26678780461,78.259375858897
10,7.799423673345978,1,40567,1118,31.426142589461243,58.48660036017454,54.272449660742424,34.50584278959476,29355.29816092438,71.788844858319
4,4.305720168464467,1,57585,363,34.679451923055076,66.30522637871591,72.18043973451549,34.810230616397625,44785.283646389435,78.69412133079972
8,3.866591372186428,0,60328,836,30.146435561125827,12.966390135980404,44.39025151933983,26.544146581972026,47402.79884170409,78.27089486084148
6,2.694916852395699,0,73248,179,66.82862314611106,28.569022111478755,59.24718466172564,32.591824105130605,64027.455203369034,87.05585637785083
8,7.137394328546089,0,54645,986,22.67342803752209,14.723223698654873,33.93570769108809,29.984771565837974,44692.4722627766,81.36008311847775
9,6.464792461386445,1,53165,995,45.63931763171533,45.645201095015466,53.718210111127334,31.343879383033666,39755.80336271374,75.39478554355044
2,2.271470325559464,1,51307,136,44.02873428794783,38.99902359171513,55.50704867328702,35.788855097316286,47447.67354029494,91.6134568495487
8,7.447399625415336,0,61318,1060,60.232888267563055,31.809604126893376,46.0344692424588,32.86626931083762,45238.04546645611,73.444852496271
5,7.981965704085454,1,73361,589,46.255577311099145,57.265533938163,77.86895272036364,34.97294282789504,60762.50249821966,82.27063186055622
4,10.361707151952116,0,52931,561,47.10183609343978,22.164496172734143,50.954791546708954,33.17466111879035,44596.10034091015,84.47778997861856
8,5.936169053789694,1,78737,954,80.28894419864044,40.75774479234137,76.06273765696793,40.90160760865131,56358.50968028745,72.28015471806522
4,9.483898888944045,0,58252,496,40.741032384510746,28.904729622901453,53.64440678182035,33.97178261313812,49387.67609682495,85.7388270031378
2,2.562448071070823,0,40241,208,14.653470959491695,35.10271867429775,42.0399684197858,27.529183471708254,37957.14450636522,93.71027147707345
7,8.718573222740774,0,63749,1435,45.55288714617169,29.735837416689044,58.576641482330885,34.693245601462706,46686.9441532321,73.31370742528965
10,8.199343671731743,1,68478,1688,80.89185990777673,73.99290829122438,96.81857918221174,41.81258103348452,40577.605153592085,58.78669800198677
7,5.498427397148563,0,50079,746,43.127266422726336,23.40168407756347,42.307793240802745,29.816345870283023,41804.910748688504,82.16235188054127
4,7.798367542107626,0,73016,529,54.932858387667345,16.48520532977264,50.14357601967214,36.24549271766679,63167.5949494544,86.16952188509482
2,1.3245601584424316,1,44593,123,68.00111887792741,58.880730540700775,93.36126387186822,39.2283091499334,40609.91977178317,91.12928058520463
3,6.242820293227521,1,67307,383,60.74626858991064,74.76236851182273,94.0000057418505,41.76493595948598,59189.635316749635,86.63609835708081
6,6.943424313815117,0,65113,598,67.8799914747583,22.76115523721348,57.365543102205606,34.328660993975745,52693.16777461767,81.0096672680817
3,6.223529607752834,1,50333,407,44.21720381345993,22.80141137027946,63.34828614918783,30.62259997194444,45304.54299577674,90.8359367538677
8,7.839740218178638,0,50120,1267,42.577092957663695,30.930916981224286,36.05037175535551,29.286586637958326,36271.27430098822,71.72101828832305
4,7.759825707921448,0,77922,625,35.64779137548057,23.400286053358904,45.246556057676436,31.053129121530922,70411.76467886624,89.3878207533913
2,2.8433461244260276,0,53353,110,39.41387116595484,26.277227684455106,55.55090276929993,27.37134494057419,51460.51695021216,96.62848650354105
7,7.032295203991071,0,52909,633,75.95837861873886,41.26008062009411,83.96862261177962,37.669476698252716,42548.76811284174,79.72966116393734
8,4.481198623574295,1,55274,660,61.046046828883924,56.752610147961974,88.5612369756803,34.5301587447396,44272.3724791024,81.44976707021344
9,8.62018116788594,0,74578,957,69.18701011999875,16.00712990341001,55.12455402408849,34.78872160345565,58821.950657472895,78.47945152491413
2,6.678578767502568,0,57697,159,43.57217536957292,9.356563635805955,42.95656531869774,30.450973449795327,52916.54563025848,91.44412965537704
9,8.252027503985541,0,42230,1625,57.858493586094326,36.00932432129035,74.98143284783926,30.655919942200494,29212.257824938853,68.67910777440613
1,11.508450196192936,1,63892,160,46.17105852754841,86.44084497129184,83.91391412813651,36.42971381518669,58766.80370707716,91.80381951776131
10,8.834505128398408,0,63910,1392,27.382557633464053,25.829332733120225,35.68298952541889,30.546452008596408,46418.913793522566,71.64473025666426
6,1.22765064696845,0,76896,271,28.929930365584106,2.0,48.08654123314665,28.0652245303521,70363.65995739347,92.252800436733
2,3.4731031130442616,1,60938,68,79.5473122452889,69.74216817283863,84.53213370956763,42.839459993857204,52892.272035896036,87.80684511593616
8,6.136590299939448,1,53198,1135,39.92563427262348,51.27590963219484,65.74506556916917,33.91825079850835,42449.87818955081,78.71509265280805
9,6.830185554358163,0,79388,1085,13.850005223538503,26.77525625942147,35.641754652927766,27.2761997073068,59248.11535524667,74.60905496828491
7,6.401769026661117,1,65720,602,40.74608804828348,34.19353982658608,55.11038071857586,34.27973829691421,52406.94996406897,80.1039355171711
5,5.972544693028727,0,46598,530,84.1997695498716,25.3824357123087,57.11398140272941,38.25201268955791,40440.545433313586,87.58724313398815
7,8.04036337581188,1,70466,1249,70.59310968061513,41.13195473125067,83.7671622368435,39.986137335009055,47463.741795565555,68.44268962329302
8,4.325692555664187,0,76830,745,25.401423838607986,52.53673531998024,61.3277103306613,32.83038461171567,62449.025772749104,81.36969473278047
1,7.040242837171728,0,56624,186,66.6372809277571,4.291824855839707,43.948589280009394,31.897647018840466,52880.90521680653,93.45603944031814
1,5.179239985061658,1,54058,153,47.21858203534644,64.4843298803981,78.17730244965017,35.54370930762834,47077.117815488404,87.01353311131952
6,8.489017122944531,0,65311,1292,31.700490764461023,30.31745694003896,51.784739266806824,27.74408700989833,49175.71054980936,75.33206507396118
9,6.575288141039024,1,56953,1310,24.795444783551552,57.78634232384997,58.853079320106936,35.845724251964455,37997.61795550421,66.81914495816874
6,3.7428991280572306,1,62008,654,64.3649682273801,58.11054157289495,74.20661733849845,35.794199856566664,50284.4051642824,80.32865249750512
1,3.7470876701499884,0,52768,44,29.349103746517976,28.587414689515192,48.40718479933869,36.74312032270784,50024.63606804198,96.40569350582489
1,10.54307710863838,1,43641,147,98.1196017675621,68.69185028688503,86.83402269273148,41.708720527238604,38590.1391061768,88.6246500630914
7,7.547754704680193,0,78198,1242,45.294828359756416,45.83035785776568,58.82165170407187,33.910584285484745,58853.8305561065,75.69634809375499
8,7.8178668502616695,0,77661,1284,32.88568090011878,38.00816356606056,55.39640994169358,34.81469909003018,58521.625086802014,74.95301706302949
6,4.996972205941249,0,62673,233,54.46515305715631,15.514635879250905,55.1666708736648,37.13449288202784,56448.40678320387,88.56291244319405
3,5.232722571274305,0,77659,306,39.02112039246294,24.718482597592462,49.964765496358055,32.338280278221234,71048.5388799776,91.49088253569074
3,1.3696711494320217,0,45248,125,44.22599014749964,36.94302772807248,68.13716800599349,34.19402095401579,40549.753919096926,90.85754005830404
5,7.799559178492663,0,77496,766,41.97797793723526,10.931799525661118,54.65272052346694,30.797942576032106,65359.67189623573,84.05837400377783
2,6.049839186866069,1,76736,204,67.53552400962602,52.7658423739024,77.44720316630868,39.0459373705723,66566.24655878873,86.46832676659976
5,8.671903444366341,0,68431,668,52.058957350259526,31.404338078870403,62.444334543905185,31.739270065615038,58801.94112515547,85.15213122186663
2,9.08137169142402,1,53635,309,59.00035652743904,83.20466769650952,91.19975232874006,36.39415472572623,47465.69328205276,88.4432876750354
7,6.337281773175752,0,49093,828,17.020727877440656,32.45882974153168,35.56599879478668,28.241473855724305,42367.84545029417,86.10311283780786
8,7.0077905718962725,0,73240,1161,56.62343970678997,2.0,43.87743705002888,31.9050686058972,56229.876773301105,77.36480629947555
9,8.523424210939599,1,76299,875,65.10887170832349,42.55095940454469,60.957122033546256,33.75419331149165,55167.61149536929,73.38209187393066
3,5.207448445166048,0,50110,342,6.779694128397999,34.9191055318825,44.83081947328068,27.663341899791504,46566.94912007272,93.74773435666373
8,8.032523209491018,0,48844,1250,33.91042157075863,5.652915062920265,51.11843229826782,31.37685369721009,34527.32248436416,71.00044797140367
9,1.8834559581198267,0,51603,362,34.01741734983308,23.138958920892133,52.719702236351594,29.557739425619364,43493.95526016456,84.24329472306286
3,7.328042980200912,0,44672,393,41.21633017772155,2.0,38.48793861628789,28.451047077980384,40968.787591536995,92.61176305619034
9,5.426178618147889,0,40897,1351,54.19921330509196,23.498471517242084,46.23535483760824,32.08751382891157,31057.287017646573,75.66785826232766
3,6.367823821971621,0,77213,409,53.39825589125621,3.1705837833056734,51.89884476276806,30.954036617842945,70154.35546043444,90.47814337588407
3,3.724054026237926,1,64259,297,44.56935133487242,68.30189778850738,63.26676140560845,32.74220040722769,56608.949180058924,88.32262774636517
5,4.159282700984189,1,63849,323,52.401498296792816,48.98614265414353,74.05222141067473,34.73732218241708,56084.074313497884,86.38855854408361
9,4.62608639693828,1,60039,1309,57.38870861252109,59.8671359421488,77.52472155869248,34.78811761097807,43338.93463209901,72.92363495677294
4,5.946326370891137,0,60708,333,52.94390198195482,54.43026028538448,67.18777082319527,33.63363541630927,55421.66690532961,90.38855841913748
9,4.15064994547103,0,69765,865,67.3966718973527,45.83112706401986,75.25182499877685,32.54346791574964,53284.949256916014,76.92836805826181
8,2.6513770878161322,1,45421,481,91.86844840682643,50.41822892887419,88.62003318528998,41.21925252468852,34777.49599440816,76.8310567804075
6,10.461725677482917,1,45270,935,66.61198122594558,68.09429713490302,85.64527516864368,36.118117830659294,35588.02224080864,78.4045434513867
6,7.355800822614843,0,59629,1118,46.82434756370588,40.01526271173725,56.62403903779705,32.90399930635989,46781.039398994966,79.69085323028402
5,3.910160616681342,0,57928,567,28.698465391980744,25.746505791968367,48.37352945617815,33.73743917264338,49136.25597463871,84.74658797190547
5,5.164172159258602,1,57661,632,77.47136116051976,47.52824700877684,68.35734293273036,38.08935310880883,46286.40415651809,80.46572567282195
4,5.761077589146824,0,52049,563,40.83691267187406,22.056984251283986,57.43641735742621,33.596629416511256,46399.34756967497,89.35086215616914
7,6.956799747793587,0,58808,1330,62.29366913712917,37.90270991093522,64.88571624068267,33.820754216620045,42270.305850319346,72.4491607165599
1,3.8365728917237063,0,59277,27,63.816015382288796,35.51978941967394,66.69950189090838,35.259552179283276,55867.6473316007,94.8856283676215
4,4.356767096374831,0,62947,218,19.439323599731242,24.661898467371728,27.295994080529404,29.411767208490467,55673.23548969587,88.25159415646863
5,7.622682188907064,0,51843,673,38.59167782422811,30.916599835113345,56.724933512373674,32.592600048039614,44665.88090203916,84.89610956555809
9,11.940319557197698,0,49724,823,45.526405058927836,43.683707991896966,61.523525770196834,34.1531800334722,39282.36072978944,78.70230770215107
9,7.609095663133072,0,76176,1553,48.427205948499164,2.0,56.1356610927954,29.735905151742614,52788.22720903516,69.49511449063208
8,6.0788199841697725,1,40545,868,55.99845131398217,69.44521465573177,82.87648043499695,36.414980920756626,31746.876159129562,77.15764019836897
2,3.060655155248736,1,56153,170,62.789418166039354,61.90176590328922,81.62296617132033,34.68552574781235,51482.69611515929,91.01622207215222
8,7.3586926936838575,0,63402,1167,17.582824043385813,2.0,24.96909449744903,26.196401322661092,47478.1913969017,75.23921430267036
8,3.6109352791462643,0,40295,810,51.94435863491862,53.76779268516202,65.90539239153456,37.71655285598569,30449.675044644442,76.30468303885316
10,8.178112769299005,0,78490,1729,49.67263973969372,35.12334962500663,63.11525746913678,29.90672134185076,55055.91721923059,69.771316680288
7,5.606575748610126,0,41360,576,40.05677541778291,30.41955499360712,52.32736477953459,26.36524246840088,37411.450416276304,90.7952557611412
7,4.3800276421569215,0,74879,510,43.175069359749166,25.945554104577557,46.00257548277888,30.164043612660937,64010.47211608141,85.54204420744554
4,8.74583596277013,0,45689,574,24.955405049782684,19.33409654648169,49.6009020857119,26.7640414786986,38658.09313696186,84.25926702148038
7,5.6043289005540835,0,54633,800,64.64177521959505,36.1012543458274,64.85443321032827,35.224899224439866,43373.070618792066,79.5605188333655
6,4.575201975525689,0,66492,512,54.30728988410471,23.317857292752578,79.09447030731734,35.18175287916833,54428.77213204129,82.04386840632722
8,6.047804643675185,1,69496,595,57.621361298601,39.86588021761082,77.70357122352677,33.160535947033495,54410.333870654526,78.41433346809809
1,11.026486564681043,1,67688,92,55.50689590423856,73.7257508905936,85.65567747113047,39.67929297802271,61175.089226636876,90.1242093400609
7,7.001828180193533,1,48959,942,88.10537562768079,67.74592370176251,106.8148540456215,40.39978052489016,35610.24564268307,72.701561527883
6,6.4650753309184426,1,49531,1283,70.07734108487291,37.43825275960528,64.80969488884594,34.23030134117336,33533.13869237016,67.92231196149372
10,2.0677697162578985,1,70796,869,61.905892658627494,70.34417099468433,84.03275475029191,39.072510633164434,48561.48314184365,68.56607570602776
10,9.766732631014726,0,65545,1589,41.85831745057921,22.95577022098504,44.61140156220061,31.290931871523323,45875.29045553269,68.87645648887809
5,3.0413361964594254,0,56803,793,43.75187160831438,2.0,36.64884959453801,29.118562287795626,49597.229115020964,88.0510669160905
6,6.237212231083076,1,79314,502,58.779922461859,55.02292098044387,83.61076002163692,34.601045637634925,66756.37767239677,84.63857102413883
4,5.469022777373743,0,45283,354,29.52242970822809,31.039547041055478,43.9421199402885,33.77354065673782,41125.91489042799,90.94481612193184
1,5.9555009448500416,1,77014,100,53.522142908182346,67.31748490980877,78.98090859382697,38.44593532231072,71059.22144789826,91.88407921637065
1,6.01002560480933,0,55819,130,53.00779245763872,55.503928325368726,77.8070463173095,39.243963092733544,54301.21365043378,96.9425061771968
1,2.800533945230774,1,44147,114,55.456581406745094,59.936723979108685,52.09363238237907,35.29220819418044,40674.550067210126,93.55501310561486
10,5.612653480671018,1,49402,829,57.132539110410264,42.95866277660234,65.84330448809372,39.23878823565539,35682.58800455212,71.33421746237772
5,3.769080969655178,0,73144,493,50.32529324255337,5.787706024632865,45.46468607947922,30.39646384495678,67498.31695817405,91.66914435319802
1,3.1929095927962923,0,56508,132,28.886730219738883,17.528511290233304,51.36294546692838,30.067241554079303,55420.86981177695,98.31354769695857
3,5.415245595431311,1,57934,135,73.32446033849965,62.15024049752075,92.08911193920136,35.019813675445015,51191.96669050073,86.53721905077678
10,8.247896439753589,0,54123,1661,33.719617161827315,2.0,29.9778731950623,31.160702515342123,36289.56792613946,66.961557115197
8,6.6134027259011585,0,62491,961,61.80399542682348,32.368714503236234,78.54229687784677,33.837161224181685,46936.69357986219,75.16205357563949
4,4.255052457333482,1,59837,462,56.26373749538105,48.99928945351732,80.9535881742558,37.40934101121986,48770.44969465766,82.06208145369142
4,8.159860462989759,0,77400,284,49.60914933815841,21.767259734290835,53.633794494803645,26.873488902181627,68467.10830165255,89.35772281583208
10,9.866648578096807,0,44095,2275,32.623036127916535,17.627542620888843,34.429736069326424,29.004287725511745,25947.74150558245,58.83936988264235
5,2.906183121080966,0,42892,318,33.24241391635704,10.425649552623511,31.711700548325073,28.313267181139512,38082.282193986386,88.59441881332083
2,2.822781615368908,0,45400,179,65.56352273198927,10.054991440330838,59.65579307097035,34.8490337236975,44116.16816985623,96.84383509819537
7,9.93141892025803,1,46338,1204,56.10212348765777,60.77102769641801,64.2963486499022,39.69722842396118,34130.75077985493,73.2829058631151
3,4.603841876472196,0,71804,257,32.788472632902895,15.326702393527933,54.27127996437383,29.420092832918673,66665.3276145551,93.38246829093151
7,7.926473048640498,1,45911,1291,53.89201919565414,65.98581181677739,68.43714505517337,39.042622687540074,30762.36907220294,67.725813452646
8,4.354895936806046,0,75544,420,40.40860611075905,26.15814038172475,49.48063072371952,33.60849614360524,62923.05148161337,82.93278934503905
6,6.806439146317752,1,59236,298,56.87798086678451,66.84832800625598,76.36264824661853,39.82416210127584,48641.02583675469,82.55297532946548
4,7.4845194172484515,1,49347,422,64.60068871068242,37.89586758533425,65.79417388427814,40.23002189479482,39962.071229199864,79.74881975020439
7,2.944048733983848,1,66410,356,51.734615082827474,41.10207129353655,58.741959151255294,38.08049178364817,52466.79529296907,79.33903001155976
5,8.716170165891597,1,53569,562,80.90735615437058,67.91008724657699,84.46113152335347,39.749836357668954,45484.77513726852,84.52078993609287
7,4.316060192160539,0,66198,811,58.30068064996276,15.960688422221125,62.05798563383375,34.10042773900466,54364.356146259706,82.99378823035151
3,5.997532619510637,0,54497,331,23.18150148014826,45.638497077457586,44.40688104879659,29.107252074484393,50006.89826002114,91.1486739896368
8,5.045456079994769,1,43207,914,43.565834878660546,52.36776759062014,80.2464517932806,31.05523621962076,33600.06201940714,77.11263207302544
2,6.962630147297035,1,54230,280,36.97707821458817,50.45177308646805,56.98725827733938,34.66911595621837,49295.413204039105,90.00226044776181
3,7.207635808768872,0,47312,507,36.08928697121178,12.228526960422379,41.56162769301511,32.94475799800637,42439.37154115109,89.7677355359573
9,4.084666801523576,0,54013,935,33.434079289384705,32.42037331314785,61.49937303219376,32.57848427764831,39837.36176602718,74.64651078655625
6,8.654373343182092,1,66847,792,76.90686694250202,45.25375746344383,90.05849245099058,35.019791368269225,52161.688552153435,78.02747752691116
6,5.4133479496883385,0,40946,504,51.21779085654508,2.0,54.87825107017447,30.805927209338186,34145.08625021927,84.10404857672215
7,6.864025453799639,0,72399,570,71.3170964944166,5.1623820560002045,52.844811121476134,31.46207692444822,60799.959153447235,84.90232584174991
8,7.476421968279492,0,43002,1195,37.30048022756758,42.93960009765195,71.18955217984724,29.942030572138858,30954.159006276306,72.29782674032028
1,5.216638311971336,1,71366,122,33.56865491337419,85.72209090801209,78.12003952389703,34.55742753607625,63764.11824393078,89.7407235609027
4,6.005717144874063,0,44031,279,47.08244387590078,25.00465870519326,40.7854251351845,34.1933958547388,39401.66083910453,89.9574479490623
8,7.9534927558569475,0,43644,743,68.75482299332026,6.8430044241608385,54.83582320585937,32.96959422650779,35025.02058022731,80.22420612810569
5,2.8882242120068446,0,53907,506,30.465670704457462,13.862980601759107,29.544564322276994,27.070129203212282,46529.97428232454,86.39713308934724
5,5.420379107907519,0,77849,476,28.15701321714527,27.710430469715828,53.73342899295292,35.2625430727616,67892.18597584679,87.33404104443481
10,10.723071098205569,0,55835,1810,55.52153329798013,33.737339342433685,65.54106953255516,32.38585678099146,35532.78423141121,64.23283199073869
10,4.690685580643211,0,44092,775,41.489640352013616,32.83134748685052,53.80232379909132,34.21547375649645,34230.39790685486,76.72503589619761
10,9.624382480470297,0,44946,1453,51.47634422600314,25.091763579017186,43.61710253777038,34.750593312971574,32372.304815158845,72.27991477035059
1,8.79483520632685,0,64817,73,24.693697468561496,26.70824096614384,48.95414573872763,27.8400942681959,62076.680832367696,95.76637826870083
6,8.67296719953448,1,72057,1301,51.93606619958246,67.39573344858387,78.14317951871385,33.39166807634035,52265.5127938662,72.90871062704564
2,8.239623052538697,0,49689,64,53.37411256958603,30.324894054494614,38.71459547958552,32.1218604688851,47346.67447908876,94.41423687369867
7,5.799918744408196,0,57284,1049,54.00629967042494,3.926566990831482,39.01620139756244,31.80743213758014,44468.25650849594,77.944515101592
3,6.725812781601483,1,55119,196,64.729594771245,62.40739672534402,87.37048539753383,36.57600278621474,46226.16691107778,83.24978964159709
1,9.557488326540106,0,79126,153,58.03203732152113,38.216400345078426,72.31907608003932,35.92838448545258,76048.64240107236,96.17471131288873
7,2.7249294379911175,0,74836,597,38.60055543007188,39.71844254608645,47.97887107729509,33.71970270504305,61640.74216386164,82.46516654632492
4,9.17921060369109,0,64555,382,30.72185176583516,40.933295116922196,72.00580315614202,36.589007974457864,57633.02787746956,89.3569862499026
10,5.45130060357871,0,62709,1019,7.617710058256769,27.481429176466143,23.587419389751588,26.61226230041113,48121.159696828916,76.49492549936208
6,9.939726732895362,1,54746,756,46.205222191898066,80.1909127702412,78.13838923972071,36.76293975685567,41521.18737480966,75.46192788608954
2,9.819302060189726,1,57499,333,57.722957898159365,46.57261375333073,61.296229237094735,36.44346930064068,50830.63478158122,88.56203602208751
5,7.820993797693185,0,40627,573,46.705153390631246,10.74099880557125,55.856767908435955,30.08360477954729,33759.764590218794,83.22089540918897
9,8.386262830217092,0,62210,504,44.5483544144711,37.41367011861143,57.3424897419263,30.755978982400187,49915.00332836726,80.45136133965445
4,4.651937150019548,1,60075,476,53.87144176881489,67.23660706515228,76.8849092780416,37.522119984697085,51612.17620479872,84.97835782941166
7,7.7705888056325945,0,61112,1394,23.375726657478005,28.295818275013115,42.03972986814091,28.264293607385195,47181.06396279575,76.06937312698265
8,7.115208673854505,0,60874,1606,70.46692402886883,31.203781570050573,66.87917831465292,35.603850088720534,41107.677602823656,67.69267857378338
3,8.011356623809746,0,61406,619,57.63707005232028,26.88323774953457,52.6868572341991,34.27053568090406,54280.72570749758,88.69649705556314
3,9.594634949141966,1,60187,493,60.589349189121485,72.4003081728617,78.21808635896772,38.1820244469357,48338.27412121941,80.8764063816185
8,5.984946737429315,1,77934,902,53.19361143140653,47.739725578772855,54.870423757394605,35.082374079477624,58520.568996853995,75.22411453856422
10,4.58645910347691,0,52272,939,43.034828967091954,20.913124798463116,42.93984153085574,30.05074117745591,39556.92166877518,76.23407710629048
5,5.939572700867423,0,61878,780,62.84257985408755,10.541389354705691,62.89485582966596,31.787227038996065,52462.509768661985,85.33872340839049
3,6.636289238924141,0,60700,307,32.57943809677898,42.67974613623082,69.99534638861996,32.588311961861486,56955.534820081106,92.82754096030028
6,5.199126214109223,0,41969,364,48.08005853167245,25.04749762989964,57.91526121081572,34.633087332204084,34654.48749458419,82.98639384766084
8,7.035367256196192,1,70256,745,53.49576469524215,67.17655516109035,62.189617708920736,37.8564181730913,51151.87206213917,72.16056940314424
6,7.053749940361662,0,41896,835,24.76101615575874,28.859076185592368,45.480880618609305,29.81728409849641,33062.64050232208,79.22826560508628
5,5.564959870634357,1,69384,623,44.79075133957612,64.7306661595834,62.920416044600884,33.6795783614138,59208.09055911868,85.42882571972213
2,9.114497793388125,0,51564,395,28.79517742817474,25.568787480342785,45.905847306448265,27.473953554999124,47588.49930846572,91.71907581338597
8,4.027746387975622,1,40737,627,60.838483407882194,58.57406576636871,78.2419387084678,35.671522027226985,32069.11204432756,78.85095153463008
6,7.720270991519796,1,70303,792,58.97991853515697,57.310997076385874,88.04626381667637,34.558546073016544,55238.03705070363,78.37080908241212
5,6.908091111417358,1,45671,788,30.36697215594981,65.1942164694196,60.12454446443082,32.24970973988117,36530.648222148215,80.85081894218375
7,5.225491041911112,0,56550,815,45.87459793124215,52.71172074264614,71.41946397848574,32.87377428863265,44962.168339203534,80.05175993319548
4,7.2531602666377655,0,48934,528,35.80915959841708,38.23613755292689,64.93072365382312,29.97669780124064,44655.25905942737,91.45485348129553
2,1.2107146884805058,0,44176,80,46.20575004186806,17.886917379709068,51.97914763260109,32.11417008102806,43594.83712336499,98.38366207887667
7,6.846970657060161,1,69487,1100,54.260690001200786,50.01311183013734,73.78856215125899,35.04272807387037,51112.56647312295,73.51994816836172
3,7.14694817297116,1,66073,129,77.43455928082983,53.32676721625647,66.14042332341447,40.072302992029016,61023.68960667481,92.67270555603297
10,5.842572968945816,0,58711,1272,57.0112963108381,37.42846619159805,64.85021234436665,36.54360577064539,41736.854341797814,70.4101781812766
4,5.962847053506264,1,65536,655,61.239368711002726,61.25812028569807,93.43784200288145,35.84897421011402,56822.180644770575,86.17288873778473
7,3.9060566459530293,0,64080,589,35.44900383650422,2.502785604983785,26.90999130259515,31.64749620911941,52384.59351663587,81.14913988460488
2,3.296223052100053,0,47283,191,80.06973315048877,36.13742571736494,69.08678800505608,37.32774655087052,42666.79585494043,90.69466236450903
1,3.4099152966634305,0,46863,74,59.30595935292187,2.495629674434987,43.78778965359278,33.59669948137236,44602.68339564334,95.69499434950009
10,5.447569280124756,0,63190,1375,47.58293093154999,51.38562366447077,71.16699073605518,36.08089962762948,42855.228480807295,67.88850555407484
1,2.259135277699067,1,43052,64,60.8624430090531,54.23356375990658,71.02117279601084,36.93193002863514,39617.33588166399,90.71103913695684
1,4.28520320923462,1,69957,110,61.86808536296815,48.70559070793911,79.10055155535655,36.45792078586764,63877.214680774225,91.25334590752155
3,8.00125591029885,1,62610,415,75.10280876150858,37.78471416434856,70.10805641559308,39.46550709993372,53516.68767348972,85.58290738813653
1,5.11614846737345,0,74324,132,60.71577004708662,42.323472066216546,65.83371639670058,39.37089998211872,68766.86527715273,93.33418567993243
4,2.992128734721106,1,56241,393,68.13422603205423,90.0428070719858,99.73143963905454,40.60690619279953,47149.62584883884,83.61395131966256
8,8.815795499437304,0,72947,1113,72.2153256954688,22.65240166153843,64.05570507226847,33.43242310506626,55150.17113319653,75.77391331260692
2,4.515642260547761,0,75490,142,46.29457822947329,25.1919575023745,54.7997820747654,31.82544916290227,72081.97009833062,95.7242812758579
10,3.7279733884306565,0,44907,652,30.04753021817906,30.191501164999657,51.79149999534304,26.743505492843187,35714.69162211558,78.79618576627672
10,3.804153210699617,0,44808,448,44.23468201552263,9.584176470349517,63.308922193770755,29.56880279578594,35946.092593939946,81.11086362378316
4,8.344413980587436,0,50977,470,43.35403480315231,29.432513863758224,53.43248807053568,35.89739841424835,45412.71307925341,89.5610178346972
3,6.014202570823634,0,65053,359,36.375961140632285,52.58406712640537,58.15135407689284,34.38037160887775,59471.943778280925,91.16435495596077
2,5.746556466799502,0,62180,191,18.851706510311967,27.3117015750317,56.56026055487953,28.2991045442779,57351.567260182994,93.20428349185251
5,7.2745568481222636,1,51851,934,72.75246871437136,67.98767383161822,79.98803380319971,39.108121392898425,38839.47965313367,74.17621640855913
6,5.790376797023087,0,75818,589,62.131635227476565,13.29195470785127,63.89761250028903,32.11940050031988,65016.23983765,85.09080720487674
2,6.413051711920648,1,56744,246,41.66768051351481,34.393786938890045,60.79432240097252,32.4338865313986,50931.24434621117,88.72244974832665
10,4.040390501119765,1,46329,1141,65.70445969649148,41.16920109128182,84.196368180044,39.348202916619535,31878.844128933833,67.73598499589946
4,6.752031902899365,0,71170,486,39.79112977781058,33.859061637968246,63.93610911163034,32.857938970607506,59624.56194252554,83.57732912835493
7,3.750637376276922,0,61665,773,40.10554419351155,53.989610484763965,73.4378639679699,35.364984173257895,52339.82497514083,84.94398103011669
6,6.148139294590548,1,47447,1066,90.02634287545548,65.10264305388476,99.24680206017233,38.41513143125098,33753.82210286734,70.99940136987445
7,2.279520520494053,0,55521,538,77.07769876585935,10.474736897540732,53.984829513480086,31.232970281780347,47942.88245697097,86.51225027536424
5,6.453668460463294,1,69580,430,57.76420728440698,51.93802160006001,57.496683555366666,35.00787849380724,59427.59050285595,84.57211875945347
9,8.437491551083266,0,74602,1574,40.79375113082547,29.555039222831823,49.68587569518977,34.09387819567146,50073.95696355203,67.31966025805063
1,6.902237625681747,1,56619,113,60.479973850484726,63.22532277252617,77.27304518006518,37.94760717176629,49425.80188998755,87.38067414327159
7,5.863252126101398,1,50529,524,72.76377457465196,55.52481027434626,92.28332622687446,39.57821656462707,40861.71645390732,81.55565618508325
8,5.874273134929798,0,57833,1282,27.614821379178014,30.261865158631547,41.5466595147248,29.68163554795368,44660.8006519107,75.78804007146411
8,5.362280370548017,0,71232,934,48.94469414643732,30.34667732999573,60.359668553173364,34.89223523026564,53651.65397701398,74.12542596180874
10,1.0,0,77433,306,60.528616762264505,9.097691930809756,39.05174807456998,32.98378513536004,68638.0827141421,87.82680901631089
10,7.991472371381711,1,47797,1681,60.04087533190446,68.23450776077189,88.6160077984427,42.49856027775435,27682.102046426084,57.85531098092526
3,7.077908999875195,1,48820,397,62.69258918768455,53.72065208414112,82.28110350082719,39.20696031192996,42165.484547250046,86.90559443273075
4,3.8687082192943207,0,73784,270,20.71705882871738,25.393472352214292,38.3588324660582,28.508824404387866,67600.42297372634,92.44553256611351
3,5.809326651968993,0,48273,403,60.21067129623712,20.51051483690835,63.81382131287942,33.6382871538964,42840.93638239694,88.05686882976123
2,8.6154105318705,1,50235,271,45.62669729115214,68.96104724093311,70.06344854001001,38.431674351510246,43535.72722089523,87.18519581997556
8,3.2498081472136304,0,41188,639,17.530986183733226,7.171386695059049,32.070942224779,28.768988707031898,35458.67129684849,86.30558467113595
10,6.009142639169277,0,41269,1879,13.22118817539425,15.330751526813582,29.08075832052042,26.494160200870386,28694.22407503732,69.60719899766451
5,7.293523694310689,0,75760,720,40.00163982755093,13.554032002482764,44.850715191015425,31.583131424196228,64261.11613275206,84.27466604595556
10,4.312830195005625,0,73218,999,49.76753952708077,22.410762435296324,50.84505335451269,34.752354694508085,55119.45368619153,74.34485750000968
1,7.216041980443967,0,57247,139,41.09866951278424,7.6056959459758176,36.44692917533929,31.40499645981453,53991.711503227954,94.03130161379671
8,3.999069532947676,1,41880,738,82.9053072051426,77.67450625124238,107.29666639324758,39.841469146975435,32289.749946659405,77.36385508210817
1,8.5472895300414,0,52169,161,36.860491218881826,36.021182486948575,60.08754844951674,29.98913109030577,49899.785000798656,95.18032741487696
7,5.112032592478675,1,71917,729,31.85060053488535,68.9140390957386,79.09868590889016,34.545999451627765,57742.96981544288,79.97154974196577
10,4.1032039935579565,0,59122,1184,25.547816314970536,26.81972498370623,42.56373880888897,26.950932063782503,45004.72843223646,76.04670573963868
4,6.651752330877205,0,61389,705,68.70049367703312,58.53444046576961,82.08084964870345,40.22550945402315,51779.57810805734,85.37736912482065
8,2.035645682004808,1,60748,466,57.03386351629418,67.86678627280024,73.3425656280424,39.01597659969752,46149.20808760677,76.17888644170675
8,5.563945356153918,0,61995,468,44.519449202474085,13.507909045186546,40.819134964415206,35.506257822659855,53175.28076735204,85.48637991214677
6,5.568603592832718,1,57576,472,66.08529595914628,52.98023919124576,85.7169385466063,35.32112842344404,45171.08650242444,77.94324600066548
5,10.361552305248221,0,43091,839,36.28002531109973,2.0,30.800130254037896,28.329215706415383,35298.1590724149,82.10539428487844
2,7.311960810991611,1,65665,302,61.56241188747286,55.23551668319815,64.52360128173095,38.11627175267028,57529.61055065069,87.85472996345453
8,8.44051115747045,1,58637,767,39.4901472443172,71.43471617381306,70.11469457443684,29.283722642369007,44934.8558166611,76.95578885122274
10,4.312133709094408,0,68425,1227,11.193527747752867,43.74192201991766,42.70581294278317,28.32740698118142,50317.703629439755,73.8970080170556
4,3.4715700409090786,0,76002,252,39.23496883178717,4.404364888991555,30.784287349194976,27.251011301593703,69588.88241569918,91.6925874460515
4,2.643295736387874,0,60349,87,75.00996119085369,44.692478697404425,76.23243224283067,41.34776507265419,54784.34505003022,91.10344287679793
2,7.49013737102173,0,74104,251,42.28985650717767,13.247310289688324,47.54884721819742,30.652631812227533,67931.19582006187,91.8537356181599
4,3.8321218330897397,0,79454,399,60.80471972243656,20.778785064987176,51.554777427618426,32.34022432126501,69745.71900983251,87.84413670888851
7,3.092104657850209,1,61220,367,13.201426311450625,53.759086785549606,57.186193062963255,27.81100831868455,50723.005454793056,83.0001428149244
8,8.281612998092411,0,45742,658,42.39819869867144,31.493984768372002,58.348795923238455,36.21617481117176,39883.25309563813,86.35274858033945
10,8.075846814934236,1,61466,1263,79.30558198039557,91.3666607592949,120.47555266153584,39.436239750407985,37364.635578229325,59.75136968020221
9,4.99674052725724,1,53035,724,67.21371265018671,79.62134785936482,88.5185167217918,38.14510864499631,40296.01184699038,75.96017498079568
6,5.161761885153033,1,70363,812,30.456290407911276,85.3129877892195,83.59918368677745,36.205180849475525,50193.86395318346,71.91854177779237
1,5.625471003778215,0,77264,132,24.685848286165555,24.75353689037009,46.54233588659433,28.543043718071665,74038.75118208054,96.46953591267568
2,4.192900007807595,1,79714,216,45.75065910711815,74.22563690077558,81.49783691808207,37.58827653783819,73247.06720328526,91.71960689937588
6,3.875096530378322,0,45911,327,25.093435167342733,20.578758791449616,55.05176325959679,29.267188479207707,41634.200030942906,90.30249681157333
7,6.327516306230604,0,54747,546,53.441020478489534,2.0,41.30372893327108,31.539492800197475,47439.77501248091,86.34449220266839
4,5.955523282323912,0,60453,327,42.722483148379915,27.834495140809537,57.14924887875316,33.87216376621938,55096.14094263119,91.65297727178766
6,4.029361598883122,1,66766,840,72.39211730072873,62.76598077617808,86.59228205426204,42.55115020086493,48312.18512444204,71.68552939273933
10,8.089067952306987,0,61629,1611,47.65399180237338,2.0,52.33541395556547,29.306872546425815,39766.516244429054,64.62482955625678
8,10.46784380300403,0,59306,1195,31.29783031785,26.981684806902578,49.78384869891795,25.028435286650648,48043.63688650496,79.29207860341964
4,3.862301254565038,0,69428,355,41.37943261924779,30.270019534335034,42.22651071459053,30.710118256399102,63165.64762016321,91.789401342708
10,5.357775430718691,1,66129,759,41.95121241411732,28.131650434854816,58.91262920621421,34.4035626022767,49180.99132277087,74.99070031916212
4,1.1256940976689789,1,41038,164,68.94703452074575,56.89347524026876,81.92412600412074,37.22727960742549,38197.12644112847,94.06761447984948
2,8.243837988918582,0,69128,351,42.02800439581989,18.015793609860623,47.97068755645288,30.588795301270753,62620.9115192599,92.12945353747378
7,2.8733612019642916,1,41114,541,36.590731480008884,73.37155770996146,68.34052895830831,36.623077557705244,33344.79063244311,81.62788567823029
8,5.911591257827653,1,67217,789,40.24635089075012,27.646483506189327,61.92012155563108,34.80627775685228,49981.75076806588,73.90194865282126
10,7.239648276955161,1,65259,1885,48.932133179223115,69.21328671084792,84.57488467515698,36.3920186528276,40068.14498026181,61.28292620132766
1,7.68105212930701,0,62933,103,32.790287565328896,23.954176947441713,35.26307542240761,30.43876553731883,60265.73171269988,96.00984122602145
7,3.290055164364991,0,59856,449,65.66455792180625,37.64797769358134,75.63676370238083,35.80157519252996,49060.002421652935,82.80472157733055
10,4.225198140265683,1,45783,664,46.26796335399498,68.29441043596441,84.51488888609576,38.033105491858464,32644.234358532478,71.57455059497433
6,5.297394305813982,1,51447,1029,49.46429207472246,40.69508031265744,70.7603895377286,37.11452469865523,39344.26992150609,75.52870174693152
9,2.3082106657579295,1,65370,607,82.52438746977548,29.42493681399876,69.40185731778361,41.86790956954736,50149.73716235717,76.8264486944586
2,4.379816563184222,0,68906,131,57.76358381866977,2.0,41.146567647061275,32.00026997444604,66137.6989457855,95.70174331223134
1,7.148141191861648,1,56041,132,68.57146127558401,64.97275667296941,95.62838730738362,36.88209410526914,49585.02960513138,90.33433446860487
3,8.096409938770215,1,77851,431,70.54226876282695,28.01546974054302,63.82601874173953,36.423688734095485,66996.33291536877,86.8140175271663
10,3.053163174345071,0,53818,891,31.249208099228603,33.55444742909667,53.26265405503471,24.997045510149427,43032.26057889045,80.03612360248268
8,3.8616338252823126,0,69372,1107,40.75859791112277,41.01060372292763,40.47645383410671,26.841990375245917,56033.12101771109,79.59585428850525
8,4.201852157905947,1,43812,1074,25.7719815967643,58.74156664549763,59.293523676181216,30.60199311333197,33694.878591987836,77.7298692629824
2,8.717847063475142,1,68906,159,64.4092603768105,85.43024541014518,97.68427635524795,40.36351254302922,56959.80982920032,83.22260524691607
10,4.498836351002822,0,72444,1485,52.375203103813035,22.72387778319737,57.61086758314738,30.622189526368615,51010.59232102892,69.70974727026872
10,6.120681852153343,1,41391,1346,47.314450084127046,99.9347754396311,84.9545375393858,42.84360581353303,25976.161345855657,62.73815794878019
4,8.35242341942876,0,44482,840,47.68807465013389,26.264533419066808,64.94139506618066,36.41889258335403,35902.43055164831,80.73291378806692
10,7.372037236750708,0,78772,1797,56.61347804298547,2.0,44.84246475030691,32.969659089678245,50906.16496914332,64.63485140245093
3,7.431416802111545,0,56822,345,40.86811230206383,15.185187256775816,38.60195422593965,29.90208800790876,52914.63957539922,92.94106306984605
7,8.575083052128267,1,69913,1080,64.26025754020078,30.162528790928956,67.35482751548258,33.5672812925881,51915.729514651066,74.76706484015378
6,2.083313094254142,0,63910,523,28.026118540027014,13.834618855006266,46.77559768051751,29.19627215707589,55035.641456040015,85.09433803159453
4,6.628379395093442,1,41937,471,39.8786710158376,92.45973153806194,84.15107651649511,42.323610958379376,33404.62077426613,79.4211492174866
3,6.3377521238652434,0,63868,295,56.53229316205358,2.0,34.64453732101368,27.640486381097933,61953.85260960409,96.91401210511516
10,4.483964182099595,0,63285,1333,23.07421549820781,26.554244538774086,47.54854402681362,28.290598693839705,44307.454301870996,70.13298963281504
9,8.145449176830242,0,46204,1108,57.25644345270001,19.16525946772282,59.967989604557346,33.62954038476768,34950.30062663802,76.3508630005469
8,8.610096021237784,0,69118,1219,52.14024249165783,36.231596141341434,67.30091264097436,34.81110370742485,51102.533119269036,74.17343249396245
4,4.609085177455714,0,79068,505,59.54721123016706,14.3381233342443,60.15564228439851,30.680347602412407,68964.97978930746,87.85734507565917
8,2.6137490932458944,0,71205,727,41.96960170204422,26.571095344975898,65.13144879798105,31.500426489743813,57064.22865935763,80.30320342871732
10,1.0,0,50158,369,59.63454990721596,31.24320906193303,52.075620770750575,34.77610188525652,42784.146703697224,85.48199499206692
2,10.353831381415608,1,51001,296,79.5307475347573,46.548093376456194,84.08170343094906,36.72127618058078,46576.26311143458,91.08788959066337
8,4.6509266281780555,0,65406,820,64.81278416363408,31.181724020221537,75.73157947957684,37.03022386549146,51413.18908574137,77.90984672232595
7,6.56739471040748,0,75534,926,59.80730230538167,10.69557548870691,66.20146263532534,32.16352686318647,55411.396016739505,73.34105656127385
5,6.014046452377219,0,58142,486,32.1769083956279,25.102931428624274,44.09256969513263,33.715412391509794,49220.31566729256,84.85782797353389
9,9.321492444677405,1,57128,1000,43.30332250963539,56.03405228543121,58.26648175526261,35.04874070074311,43017.47679470235,74.29669061448034
7,2.765896281068932,0,52387,498,56.21851995410386,42.25451294028426,70.67988072733102,37.838562400982106,44979.635287877994,85.1363925030615
3,5.407425493132473,0,71193,206,24.967186330421836,35.44305277908511,45.846933546597015,29.669118263502117,64097.410823830716,89.64743450121914
7,4.092459769627446,0,68363,636,36.08579870801576,24.731656622293258,53.89029452781982,32.25669577530816,56652.92204873706,82.43269517555228
3,4.870243390682336,0,66861,184,30.252701569723843,15.53003954486632,54.46223111093293,23.99811746021439,65280.79791705893,98.0965455688701
4,3.4805336124266044,0,67791,390,27.836521995357035,25.271686971517838,42.865045545195365,28.994158186502673,57974.007667145605,85.53286062161278
5,3.584858037917507,0,53878,275,58.204220245911394,32.5487273794453,59.84331697333889,32.03419265426923,48708.08383783149,90.8614199793551
6,6.37858398656826,1,42536,1041,75.96556369608297,39.39122202502266,64.6370158378933,40.05327419454123,31580.840445589005,74.38604787869728
9,6.2448469728392295,0,45916,1155,36.063536188513,13.135741014579155,39.56778939923451,31.131579235634213,31355.187844544915,68.76481891662434
3,3.2588770792738635,0,78559,333,49.25588895415854,24.606171018599404,62.96479279493217,33.38704448436008,73408.5263785213,92.4738060833745
1,5.524121565153496,0,77041,118,54.595969458993906,27.276022167522875,50.68594091815439,29.91107524083808,76278.60292615813,99.36089470634792
7,3.578014128514346,0,53836,521,35.86372812517652,32.207801581479124,55.0872629914559,32.488333579563445,45197.70638223339,83.07717453998019
8,7.5130623449948635,1,62325,1340,54.04890259978949,61.36836798839322,79.79861446272768,36.88489441372938,41576.82729816795,66.76737243789502
2,7.683646997226383,0,69728,277,20.469670890126615,22.339455265556932,34.270313787669124,26.039524351987584,63930.64778306925,92.06556550542312
6,8.434145850801173,1,52653,1280,34.6195496833994,52.82334412444857,77.2028202405972,34.453197298256676,37110.703941078544,71.30694435193269
5,5.330280655414716,1,67133,293,46.36918157229999,67.52767559258571,66.14907061929648,39.327445977266386,54154.10255543354,81.2454188239933
8,4.626161047902713,0,72133,907,34.02339830699484,9.745909366442522,41.82399414173614,28.517592068519075,56926.90480428633,77.98132499215392
1,5.923981691783502,0,45528,127,44.568108877080796,26.306671039458426,55.11778336812518,34.48722746663047,43819.23469648629,95.68396661145084
2,4.806995892917608,0,48458,331,53.68786009208631,33.02792681757376,66.18656147397327,34.72698632137866,44271.81150649155,91.68944147283109
2,5.96379426797844,0,60015,201,79.13071489109349,10.921517981393855,71.76302640078674,35.121978293803885,55823.82238113846,92.91249260036014
10,4.808901119753858,1,49405,889,25.4052916848539,51.55797289220608,84.50497064892954,30.95020011629575,35429.737856867934,70.7759755005202
7,3.3422933332448674,0,47646,649,13.663749154677767,60.86295173606863,67.96130982421091,34.13908141807726,38058.03244079228,79.86459534751877
2,6.531004260817834,1,49487,350,70.40442458476019,80.52842606961056,93.84341529148726,37.35983058090622,40847.77608355739,83.03143400282839
1,7.817931434561074,0,78415,173,23.088978626573372,36.38534031386707,44.36669704621265,32.46689733606928,73303.52599500585,93.50483747601723
9,7.431547980801522,0,78769,1496,61.340584562735366,46.882432368416495,84.16221163495311,35.189037229539935,57567.72968628923,72.94042173141962
5,3.343948434122174,0,56177,237,42.159023060726824,22.640099247518123,58.90911125217219,30.29103421738275,50245.848838349615,88.9670788316242
1,8.893470658069203,0,76904,151,56.348396957845715,47.34308696543211,61.32207541635569,35.431525839109646,71372.50679230623,93.04407727198104
7,2.206935024047297,0,46798,351,58.5985964097477,21.99357115385994,42.3473386463519,31.262384564320495,40182.914744956724,85.481691147115
8,4.492414537294877,0,68083,479,45.63456283266718,34.507230317301314,57.813889097678434,37.061769423423655,53840.34283491025,78.83561508426405
5,6.215180906988959,0,50743,771,24.842359543257388,20.519762214416627,30.09511522000549,27.458569898297235,41310.13312989926,82.56761087483248
4,6.083337903731102,1,68062,391,56.312198134726025,42.94117876904578,85.8810961883053,40.69137225191143,57434.77481111349,84.56144677329395
2,5.324712686839297,1,55256,199,30.192197603357368,59.3077540563922,91.09366006899943,33.71388144648694,50455.79997434069,91.40920903517166
4,4.902949499267607,0,46441,348,42.16319170522744,36.18832099446733,63.147970509735764,29.834249420610924,41848.393783643645,90.53412077432053
8,5.120269830950991,0,77743,1217,76.56124717164099,19.05782457069034,70.80018372690304,33.466663940931156,59434.49295848835,76.30392290649229
9,8.231580557712956,0,57791,1781,30.632968551009956,32.788931127511546,55.624687101499156,30.10031189584998,38541.73121471216,66.89857019695836
3,8.373452211945102,0,79258,552,31.952247412072637,2.0,42.81440852366153,26.7846421728716,70479.58808257611,88.62431297132524
4,6.23621900396176,0,55772,792,10.97268603938182,17.306719875565797,20.96079412990003,22.87675976630777,47676.94484299054,85.57758170722829
5,3.7538387203145493,0,58875,651,50.66148675809875,22.303244208382967,64.38826108845186,31.523483307843538,52746.48397677472,89.82789694913247
6,7.375577901703511,1,51851,1245,54.21456341231475,40.168662395105386,73.4482994930965,39.697867774538025,37627.5820044502,72.66940069513556
4,9.155667143241475,0,45451,270,57.90181231441454,42.10680605478378,65.70747959364667,31.091935667841465,40959.92908354927,90.37774013171894
7,7.584875588773427,0,76373,1082,32.755007146026344,34.70033980378171,62.584378224721135,31.121684186740538,59610.35773725274,77.22828363303998
7,4.538589406251955,0,78100,215,24.593212277547643,32.661408334486886,51.32030277615957,31.57336423881845,68569.63194805986,88.7624409492005
1,5.170827704490896,1,40511,121,65.22873504443966,47.6836426744277,75.73342355995351,36.773029363403175,36190.74242294866,90.06404055929234
1,9.004778240797435,1,62856,119,50.922203280426984,100.0,99.93501280113588,41.98028552133533,54832.91062042005,87.69894955053462
7,6.6689352241979,0,78729,837,41.71349213897215,19.43278439272828,50.32492210563021,28.994505939487194,65995.42259198958,83.53859847374684
9,3.769593370691746,1,45844,936,79.60953143896631,59.193112425005985,80.78018901906756,40.42196894259719,32929.28179728316,71.5511809836669
10,8.797580369965969,0,70377,452,56.63778160590315,35.208425344091516,62.22008830075276,34.839114909044866,58040.27480325299,82.86508305424718
6,4.884788311423337,0,59807,654,57.73884652206581,22.197222522099068,57.815481802315354,33.45176872573103,50283.439654826536,82.74979539813475
5,9.784054284561236,0,61534,889,25.37481314953458,35.66724103556589,42.15039954381571,26.556110614990285,49723.92572404134,80.30922398024745
2,11.421250280794453,0,58392,419,67.84656973623086,40.670368093333174,65.09997061660803,36.89227212589805,53270.82554330078,90.3171504887801
9,9.50535123042146,0,54570,1460,22.112928389549335,20.997191279755043,48.35632443243544,33.5088930306827,39666.82686039155,73.18655044924981
2,7.829232166950025,0,49138,193,70.51342943454776,2.2394951593150623,56.37024078724867,33.27157930256439,43833.3196451292,89.86427065512834
3,6.211102264620797,0,62126,550,27.96813020947308,18.859783368712648,41.148150740226605,26.197129225219285,54167.09222700894,87.59405618878552
5,3.0107698401991967,0,67287,392,40.14863925955911,28.41766433439059,48.96832741415374,36.52201321772418,59273.89157448625,87.21938390905056
6,4.56327550793723,0,79359,670,12.49063481742973,38.58855617156739,72.63997191961205,29.804453847027474,67363.01748947853,83.61048799161091
6,3.614216142023985,0,62114,859,43.214922057703724,21.931773717756812,57.69776501265507,32.886388741381914,48754.20385158547,77.9113328365982
3,4.865797224073919,1,45522,171,30.707326332366417,64.42824252709516,85.77091695489163,34.28106883100428,40223.73531787734,89.55997300717448
3,6.817802106043789,1,70432,318,55.48245854332191,75.40414193708807,86.1733270200565,31.844134612644293,61545.58756611321,86.45267255725763
3,4.928695781892946,0,75328,400,45.40605976656658,54.20865370524714,70.09904572695376,35.34499222461843,68440.28520620226,90.41064869653094
4,7.99187293449436,0,45065,593,69.22242218694073,43.834735787717165,77.48696398235911,37.82446530808325,38419.60570540404,85.85589690123214
7,4.315944190206574,1,74164,646,82.09513161169589,61.322475052859936,87.7317137698089,44.750776531285574,56144.0968795987,76.5481274302008
3,7.128714531675751,0,53356,501,46.37298182899061,53.547171908716805,72.85665718744725,37.90807974201888,47555.369056232375,89.18997932700212
1,8.614857460071486,0,75706,103,48.12481620547613,25.772410065218114,52.31253849034124,34.82345071062574,70346.41599373287,92.85673993178904
7,4.492179583769968,1,49692,649,56.14143165599257,44.11410793593083,63.264734784728994,33.195930164807514,40080.124970272045,80.67617762587581
10,5.72711185688045,0,48984,1149,62.45514728801729,16.387711520928743,52.709933667502895,33.090837216384976,34963.17048522282,71.01472865094274
8,3.861554122851517,1,45207,488,63.12002776178919,78.10575457478711,88.4847692064386,37.64840865274188,34481.678533200844,76.88894389684589
8,4.408471070094574,0,78239,856,34.84593214486527,24.00187463504309,44.69975780461977,29.11892301057739,63468.659515772844,81.26912664312528
4,6.483432716037449,1,75978,509,71.25388448281842,54.42537464514487,81.14484307791847,39.88923787251424,63358.09688425772,83.81970822258998
3,6.468797897297585,1,78065,133,61.54386692885713,59.11495687844291,90.31641740861225,39.90295669490072,67940.29382937055,87.83817395423391
7,7.836541124569727,0,78514,1160,36.05514966258538,26.091813891845046,56.87275984338147,30.997929515955114,59571.18846261797,75.97080827158445
7,4.3680961642356175,0,71667,435,33.71708321487574,5.250692443758346,46.91331129267539,25.46218564120279,62089.148145399966,85.66626036099827
8,6.455713790602224,0,70695,1076,44.747819196971264,38.047868589467804,56.91441723020668,33.99212347952774,50687.712835151324,72.27417242706144
1,7.480977580502497,0,65456,135,37.544997981146444,23.53536475159394,57.805951964862864,33.44411473577873,61866.24866493334,94.03124959135954
3,5.7470477544292855,0,75470,245,35.94255225366191,13.894888365659495,60.028957352183305,30.279880030157383,68449.38869942735,90.23223649691175
7,6.578502288730666,0,71610,726,52.0027156989279,9.904023867842696,50.789981675244796,31.039041421946106,59067.180183016535,82.92838694676429
10,2.678424869182952,0,43733,430,54.033639803776026,28.418653486304088,71.97222933507159,34.54786752629728,35218.61512139433,81.04294226682664
9,3.903653334783397,0,65272,945,45.98708410120701,22.708172885544,54.971921222511234,32.851683022841925,49910.45632839832,76.4212740071222
8,8.542035894682767,0,51125,1471,81.85606025710939,23.295483996944157,59.44966821515769,38.37079854262953,36314.19359331599,71.16483139132816
9,2.13287368652318,0,67498,701,60.558639079226936,52.47234008626867,81.7357907720241,36.748913156530556,53486.90074552116,79.85925570763975
10,1.892471858522101,1,57068,516,61.347331158642525,70.89197129125117,87.3706350450694,41.507433690270304,40665.39914281133,71.7973457189109
2,6.249698434965703,0,70431,128,32.09634705675481,2.0,36.011692143732986,32.13769914678818,67589.77896945114,95.93008191370447
8,2.5743693737963804,1,76447,492,45.69690431357445,59.776360176331316,73.27582451327157,34.1251400490128,58777.88993344078,77.02811929349782
2,9.296554796397661,1,40899,219,79.04197483825658,48.21484907018355,76.20777192381412,38.936854008268384,36336.909561439265,88.72105357866525
5,8.7688246223012,0,40598,963,45.65498078987523,11.286001841268744,45.20037489612274,30.575692071006543,34993.0841373114,86.9188319747351
7,4.364345917567928,1,51681,608,65.29638517429515,53.607191906922274,78.50085448847913,40.26852613744552,40177.28511696256,78.14395270847461
4,6.22857879297083,0,62472,262,67.04730075639996,27.810883437875884,80.37098671278015,33.3023178489807,53667.82434136825,86.37355044824653
3,3.908554797400314,0,63286,306,32.0339284228859,16.861847977973017,28.456013457892446,28.75022281218051,58676.50615374308,93.30417222331766
3,1.5639834262428423,0,65442,101,39.95833283378098,41.53580081024781,54.9490303452894,30.50937253209946,62705.81134902714,95.59076297044813
10,6.5541252888714805,0,75135,1138,37.17514993862404,26.035795410597682,55.71315727242862,31.441619317130574,54767.84834893845,72.21108010458725
1,2.593583053292528,0,65685,100,36.16412461275958,49.4840445774912,70.924831652635,33.68252024449554,62592.40140927007,95.65334344745014
6,7.308641586911205,0,77503,1143,24.217111889441284,34.47224412121099,59.04105142192417,31.21535714839369,62223.287980718276,80.67197698731226
2,9.225586129645691,1,54475,295,49.36980649096776,35.706390734141934,63.02323122810666,33.48293455412348,48536.66033929577,88.68901416022887
6,6.7017973692456465,0,69202,492,36.641379445714534,27.02932032296688,52.56562471302812,30.254796243894877,60672.08405056676,87.65175241927258
8,9.198623687830239,0,54225,1091,36.55958087441475,20.80234349806351,33.33530636706382,33.89227241689744,41398.63759450836,77.08874505055036
8,5.753635143512783,0,78091,967,33.56297021042256,15.684085225771444,36.1105471200504,28.288312478000176,60284.75689694155,76.42459141674505
2,7.776362308260804,0,70098,339,68.7218154661695,18.07300827747614,71.66964275082819,32.71079920300872,61635.80200461571,89.56211824933877
9,8.016983060182753,1,61684,945,62.739395737025724,64.35917367118104,85.38782187099628,34.45146772194444,44368.58632681327,72.18737587185781
4,5.074368117537245,0,47711,582,29.08877298374495,15.98262420747862,45.28780284198292,29.524387228374426,43514.61527337104,90.28231589103493
5,7.2424269116615,0,71462,549,53.052805899716084,2.0,49.38086241205937,27.591789039714943,62605.17369241758,87.71468034623088
10,6.295691294028168,0,76305,1075,44.11120858373481,7.567150999432279,54.285430090803956,29.56001398917941,58405.84628170123,75.86468982479765
6,2.559082866572707,1,44835,344,36.30984978337814,57.03884225760227,68.46670523056588,32.389969957497804,38677.206023908395,85.11904919079123
9,4.252113480441089,1,68596,728,73.18177992712974,63.215297280789265,81.21466606827227,37.606869619195635,52834.63223916455,76.94595215142085
1,4.410802279291119,0,76699,155,53.12188484317285,37.71200026952839,67.26468770672003,37.76282422191938,73804.97462577457,95.56231268729765
9,3.843548826067399,0,74034,1081,44.673448666534746,34.924055583586394,55.3826740929618,33.51787590077313,55932.70108971813,75.83137112752651
10,4.269020468884378,0,74079,862,54.45466384904906,19.55740361877099,47.337299772043856,33.994619114834165,56737.7800874403,76.89992947613985
2,8.645276519922573,0,54203,362,67.57388119341863,29.115899847438115,73.5664003977354,33.3616189602545,49014.79629263275,90.71807422458691
9,4.502671538461934,1,46279,687,95.93438892665921,47.34791504302215,82.01924030785148,39.6699385525998,35276.463782374965,76.29025545067257
6,7.070489221892728,0,73255,376,37.6373427323491,18.14214737952881,40.17651912835781,29.601266565110677,63089.92322574287,86.65873116912996
1,9.74071392026052,1,42671,179,83.42644739193467,75.90520765890832,101.9864906282813,36.826281567040766,37763.82323117164,89.3993273177241
8,5.7718730654724935,0,61847,1674,51.42320852560487,10.278582655143053,57.98161185536844,29.982988637964166,41096.88951931115,65.94970590040656
4,4.90290804043631,0,48040,396,49.099506022683414,49.94880527589775,78.55790236065491,32.50739117993345,42988.0002618314,89.45280136884068
3,6.723404821410191,0,71242,356,42.958918289449855,25.874240691848186,45.525857887949584,36.20071484297702,64050.11228727276,89.01059141993575
9,2.0480114180775573,0,41304,317,68.21147950027625,21.378035138479802,65.28266431645028,33.513043043335905,34659.06129728554,83.37134608742578
3,4.196696316603324,0,71161,175,34.37419081977578,5.936526502017376,42.683333924129585,31.79536312762629,66545.5108359751,93.33653813153131
6,6.290540169711526,1,51411,732,70.20123287040717,63.50502933083038,85.64000097779271,41.813730409566965,42258.01385706897,81.73479587855711
4,1.142389771077358,1,61579,169,73.14099769997416,56.3343068379155,80.08663025392465,37.89079869334777,54358.631887709045,89.00624647791064
4,8.751105806877238,0,74287,529,49.93082032851564,25.951032912844777,44.00452563516382,32.104687525764895,65702.8675495962,87.97633167372784
6,7.218191089699075,0,78883,718,37.73894934528401,29.78367249316903,69.63207211832429,29.77931459918535,65030.165163393765,83.17821433697279
4,8.797214214670083,0,41339,577,74.1541427286418,29.381456953630725,59.56126271232912,36.57778209876169,34413.887237779774,84.40518570920479
6,4.981704146021194,1,78862,675,50.09696947763217,75.61051111036369,103.88205138196075,40.62615871438003,56881.15550642368,72.63319771078642
7,5.84541175207267,0,56510,1014,57.97794290956773,11.829390881645923,39.45296000342404,31.993939384731263,42283.77908124144,75.62300445942098
6,8.057912039155724,1,76428,1083,58.80083275637369,66.09958858454124,77.63780391815396,35.95288240446766,56917.06191899767,74.51704591741176
7,10.074481386495428,0,45983,1300,34.789740285853895,10.257926279385638,59.50798428570989,33.690553135229436,36151.623513213824,78.7545907050734
9,8.001792299356634,0,48268,862,65.6357720605874,9.625723941868642,46.19999504203115,28.071859619998733,37367.43238889874,77.23441182985276
2,7.141140946742081,0,79959,120,40.88246339270032,27.246376726646822,59.354197529584,34.6981556705932,76159.1964777686,94.80215406140245
2,9.799939992080361,1,49514,438,37.61509667938616,66.34370677497722,71.3123512330581,39.29288753391786,40933.57305376916,82.77507334259451
5,7.9759016063395505,1,50737,829,63.832819789741094,80.45383367198053,94.13814474668085,39.75193512409002,37741.78455967679,73.35461539338971
8,1.460013412808081,0,69851,460,25.893636177252375,2.0,31.340062212039435,23.29524437807163,57886.83069942808,83.17116987716109
9,6.727974530044624,0,72912,788,36.76260392733835,3.604753609165698,35.86982819709175,28.085253152087848,57020.79854506691,78.69231883991021
5,6.335300181113485,0,70781,769,52.626835806507074,42.8997248061564,59.84707804757132,37.44865326819189,56778.99261425096,81.22955843998949
9,7.454964447649391,0,49999,1274,47.71103162377931,24.889457552906233,49.30969014313217,36.70395891088316,36501.20202789262,73.14861435775846
2,7.415908399916753,0,79675,304,31.644675579052006,38.1885174875721,58.10303575198804,34.04874370001105,75266.12532060419,94.4793321041728
7,5.444093553242993,0,67146,608,61.71139312680189,16.760449297318004,57.6887736459696,34.26930569585252,55805.18613937665,82.31724080018984
7,6.353851565328285,1,57038,709,65.85546037654608,71.2086693799052,88.01910221833572,37.626522583613095,42699.04780787075,74.55415079395944
9,3.8877304724216097,0,68988,776,21.594286237783017,43.58633859151752,56.13481532412342,29.405746528504807,54652.93022300113,79.196332252526
1,7.598943611941482,1,63752,169,40.37284456645766,27.66157028464881,49.30108578238769,33.18927242920943,57800.98224246945,90.84140608551954
7,6.065696770165288,0,71406,1220,76.81156008505869,5.787964673659403,55.33992976162641,37.52914530982036,51237.636884333915,72.27215833860869
6,5.80878797793158,0,51181,592,32.70331663265594,16.910908769078773,38.87372686827281,28.011245200581367,44967.68197013352,87.97211202318289
9,8.970787730354774,0,54982,1596,57.7563205047264,35.975060518091496,74.02024773388831,33.995406230526754,39368.80786236778,71.74849979338677
9,7.259387163132124,1,77621,1361,59.15062987974106,66.14678612440947,85.6096368775872,39.643111160202736,52077.40100049793,66.79757419417066
4,7.736285362608121,0,42232,838,62.21563944779537,39.688740859455244,59.01938829295854,34.65393213704543,35551.68332959718,83.0312288507238
6,5.798424614985774,0,62033,605,30.069726057597066,22.40029837191192,47.225912833750776,33.778105719754286,50186.18648354778,81.35138574623346
1,5.0716755079282985,1,52713,148,62.0465433376405,56.8036145523116,87.28705414862749,39.66375606293603,45010.01501394303,85.20576034353134
2,6.314991447364893,1,65620,241,51.70284492355014,61.483417125790176,74.70922613572367,32.976125047651735,57681.26868177273,87.24451012032821
1,6.663047213041985,0,46767,163,46.24745702011743,24.029940150833053,52.272748461145966,33.100209383817415,42165.8100830192,91.4643875519786
7,6.246823395743386,0,75092,873,52.865730650313935,16.23182743874429,40.71398743382838,35.1542144347396,61609.44630825969,82.18866898976013
6,6.503453369771345,0,57389,1034,52.79815931071308,17.75143124458525,57.17745052615573,35.12097801791751,45935.34059304668,80.73201261985558
10,7.163542417346093,1,68690,1155,46.851814497453134,63.46445665236493,82.47108296848485,38.0435987777718,48514.103276125825,69.94735157876345
1,8.483345941035807,1,74304,209,51.67071290202037,49.317086795155184,80.88554149253281,32.177802125560866,71728.13125558192,95.69459431864564
9,3.7014212281797834,0,60305,624,24.19577831932728,43.13264219919335,51.56937249309972,26.117883090540694,49734.147978750545,82.45716564526386
9,4.065936415131471,1,57867,1143,61.39347431497912,70.4297030242964,82.80876763508422,41.00510702561473,38965.843299144464,67.79364778610518
2,1.0,0,50662,53,52.75523507971844,9.972196880741915,34.20015619381892,36.152469736600565,48847.07006895479,95.72143545544434
2,6.265370741934381,0,49667,313,38.70880130425118,12.12093538270708,35.345305764279786,31.19382344061831,47905.30057932263,95.00618101093205
9,3.3274620121602427,0,40044,458,49.19876331842454,55.84630645624986,82.09840680925664,33.59083729016749,31696.696152961013,79.47121497530712
9,1.78253291936148,1,67496,475,85.95382140421555,39.41564655544397,95.46486675835098,38.49800646399769,51389.125447907514,76.14431908103504
9,5.647723971510343,0,78673,1394,23.64042085992694,30.518168584393294,42.02035616085579,26.88612503518143,55632.11291570464,71.5353773498065
4,3.882166596170663,0,76478,397,65.44326412639266,33.00774985308469,64.95498883375505,32.41912138244793,70579.80984013584,91.58062810736675
9,8.185223515140521,1,75866,632,40.22823737116025,64.23155215458061,79.03025119972118,38.46147759652479,54202.46840883244,71.67791258176021
2,8.781678094976872,0,59563,340,71.48495443201577,44.30718262619386,76.57988134273407,31.0928585722418,52887.00705736723,89.29010120148308
10,7.4149612821969875,1,56240,1970,52.55196337590806,28.977198868404134,50.69028544498456,34.01366161628231,33779.02571626938,59.77737898541308
4,5.078777145870015,0,58048,550,52.100279327004415,10.092897297067658,65.53818882053064,35.12968374381075,51151.08325498604,88.80710460401592
2,2.9248657695066775,1,61929,127,87.48094009037519,46.46825864087268,90.82925222024068,34.98573713009599,54242.84712418951,88.35027453421056
1,4.010384461233936,0,40255,98,34.616572199294176,39.2592587365248,64.47489060869009,35.729064172230274,37391.627796394045,93.30795343879927
8,3.8562539738082244,1,56826,1065,75.6428540593551,60.17973372274012,95.12966522644805,37.45844820324173,38451.65529069837,68.81276283640504
3,5.1094523842777635,0,55769,456,44.05639319924387,10.278191153900258,62.06367941340308,26.265908688267466,49617.0812687402,89.77342221965611
1,5.278195889062989,0,57651,54,62.61805782951312,10.487529462382708,48.137600604187135,37.43097076284697,54517.17938831866,93.27743843131685
2,9.839625148874074,0,68621,425,54.40804358412565,30.117070970332236,64.81204181798641,31.389990276034943,62006.45332926634,90.76078147263547
5,7.823619157227018,0,64470,298,43.16234101155177,24.258832534458918,60.73664289943851,32.197102325291034,57521.08385643037,88.96621317568425
10,10.140418942910214,0,68019,850,16.40851652012675,32.49446787438139,43.541811797210116,29.077436608357946,54817.76704710477,80.78263063733027
6,6.511126606068518,1,76539,751,64.72308393786335,80.84400775545089,92.33906798366128,38.71373427921572,61691.38868196093,79.91225564236939
5,4.067016770640704,0,47408,334,50.30953903997228,13.076952906602642,56.035203648679094,34.006706429734294,43128.29656654165,91.14923417263084
6,4.590734339494844,0,62879,818,54.32390092640762,19.952265375149583,50.007594725960274,33.122412918235035,50993.09660233881,80.70120145731774
6,5.924208113628777,0,75089,724,47.355672722264195,30.35763806293491,56.64936195059117,38.665100391985675,62403.50493665377,81.93394440884806
2,6.851184830955059,0,70370,160,37.789249659104875,20.90032335922327,33.92837447421664,28.381448166245143,66378.40833082896,94.43932611698752
1,8.528422307872477,0,66174,184,35.40012594956676,15.957711288219459,54.442590997102364,28.32148838361736,61376.7264834335,93.91091666438018
2,4.71771552238782,1,79171,95,38.16165988191612,45.422001994527534,59.27426895740191,30.875637829600752,75155.60971812188,95.2635376164191
1,5.15232784128818,0,48008,128,26.50227744249963,12.202101937793762,34.14523425266533,26.98553596306675,47472.71760360495,98.15142000818808
8,6.406111206492398,1,46195,1174,66.20681858260896,60.14880006374925,84.24212321824845,35.176823673891725,32054.290648836974,69.18160976736061
7,8.918593830192721,1,72447,1176,56.5858319945735,44.25758105448172,60.51993669598409,36.06342962865362,52861.762337725115,72.22215738510799
8,5.034299909156512,1,62232,1647,30.696281063783182,27.104649101391338,47.71339629781241,30.00994285868701,42571.2234979436,69.0130230618397
4,7.126681623742302,0,42547,448,53.0866202638437,65.26546899524419,88.68464297437191,38.00035788998436,36002.57592219997,85.31219993867772
6,3.579741927163828,0,70062,314,33.25351379738764,19.151663901151174,49.034772383030905,30.430919653851156,61558.689999564966,88.19925781691298
3,6.895984716861207,1,50043,470,64.8720711344429,58.893884978570995,88.58086729364788,34.14140353407929,42863.167214568275,85.87674888773334
7,7.069102242583437,0,47084,762,50.7482913564458,40.907458590435795,76.06635429149055,33.84447729064188,38638.619979634794,81.3901942281156
2,7.268461406783518,1,40929,238,74.03751001484795,51.21913299211803,74.50090264310215,34.867614454570045,38053.478178658705,91.81982828463941
1,8.903659481669495,0,71411,80,58.264889022104164,14.366679934359807,59.91286141278194,29.462086132540083,68071.59050828086,95.21839677313426
8,5.874004723438022,0,62363,793,39.31113960018606,35.57066838845621,61.07073854039961,30.13210714388787,50055.675827230116,80.03965027905025
3,7.455442101383269,0,48806,382,36.642385512559144,16.14290224155464,59.41498891211647,28.41119540425739,45719.670169752,94.03304007906074
10,4.037090693534006,0,44051,442,36.49361161278151,40.434550613020605,40.08252611938569,32.235228965732404,36262.20765243454,82.56619078795538
3,3.391315792418435,0,59877,328,68.45917003052031,39.18906728930391,72.87281713405942,35.196443226472326,53940.4643009726,91.17692622556444
4,5.878637871495135,0,59059,306,25.813938870037138,16.948023753652503,38.97873963249862,27.825815830595364,54557.16717026216,92.39665812519395
8,5.435719706699526,0,57788,836,39.0938442682742,17.106935421404874,43.097779952261874,30.94866180372947,45531.18403570665,78.15623739552017
4,9.742964133729105,0,53348,687,54.00237656172416,2.0,43.05964191376434,31.260390049829518,44355.05369419195,83.69603366337692
3,7.534161309764088,0,75426,466,26.671004114501848,6.964341438251115,39.11270364360342,28.886629491058226,68326.09299290732,90.78541346851863
3,9.084227023821,0,66925,747,30.722481522359374,38.387550983153524,59.12504972117388,29.872620727718612,55543.02935433921,82.34154491094039
8,6.859833255780549,0,52145,886,22.542631929676507,12.325509577527153,28.816635614619145,22.523944609399745,43876.61956378691,82.81176345583712
2,7.8468810562085896,1,62088,310,63.03845483646931,68.98267289591406,96.55373434763713,33.795295145048264,55723.388837233266,90.27739347399262
5,5.389434046405509,0,51687,635,23.515487731672003,35.0022229602844,73.15071963348197,30.022469561853196,44793.902403099215,87.40954361754396
4,7.483072019547789,1,67137,616,35.094324113748456,51.68751197098181,65.07028144899311,30.534583218311166,56738.67682032339,84.11146730420036
4,4.85452819186176,1,59848,101,71.56286886749106,73.66943537883543,102.94055822535655,39.65877243450216,50339.91369419264,85.03398561609178
9,4.909007759799844,0,58315,950,14.683754498972615,23.293740349308095,33.34951226892716,31.022488043997296,44304.178593239034,75.74145668735873
7,1.0,0,50456,270,35.46276635253716,43.07745835644342,55.00820306083111,32.62787108105886,42681.357294443354,85.38592849509179
1,6.842489666846599,0,46358,97,45.12581981737663,15.218381441626946,50.380486253240306,27.549657768189128,45101.1999348981,97.04441228864971
7,7.980036045416371,0,60305,1062,35.69157372757207,20.348910214703686,62.68376819151673,28.727568231977994,46150.385133070515,76.88186261226784
9,7.479006631715254,0,41001,1453,38.19150352119475,20.22974383239048,47.296716213605634,29.196345990387908,30068.812522462813,73.71289460461641
7,6.5834467555687555,0,60514,932,52.912153757184555,23.219696128877487,56.27611845519036,32.0561998939002,48216.016577295006,79.33494223176703
1,5.031915883416467,0,41499,123,29.434117905575754,14.635318498930047,35.96902054981702,23.6516704791824,40089.29330609484,96.46686820007442
6,1.0,0,77031,229,53.454943689944216,30.9499535831407,53.546580222192475,34.23834462025832,67903.21504540912,88.53029941202779
6,3.4353339097453977,1,53437,329,62.85109430613367,69.51667281490302,87.39354066008892,35.04849399640423,46627.86340034275,87.70928943947102
1,5.713805682793822,0,64872,184,33.86160879394499,37.09354561379963,66.93004979183192,31.385108110735693,60177.978381341825,94.00218118507806
8,7.540869962124268,0,72885,810,56.57445711745582,32.85003431196476,69.60136232958934,33.489602990121426,57098.87592827979,78.20511629955878
2,8.664047275542305,0,40160,303,34.10506588495328,21.335334663001714,48.09680523648187,29.673622944331957,39588.32730034661,98.07580900167606
4,8.503793196406894,1,57933,639,53.795390767119905,45.75131434754886,66.89760135548865,40.073497544769054,47797.46878403802,81.4960149730409
4,4.554605579609884,0,65324,263,37.59766025180658,33.72624130075259,63.177449136638025,29.717223610664576,60595.70378632995,93.19711700021001
9,5.541733120577996,0,52426,1018,33.49461809286822,19.54491095864975,30.63640054712176,30.838680239366546,41622.03099090733,78.74821345127233
10,3.1785954786947386,0,55307,910,46.9600986001398,11.677249286816025,45.92118020069363,30.71434836513679,40369.759742339964,73.21332433857717
8,1.9378917904454465,0,41776,520,13.65416909933193,17.9103847778634,36.70447172155473,30.37042265392839,34184.736966581564,82.13615407567781
4,4.126688650710999,0,73444,373,33.58520159433054,27.953719844156378,66.64375566579713,28.1316314895816,64860.9416026037,87.84777304250053
7,4.252915693615558,1,47831,798,50.57444210639656,73.6368789006022,78.43773618952778,39.389972964291516,36868.152594112216,76.17971536631154
7,4.024877200001719,0,54306,369,53.91075278682992,31.05908416961013,69.70667881520794,31.45851060694423,47597.84146921712,87.58442476081204
4,7.751193747964329,0,73978,662,50.47544552457941,27.402260451851777,63.10378670043785,27.11735552259545,63272.00974044329,86.76643812653336
3,9.267467165166558,0,45116,593,39.06561825627676,14.277052407529196,30.56262032730072,23.970039219540283,39085.91847302045,87.83726042846718
2,4.2267460494735,0,55155,182,68.11017479416662,34.24106124334469,67.42691441704767,37.000128286855116,51573.22397893003,91.72991098244034
5,9.720462869874659,1,51865,533,36.30016702484248,52.09366903584444,67.73546341681192,30.13010339735456,44532.05827445902,85.68707362026556
6,2.258232144563036,0,53717,260,43.39320515466342,36.643163459139494,44.43088048608994,34.06273457910726,48669.51607753908,88.76611201780749
8,6.936334812769345,0,48933,1013,46.257000818934515,26.52342926462674,55.43585101565581,34.512250804837564,36702.76408617784,74.28369385845517
3,7.287229176085402,0,60313,309,26.41147954344886,21.89199585526176,43.85636572551622,31.207910959409844,54506.48443076847,90.86638232270583
7,2.9282847255995956,0,63709,731,24.881170294218187,24.640814538365817,30.758889241102935,35.77178390564943,50923.31105476398,80.2582367773934
9,8.180951060457202,0,68728,750,47.873037398418646,2.0,49.759414921139,28.834810223037984,56693.26759045265,82.64730957723201
8,5.167947553304716,0,41956,793,36.96566653902736,58.434795269358986,61.47297445831663,38.921950176849215,31523.738542284103,75.63349981337848
9,6.587538223972701,1,79437,675,71.4598928542668,64.21303746394504,104.57389187757143,39.592287789386525,58837.72256404548,73.88449478692294
8,8.511323243201154,0,79420,1416,36.640610919136996,34.54210081940613,42.15149736751285,29.933130888107073,57900.50965787062,73.4081558950552
5,7.487505322020665,0,79868,890,38.817337498873286,7.937824821585288,45.3858147993749,28.01265314846708,67883.22804830165,84.61925727217115
10,5.010427346524228,1,70599,1241,76.33713874886872,68.16074645423907,92.66371202901404,38.978230978602504,48173.438160522695,67.6997650912891
7,5.881476644710164,0,65510,998,26.978708586260588,26.066046342857657,41.33737199193825,27.750952018712503,55520.86826886169,84.85319030930006
5,9.834135055159313,0,47853,935,45.55585865347859,26.366878596148418,56.935697626856204,32.43272440101168,37631.098724639225,78.25798342890252
8,2.1969773720069514,1,56430,517,71.53954579661522,91.13411412785221,84.9921689834054,41.737983370653986,43097.654871730825,76.47220296717059
10,8.089283304484226,0,45604,1593,44.97739159305412,57.174775546189196,81.0667139694489,30.538074418741854,31333.936049247484,68.26986629549636
4,8.11675297398801,0,65162,606,37.153877101661884,32.64357694135818,51.68238499019214,30.597275740128207,57817.47920698873,87.73542425484173
1,10.158718157993953,0,43375,169,59.306262034633974,24.306349083872792,51.4994735560915,30.12976653205395,40824.454265962435,93.96639931566884
2,8.956278216988661,0,66554,278,19.43181247139137,12.748572794502675,34.080084484660944,27.933636622733793,61133.81710338354,90.99924153235452
8,2.636029696288222,0,62270,789,42.24528344298618,43.08533254196445,53.94606127750614,34.46805510332202,50208.95352369993,79.87041099010719
5,7.328843910492907,1,78844,524,43.85525640008342,61.71643664906452,67.96205757011887,38.46649249634441,62762.26871822775,79.8731811890991
1,6.816702008106708,1,61137,147,58.96045909243685,51.159039335199765,68.99750244391056,37.29259467945989,55919.48169012064,90.9772651193214
6,7.883165358205774,0,78599,1436,39.19502163212636,39.84318153128787,43.58393614868746,36.03641333723774,58812.90112483384,74.02962363472346
10,10.04060725315616,0,75349,597,35.31645258587234,11.282177118854637,44.738596971492115,28.57308017715724,57853.29415804483,76.6244387143628
7,6.795904627247709,0,73550,1187,56.315656743901194,29.40867687402222,77.23068982304794,30.316536234691462,50503.55115751858,68.98096942185828
10,5.586591963620382,0,77804,808,46.25489824534957,27.924442715034118,56.69259666851282,34.116474552677005,59301.262052831014,77.24269230786412
7,5.554342431970125,0,57929,1054,50.71344858323639,32.26184826107669,43.97446766072155,35.09274782260408,44481.79980354376,76.53026225703327
1,8.413242191928656,0,40852,46,56.4022847347306,47.73729684836846,76.38347856003288,35.30853731676082,38735.50381459556,94.2029076180709
1,3.70506194560753,1,45951,105,31.94779348420222,60.69704809266241,68.92704358173854,38.89789492756452,41442.8013200869,90.56841058600223
8,7.4824452763868745,0,45174,713,39.76065922832585,40.25537645346945,63.55869699056525,30.252969200627213,36531.00473662355,80.57487696054989
10,6.822118125268039,1,68473,1154,52.95636057579102,47.8505928632767,89.97126655495782,35.56972932510872,47186.967997528765,69.01178976358649
6,2.044960617002753,0,68365,469,56.082194403686835,15.601111435928177,54.09871704490085,30.213062473359475,56714.99644546786,82.87576986365633
3,7.106141518796595,0,66233,482,16.962603483564372,2.0,31.734168342988887,23.222428793607808,60632.92799418754,90.47933002005303
9,3.5727007430591433,0,71764,1006,51.57338673279375,33.78453200993101,66.177663124169,33.640374693610774,51658.01691249041,72.86507122571395
3,10.410703080064668,1,64125,537,74.47541811765093,48.6394938463327,94.58115085349962,35.77165330141038,52975.7617965559,81.95690334056687
8,3.9745762941562686,0,49355,577,37.6090315603137,39.16932934051637,55.58581850581345,36.57161661626421,41478.725824045374,82.68030921459943
1,8.172221163104831,0,53631,152,54.74504433014701,32.44709974671391,64.34810920263594,32.18177435388287,50488.90047415202,94.63173400742845
5,5.4638546743187835,0,68682,524,41.95882433018471,55.387406360445674,80.54254294464161,35.23653597987892,58719.946124374306,84.66064750485693
5,3.7037725165665387,0,66666,601,53.6412832686316,23.2069700936931,48.01078015331562,34.33702342585219,56476.273043150606,84.51927053970066
6,6.984482247436468,0,75446,1115,60.03415373946424,37.54986202747977,53.52462007634702,34.67980609189397,55883.34107798086,74.49110861545572
10,3.11857600158284,1,56992,627,63.48708473089905,67.05440938564102,97.37893650026537,42.323530165597,42540.70808356446,74.57815740345718
7,5.563469683769659,0,71721,1000,71.53068167169941,22.962547656510832,75.90557187265652,35.77457813618969,53390.30886774147,74.72085625709403
7,9.13442177139904,1,67737,1077,45.68870116781402,79.06346651605077,82.80572203993368,34.47108391533478,49099.56950511476,73.20696724203378
9,5.260782473964255,1,76038,1125,71.08193311643865,62.21656900545653,86.16784863842267,40.70683149925545,51314.62125559213,66.73165688452247
5,10.905641384563754,1,46063,1174,92.01536643259988,51.43974344249939,83.01592756374146,38.01680995939905,35543.20616466931,76.85601346685971
8,8.365555490275145,0,51795,1597,41.11190365618791,26.53800482782877,47.43591698015169,28.816213200224865,35466.860106578126,69.22950566169527
9,2.670248149795956,0,64977,506,41.22865415412961,2.0,30.030279537848017,29.267955131160537,57649.16385389368,87.69056887543432
1,10.874300540405219,0,68544,211,40.200168786832634,32.29057947760111,58.12995110414221,29.571912655910022,66974.50744751241,98.44934448211002
10,9.776268874338427,1,61909,2035,42.714610224567615,87.53313234588117,106.04021484189468,37.264105909679124,32929.849403324224,53.632654839159635
9,1.6901353116674755,1,74891,555,37.71540260518256,55.50178794173324,48.770995856890735,29.79637158541975,61257.171219703436,81.93613494196734
6,5.362674667678629,1,54896,756,87.61693572014717,64.3275061801821,93.4885296966362,45.588055588589285,43030.11973107109,78.27436227242556
7,10.081100802499067,0,47068,1494,37.00498546040831,45.87683249358125,65.21552773245438,33.85682048134504,34937.50747088554,73.84075063670095
8,5.83642541272491,0,62240,744,61.25114562650615,20.399526998332433,61.01436514014139,33.48328018529611,48486.43209543653,77.69402092016206
7,6.101029359339792,0,62979,1199,60.20287364486116,26.264179042336416,68.74099313888979,35.2617216929612,46246.23790110501,73.7087509521916
10,4.019677232029688,0,70452,919,60.27644807844956,33.995538516241616,67.665026912412,38.540370674171946,51309.5068453545,72.91260415116733
7,6.113052226482598,0,75443,922,20.44052131751988,19.52974426946134,34.737484759937686,26.340302419604665,60075.31551273687,79.57475587392749
1,7.17486273665975,0,41316,103,35.21558830206925,2.0,29.169032818450212,29.282168979785517,39633.91375725546,95.80767957891595
3,10.249443834877642,0,70446,531,51.251586986468254,31.50783551787215,50.06470602570409,37.650018881309045,61237.72330082623,86.05069026247625
6,4.541112895836262,0,60879,626,46.495867093307574,11.587451699296636,53.203234380822394,23.564509458713285,52929.81274203286,87.15750958295058
7,6.347803647946142,0,77682,841,48.24425826185497,46.05244755918073,69.5377276548264,36.152132339049885,57473.59516805357,74.59405144331329
7,9.819773669757339,0,71843,563,40.936339164403215,4.346515371502122,41.98337638484114,28.814292787952553,65060.62834920361,89.65323933478592
8,7.301375920462455,0,67623,1324,27.128590438709725,2.895598278031869,28.506438041430982,26.890374798366704,50841.32946226933,75.19314547698738
6,3.2582719661784925,1,48971,348,61.328245854810184,54.03417174626032,68.09553233855603,32.84968773483861,43586.68996830951,88.78722053870263
2,7.918091767376251,0,66489,262,39.120228494327236,10.968672662686824,43.82470419663577,31.153158005078236,62461.18467374225,94.46141249281015
4,6.938075459442726,1,55984,582,29.45101987524216,48.49412856110331,51.346283298620605,33.5152725057296,47222.62487482032,84.74381244105841
6,2.290446481965005,0,48119,350,41.44486596689596,13.488688435339164,44.89472231303518,33.58572358604676,41276.530527116905,86.67907056900816
3,9.182253795639502,0,45665,357,29.58860894878307,2.0,39.747189875144294,29.460424389484277,41256.85040995182,90.46512082454696
5,3.0422010177853713,0,66535,483,65.28482084467711,5.017132028737535,74.70290742683142,31.433020719249146,58547.64489984503,87.09360502233446
9,8.747029751024252,1,55854,796,32.995753165819956,79.38266047680978,78.54334592077335,34.3520482699154,42250.77942671381,75.83494932467033
3,6.603282251326697,0,67063,387,32.53212468033889,37.009142961440105,47.724456025094455,32.28182477058442,61332.06022743566,91.81024310997357
9,7.573753297853527,0,61940,1166,50.817810334077066,33.891029848194414,82.74584351029844,29.76777840627849,48325.88894498882,78.24971420896101
10,3.331085146727366,1,70913,896,44.017315217339444,48.38439237906287,52.29762191272201,29.938172594443202,51828.41523805089,72.88601360342278
2,4.394039419819735,0,68659,163,71.03092904619828,12.381966325628266,50.245969232066685,35.82293039002876,65551.97590870524,94.63274898176225
10,6.312742078887723,0,51979,1023,44.77963842817279,41.92733823054816,76.32775505552229,31.817988139976386,37520.386455878084,72.30790154674423
8,4.689982461909719,0,56287,1038,45.18391313288383,20.713084153836324,60.585430329701,28.30826207684601,43992.13620318581,77.39600437076336
4,3.6038532710042896,0,46395,492,51.93233428116032,36.7977256890038,49.33795570696198,35.03607136639209,39805.87074061555,86.20128889354635
7,4.994822751124698,1,77618,588,94.7287784231531,40.96739302108268,80.74908940358323,36.693692362959794,63654.961951177655,82.27461373288484
2,3.9634299108146873,1,41146,221,64.22554081268333,72.5299838424733,91.13345672546698,39.28760815361224,34770.31850568484,86.32203245635206
5,6.27520101674576,1,69503,714,65.53980963221801,46.656876136255434,61.06401165671572,34.3990019223814,55938.75917143476,81.51453654581334
4,4.223765312745867,0,45431,530,48.198480372144424,34.78328238993649,57.42267514656462,31.213322283198924,40846.22321464488,89.60615759093882
4,1.0,0,40130,250,41.7550047849936,28.178915367363537,57.36316153724213,30.415230903076512,36232.76100453021,91.39592385014822
9,9.950517370030992,1,63751,1531,83.3015241048507,32.56706083467738,68.47442958656225,34.63695729467322,44367.74450786241,69.81567794406763
4,6.047286110862144,0,62475,503,56.29152147789601,50.80925799922041,66.07485153897986,32.7173816018185,54297.13413837068,86.2866048324328
6,7.411227095217623,0,58058,708,42.46752214737942,8.75444676541661,31.814313837498908,31.00871705158291,49977.16813793174,87.71973221383573
8,1.4049451213317665,1,67861,499,41.71669322562201,58.87756658781298,71.81634738567011,38.064733707955504,53428.64083268011,79.25407814898853
8,3.4053544220193266,0,60324,784,49.188440047119826,17.681534647347355,60.48122472413723,30.181880609011355,47363.10921477748,79.11779676405092
5,6.034660752371207,1,64057,584,59.15022018000999,58.50077065281162,69.60958660615853,35.926476058392566,52810.664954902815,83.3322748707843
8,11.021066992436666,0,46950,1119,22.913791541768923,20.22106699596241,49.448900829401566,27.783410346232927,36892.587017701706,79.07504758298177
7,6.912605279308033,0,55936,801,28.16636888581705,17.049969433945765,50.809622129671006,25.29238670921289,46168.76601186579,81.83934724042163
2,4.987075846649764,0,40506,96,21.119657028722816,44.482437807968736,54.792398726709514,35.226136769129994,36881.026132555904,91.41066144328218
7,6.400283553307195,1,46864,233,67.57930896678188,66.30275415238872,70.86152339869919,37.14081452175292,39321.47956234974,84.93081170021858
4,2.6698443971761874,0,59767,262,40.7498834812922,40.78022303427846,70.18755243671923,28.164981264012624,54877.331897939475,92.45710146292792
10,3.5007132242534174,0,73908,696,24.111470571258657,15.321381581187747,33.06837610690066,25.775032987436564,57245.83535549694,77.44396620066148
9,7.845997633244063,0,62074,1434,31.720674505057943,19.63126017026549,42.41320215591819,29.68518184667078,44365.75669821151,72.33619693351787
7,6.1287041363465935,0,66139,910,49.54341709055568,31.962465463500866,65.37913031169074,29.981574941339975,54214.09678450604,81.08499563861864
7,6.450490343432662,1,52528,721,40.28189810169278,75.92480145021636,72.8105335440013,38.71756342589704,39497.93145776969,74.91552500640229
1,8.752836070244449,0,42405,142,30.4574629536635,17.623208528666247,43.49835817858638,26.222700629598073,41790.983950919595,97.65906844023864
9,6.449598583401505,1,55854,955,54.14551681593477,32.01978720805469,73.12161193853942,39.1469935190774,39535.981909867354,70.29050282090877
3,2.4355843241779853,0,44079,279,48.75062708248929,2.0,47.88982812945584,30.294076559139736,42225.604141457974,95.54822201448982
8,9.716654145174314,1,46764,1445,42.486053938240104,41.236976121156275,65.58185300507333,32.28508418822013,33363.16856062411,70.72625527457018
6,7.5437730172717865,0,61050,841,16.845751653713794,27.69902863290226,45.20291385739864,30.21452460359949,50587.2344122643,82.39095840076016
10,8.415098716961442,1,56184,1919,71.5107738353735,30.16864753736833,73.23581188915327,34.896159352187496,32738.659306378573,58.026293938529975
1,4.72639665600401,0,70344,149,43.659852194591984,17.761598337106573,52.78994368303328,31.56808605960705,68379.06139168891,96.61918343867472
7,7.093839001985816,0,79516,1195,52.0840735557775,40.14439662600196,64.49576295803223,32.53170773750324,59901.697777331356,76.29367183049804
5,9.62073224978697,1,70664,864,54.694187751156456,64.4297977613854,80.70549131864196,39.16911331381451,55387.96150586887,78.04626189675231
6,4.611504828644728,1,75556,664,52.88626873478215,83.42564261940208,95.5127782451155,39.79121102620669,58471.29793995935,77.25722526717198
4,7.928410058495996,0,76254,504,50.14072815488913,25.482235993068798,51.62325473928685,34.08258919594431,70011.68331338099,91.44197780236728
7,9.29100171265481,0,68646,1114,48.72563636811066,24.39778715377589,51.09776427600515,30.71030649483745,52841.91096802254,77.87639543034113
2,10.345700862272786,1,68915,338,63.19736824617034,67.18354309122442,82.93681542809996,37.5134673561549,59405.612183872414,85.64886847688636
2,3.295440986818726,1,57568,149,70.10089652671228,64.23448520229883,73.35068789598398,32.8660928128308,51752.336704433685,89.22453164589206
1,3.5342551480249425,0,43712,90,33.966762981889254,28.063401841207494,48.20347214764945,31.562765736959275,41998.06432294045,96.37137486476651
1,4.180935266003925,0,49701,102,40.834494053381945,40.234963294402306,58.54710023745711,30.992063988736625,47734.99612877674,95.98459414757654
1,5.995658694939287,0,43644,153,34.95554876308132,22.651849467722084,59.637680285275685,32.52367629753098,41180.20175777354,92.4214229281651
4,5.725168450759638,1,56743,467,49.137093133698755,57.34236533807511,71.41611762592399,36.031768522658155,47777.145694070634,83.20315752699452
2,6.316335946479728,0,77269,317,5.0,48.32652142664476,47.252784468433646,27.82269121680902,71318.96124025597,93.28515916003475
7,7.105311381720753,0,41296,1225,16.39694908178966,28.975476583100214,44.79948484163581,29.17022143795377,29659.4363623961,72.39625067869693
10,4.223843440377532,0,41002,546,55.175664869305756,45.192811985645186,72.2778823955511,38.09144527799719,33078.86057697497,81.09228369427099
10,7.337596970512211,0,49777,1475,27.079556364853516,31.65741849764936,46.73299118007712,34.665853484597605,32799.49635034054,66.28065466883879
4,3.492539945767684,1,43285,296,43.73662139759418,75.23614415129802,102.78134508651301,35.150843628020255,38388.66589782373,89.04950830544688
9,5.573359128696997,0,50820,901,49.982684497739406,27.909836900024427,50.54013845380502,34.79739623538216,39362.211376008876,77.8154735420049
10,2.6945860969654727,1,72601,261,34.51411097350429,41.271569758376614,62.25599204917218,32.25899108425206,58618.27566910701,80.43451376923285
6,9.821549655583429,0,41139,1358,73.80848016447135,36.547087266799196,77.6121308350535,35.803982758842544,30129.130436913223,73.29688716632324
1,1.0,0,79103,44,68.20796433299415,37.510904716297766,74.15588760401452,36.72923163406273,77177.22717944672,97.67861717386346
1,4.703988905370982,1,74610,107,23.79478205523702,36.77271393642171,43.608008928497505,35.44930553964314,69411.98299295372,93.3284771027382
7,2.5479466776539446,1,76904,576,73.58266988513714,52.462972780839685,83.45836710539811,34.92147892785693,60512.51988446877,78.83882530626728
7,7.285508063730427,1,79603,1129,70.03418506583229,76.58929110832214,92.40332229029326,39.11663415326093,54332.94820327469,68.59747488540852
6,7.530862783066049,1,50567,825,70.78672847168461,79.20013203392988,78.12882646724998,40.74106845321345,39321.5961456069,77.20925344775557
6,5.522486651701208,0,52047,461,21.452378992925848,29.687842767246877,50.44862013769028,25.768421902027146,45701.28355279027,87.7183989470382
7,3.4824338836601787,1,71059,545,51.78334824534966,53.01548662731548,85.15002866862513,34.08803579363857,62596.94368031483,88.30141047178597
4,2.5924215800114565,0,76399,88,49.29901849205873,15.649168163145248,43.062422370508074,27.818101431376267,69323.07013736102,90.84708167503707
9,4.145117994340338,0,63331,349,41.582178891285004,10.609434046418727,54.93799735055988,30.24757353967249,53718.60621189249,84.66644301816255
8,6.081552102473484,1,48993,848,61.91365231465783,45.794762073021424,55.20878339601249,35.05267470800855,37238.839142936704,76.28331886803677
4,8.853653774906633,1,74771,746,57.33240618512754,56.428210838096646,76.37869168593483,39.18991543860179,61349.85062253607,82.36154632037791
8,7.096177596228874,0,61975,714,62.95046611848258,24.97381571083092,55.90536040894138,35.89046967742546,49124.2524869296,79.40163357597733
7,8.61379435363625,1,72424,855,31.537750188714828,51.27668608712749,58.34269523762758,31.229845229874165,57628.582467208,79.38819251728464
3,5.897499539870614,0,68060,372,57.49093937179901,23.90865260053764,61.012932109184035,32.04165452732383,62634.09068799478,91.95882981493011
3,5.748171951170889,1,42745,456,69.88374799928485,48.80405536466161,88.26808967478992,35.9828377215757,37079.017118113465,87.34722385544123
3,6.927942431781939,0,70552,480,67.78378329526335,10.50077309871456,61.51659167700199,32.66356809445384,59376.14542215035,84.98658592870486
8,6.69513624448674,0,54238,1193,14.098706243829085,23.056615888921097,36.61927792248531,27.037541319335322,40365.37090758178,75.63206814404133
2,4.493751719238439,0,53749,200,15.532960761257534,22.73608550236045,30.29988623761927,28.543883550713204,49908.3834888925,90.85897201869572
6,7.612822128975816,0,69347,698,33.22149512279644,7.14292501212298,34.953267892194454,30.754813008181344,60076.77661324027,86.29075004342717
10,6.818145533164233,0,49001,1546,55.19387545080212,16.324277787216314,48.74120636206715,32.5933205848953,32769.592725498216,67.2949728050765
1,4.694238285150296,0,48523,183,34.31304176325715,18.275667215049353,48.10411009874494,31.13934872952987,44913.662150888966,91.4910768969087
6,7.367851791542762,0,77668,660,70.6758954751719,33.4351726604696,69.24441763848644,38.13071546004021,61619.27127440637,79.18627283959378
3,4.859352004042336,0,73405,386,28.16370664440101,8.853282194777911,37.950129902200565,32.317673090135656,66192.82131905107,89.6399208378481
9,5.634548280821352,0,51732,1149,52.80305253673188,35.66692878910301,68.54874486505769,39.18662594986193,35151.53977849061,67.79530094045627
2,5.0312644955861865,0,54189,67,48.61482676536796,22.777541902368338,56.85705127659635,29.123014603472676,51648.06996844178,94.81414094901966
6,6.153273346199583,0,77869,632,60.69900298131279,42.623966040816455,65.10659904182674,34.21751438999597,65601.59916315327,84.6884342411281
8,7.9480840277516105,1,63095,761,61.76827542697131,74.4475705156758,88.26099031716926,40.355094284800266,47659.29872529731,75.0728729438023
2,3.161911311625136,0,46567,190,34.65825692359034,29.65895303351072,45.591425681005994,32.12126135269263,44854.7249119396,96.41370489107835
5,7.016889032602387,0,55945,410,8.69430685134192,27.096721919384954,51.214491614257206,29.677073202097755,48344.50608470776,85.28745251402277
2,5.518876428889605,0,66246,269,43.047439856287674,10.78731611994358,51.39419193318729,26.79836930804653,61850.89894976263,92.84329496816592
6,4.44501678819868,1,41063,530,85.86770821401976,89.15184144549526,97.45600883515105,42.023355370947435,31257.19888235236,75.38518574118183
1,3.3238756898808477,0,79753,80,36.439324552610074,38.92862913933637,43.12156459125927,28.974844699851076,76947.16529716653,96.75395555899878
7,7.5324245112509685,0,46277,1408,43.35713164394501,7.138789571425196,38.13029073661225,28.326629487960496,34557.39538987215,75.61238675199694
3,5.2709871831560555,0,79949,545,58.29472288625663,35.60690855245354,61.8444814308665,34.90090191647703,68617.55550691231,85.53090943142325
4,6.628269783061254,0,67837,378,29.34000478351215,16.873129136257102,47.58909276626314,25.20840676611688,62866.15722584562,91.92580458008814
8,6.784859070379742,1,78217,632,59.485292497564366,84.4894520341901,113.77529818445902,41.09774604392034,54859.64139917631,69.93181047795186
10,9.472082691532973,0,43665,1590,57.28194845505533,2.9430831712403425,43.914625225726176,36.70612824114781,28707.319299741597,66.42124796590012
5,9.376056337940152,0,56863,1100,35.73047461822816,24.730607838605586,45.20390451195659,34.592006256747396,45415.115555673874,80.80238579187017
8,8.12632784143963,0,55842,910,54.31599536645905,14.399269797662292,48.47144807208212,34.1805084149372,44440.717769196424,79.76765852122956
4,8.249397362276717,0,75860,685,47.04845063294997,30.97630138036349,54.32709109953623,31.997683632912988,67495.08853325748,88.64887466768265
7,11.021830441554705,0,66628,1080,43.791838174553845,9.514832245246573,33.15934539117717,27.57926732478972,53289.13115375986,80.63250458008892
4,7.060702620700118,1,66281,310,71.100211332645,79.60341982980314,93.77194173289104,45.951038793391874,53313.35986717297,81.07230574624825
2,7.674429394285175,0,59271,309,7.388534714936156,17.996310960552876,32.43834082809661,22.959672836384527,53349.0592444248,90.20997219897183
9,7.471308027592415,0,59255,664,42.850818927514304,31.380875796019502,58.28501579015856,36.66065648537196,47165.79515913432,79.78178025998525
4,4.75210036230897,1,59310,294,75.1519618697856,83.72644404767202,117.2503360838492,41.525996702383765,49369.94203711175,82.66925806423201
4,6.32460685775658,0,71270,534,60.46156256845214,39.56613703696151,72.94111343520558,31.318623050708727,64706.173570439,90.43875800189267
4,6.504292747937915,0,58097,381,47.49591330085608,39.955714154614526,65.08433846030285,34.66801723466228,46614.5731563927,80.93071293977596
9,6.631151610272238,0,46932,1234,59.930972284894466,25.74192311850797,66.14872583404635,43.79950750229544,32062.676075438438,68.5582440888059
8,6.635921711910955,0,58628,1013,66.21620480566493,21.286294964767134,60.503598156251705,36.42135900935161,46431.20597953031,78.91707517913235
2,6.035459514952578,0,50384,266,32.39108532468063,37.18500451654461,54.667733228734114,31.55801555532117,44842.61210462051,90.61925834058609
1,7.800104719174361,0,40594,145,63.323768067028126,50.61106528962985,65.92565145918257,33.60418099389171,40694.60017263269,100.0
7,3.6494432313316887,0,55926,1034,43.074833518291335,39.609380646756264,66.97353395826921,36.25329400814634,40918.2347741455,72.88761120283382
2,7.195597955910765,0,53511,365,55.92318396519644,20.5508300599781,60.4362962432596,33.450573928140535,50062.33819200624,93.08662359747385
2,4.557689152980178,0,59889,222,34.835877659796495,18.959392927476124,45.30233340943633,34.527011194740936,54781.290908284085,90.68492192699911
8,1.5917793989083764,1,62773,512,64.7490970746331,88.52855411556516,93.6971337769388,41.1808707098038,45741.328119105856,73.43393190373367
8,2.8915965533653196,0,45912,656,17.806426223940626,2.0,18.00137891586708,29.737114516934692,38484.37907743806,83.05639632288764
4,6.029079904069394,0,45252,445,29.071118386792207,6.0943924925929664,46.05515399699641,22.701466800769534,39324.273494068715,87.9276420943084
8,7.6783903823045865,0,44632,1200,48.69225815548683,42.66086879181673,70.21333613710905,28.552417484666634,35657.56279133414,79.02755926758955
3,5.033937741229306,0,49823,364,80.38675252440612,22.840690534540055,73.02947610880602,31.83608461476138,45296.055447605475,89.88368405544675
5,5.903122810876625,0,77846,507,48.61340746261631,22.418444484825315,57.29103905723081,33.82990630758952,67785.83367332486,85.9592426269485
2,7.207088727819403,1,75018,219,76.49944927022662,68.94505761822509,98.06382552520175,45.03566716939901,64246.0629843689,85.77009168059872
9,5.370344858275132,0,47553,1168,52.38708792991817,4.531205055120328,53.080259909996215,20.627946248871154,38925.507453457,81.64621115689776
1,7.453056337958434,0,78030,115,47.066207522446916,46.65163996909567,52.700213639568496,39.17397664194218,73776.96339765636,94.76330937216365
10,9.295822904392153,1,45424,1205,63.706550868554935,49.555209545270785,70.39018995286108,39.59170414432783,31814.535896140063,69.53139694226742
5,8.695582099984211,0,45357,546,31.781647233910103,19.64749325283084,38.88474267279212,28.09221950042222,39905.18183834971,88.64957330620894
3,4.53718127546113,0,67993,333,10.684907246361078,16.743606052500397,38.111643929513896,27.958613663754686,62842.63870901994,91.92759927460487
5,3.8155773809549283,1,47088,404,83.92023275852418,46.63846201216552,77.94103287893658,44.29763891789036,37945.421049222954,80.94030465695974
7,10.417881855446522,1,70886,982,39.88738151874496,86.02735177162123,90.97946334755233,34.13290689695391,53235.68330065754,75.96283406768269
10,8.807497677601154,0,45906,1977,65.8871459438654,45.237718272211666,70.6645190018867,31.91579961563538,28360.7763629201,61.76617665033286
10,9.383798412843118,0,46693,463,39.183830851600774,9.53491068189628,49.94776639086716,30.176568987621057,36287.8942748355,78.5316630303367
7,6.894912070530003,1,72375,443,50.24940598560649,64.56040427007554,81.60745233298401,36.82154171537922,60707.315737739045,84.35783473062477
10,4.930934617595257,1,41854,1213,39.70534245238426,81.94104409564102,77.77345267815743,34.65414333156386,29302.57604155009,69.63292632407637
3,7.790365318577126,0,45768,397,30.462150167051362,18.503005437802624,41.98874357453511,33.19819080533844,41635.13240786417,89.51732493581805
1,3.8742258935071407,1,61104,96,38.61764692839344,36.80601483777649,70.07237283072465,26.563970626931365,61159.54076235769,99.05765977529644
7,5.67385646100015,0,60123,998,55.21316769706583,24.9789002252913,67.17825399385532,32.237422217734945,48511.1670301565,79.83843348220537
10,7.453454520342981,1,41923,979,65.66022632977558,45.80652462565286,80.33199193199192,38.79048785377768,30693.912648448906,72.84040847263394
1,6.726520162153168,1,68429,132,39.2521352392948,42.42157299547995,61.86489875843227,31.778229301250462,63263.75690055449,91.15745500260337
9,4.455145290397711,0,73467,949,65.24905866183929,30.152180043460728,69.56105229794683,37.132615297816194,52710.37673649882,72.08890703720913
8,7.434006306135798,0,46894,773,43.8162213359483,24.788034155890657,52.14682790425163,31.739606017353974,37690.47130704952,80.48317481994422
8,5.670164387844941,1,47395,673,55.10256541909142,38.32077114845154,64.49484572907471,34.73660573713861,37155.84591415198,78.83492151775731
4,7.8017458776114434,1,51509,561,37.68232268281031,53.66038751044226,68.82264277623547,37.02767277049778,43102.064402195705,83.75297763291418
9,5.650809820132209,1,52777,1286,65.08780594452398,44.20341640047261,81.60226311812147,34.198921047238464,35847.99698860725,67.81805030339139
7,6.040806545823564,0,44047,1078,57.52594966769737,22.59587457873563,56.84004308762245,35.73141662463,35979.4092829179,81.55333849232106
9,4.032425445388351,0,58850,914,57.67159127673136,12.55717864850515,57.900127583221526,31.70340017439868,42720.809261793685,73.43930637211245
10,10.322963454358016,0,63191,1797,19.2251360968764,39.71845685515656,47.22194334778106,30.27264332081787,42996.73715427864,68.43250200852509
6,9.681681887828624,1,54386,906,69.8413661791313,68.00788052718323,74.83050436572618,40.95741579685698,39275.43811863025,72.7251733511079
10,4.419874993199705,0,43777,653,70.49335845509746,35.71832229316598,62.05494253905057,37.02238038815721,33660.76018464901,77.18548171560181
4,5.2212919474557555,1,77101,341,55.565807120580594,52.661140967695005,70.45142423742399,33.42474613196389,65899.67936343307,84.90212477078556
6,8.926972296888616,1,68856,520,73.78416104243178,73.10224335528989,99.74420583589246,38.542866831327785,52816.30052286161,76.98861420538266
10,3.739838530373415,1,72808,1178,34.79982954623305,83.69197473311127,86.76533893670107,38.638131364045634,52051.31858303373,70.09443761161646
1,8.479699005458185,1,73765,152,51.54871039227204,77.94747987240093,84.96059548295663,39.04227324793524,68609.6541019536,93.34949104213817
3,8.074517669833,0,65206,271,48.192005936831436,42.78763821874446,65.00547026685892,37.99466598868577,56798.74447733818,87.5491197032911
1,5.295846552646514,0,62900,136,68.47903020213423,19.590680158061716,67.8571534823182,36.27443349410878,59126.98636663468,94.85978119083272
8,8.669173316422972,1,63370,1197,55.532129440653165,62.0166650659543,72.7133991825194,37.9052835101808,43479.575256847245,68.64075426456245
3,7.0632089394500905,0,58021,425,29.7962081058119,45.38372321880568,56.657235674752215,31.414422070054293,52785.8269251179,89.76055653837186
2,6.603725156930628,0,54576,352,22.829093724699156,18.451116055053905,38.97485447595022,23.27932847264402,50639.72313060844,94.25010745673394
1,6.917784111850058,0,59145,172,36.15360332356333,17.608685395046873,32.50675910569471,32.565661456029716,54240.84139381541,92.43353637870179
8,6.783489957375133,1,57700,777,64.49005759447418,45.50246506385366,81.78652957662041,36.38071390345972,45330.39769713383,77.78904248156302
3,3.7794107737004494,0,73211,321,59.938459152109225,42.157047830928825,80.16340142784615,38.96364541799324,62568.27814542951,85.65891527419687
10,6.4138583892495955,0,66808,1654,37.614287780867514,60.34173801350621,74.10765755910367,37.49364562331632,44052.83607493999,66.63836251372949
9,5.821072481011704,1,64828,1533,39.16323532210896,52.0941493880246,73.94283663171773,35.83429933021212,41366.39438829492,63.66529609771995
4,5.685319953229964,1,63827,378,90.37531873661534,67.52040538599836,105.5078899751111,42.16849507352774,52426.658655292296,80.99387061587385
4,7.193929065516009,1,42212,594,69.23572935982261,77.91444819110518,102.31604538094305,41.686230164848894,35602.35968674556,83.01210210782452
9,5.475605931989113,1,51122,596,54.81479140365934,69.92655676783,84.41445476063197,40.096131508796454,38010.23568145125,74.37682531060496
4,6.598199663057838,0,44937,599,43.8639224984789,27.853140372950634,56.05496244800972,24.177769610181137,40931.28540567533,91.77847435770113
6,7.5610079502881,0,52959,649,57.304038092270964,38.61995628053634,51.650335787366714,34.545868886198654,44462.79112701759,84.37696469793264
9,4.6246381700555705,0,55819,653,30.19160901737643,25.929256201154118,54.30611991821529,31.078650633072492,45567.65822237821,81.61116360853346
9,5.992589228473657,0,62695,1281,40.20781838302553,18.05654422466044,44.02292411173955,30.33472437444438,45322.539216499616,72.64165043471364
8,4.1978985477536925,0,40123,503,38.388152938419736,6.0325795021042765,27.415029812575604,32.673144842956596,31444.909212691193,78.22477539699976
7,5.648695624284542,0,67331,1288,23.302113600668754,22.145485504231456,39.06121101328898,27.541142569217925,49307.330978695776,73.46357518300276
4,7.907544884910819,0,68090,648,26.706058771558464,9.706433070205762,40.44543280619653,28.67694251337781,61378.47514873391,88.81769452062477
3,7.190786860989473,1,55216,514,52.51121517105828,64.39847756601344,81.82277922206833,35.892962807532726,46099.621497967826,83.59491142294856
6,2.344265544917294,0,43209,292,51.62232386741158,29.768330303112446,58.19987747564893,34.51432819623849,38148.39265093728,89.17603106344696
10,4.152626766182655,1,43008,940,46.66580661681003,78.54155096667837,84.48453476021822,37.02463846217841,30383.695972532398,71.67656491157055
6,6.96821860900001,1,56765,1521,57.872412877231916,37.15576849168878,48.067757572835845,33.03209977597282,39659.06003020583,69.63397963801299
4,1.0,0,52305,129,52.60059532296486,31.993660273246714,73.04785190805836,34.545388394835406,46495.04218916156,89.80424966990897
8,5.152469612790898,0,50995,1041,59.165197292276204,49.2505419106361,50.90318447130251,29.95547081799526,38043.02937084032,74.40895449122493
2,3.6502289011988416,0,74105,248,52.419459879400584,45.7344596593757,63.091529889664294,33.623089661314886,71488.93711209831,96.48280579276795
2,5.984817389369103,0,45520,328,56.298952282092216,18.30207201142955,66.77610331479246,34.491286521247865,41181.65411225958,90.49362714741444
4,1.261108499678489,0,77166,257,51.302739367235084,20.027044345264898,54.443838917839486,29.35639746640459,72457.6386932198,93.8872648430935
8,5.209176474854382,0,52165,932,45.56742141278943,22.68338219510181,47.36473563173012,33.133349216554045,40324.26741096021,76.82526804726619
9,5.76274739917675,0,68730,983,40.91924642490762,29.84808937341744,56.71323884861407,30.79479399640144,53068.41465865283,76.68316320325145
1,2.071741538271866,0,54715,44,26.085873138936233,22.769319317293252,39.469539683945015,29.35391702104795,52608.89008744587,97.57883808985498
2,7.061217041765452,1,73703,378,67.09244921814471,69.33486048446119,96.35386765448403,39.38685986909558,61047.9429645217,82.63305390190257
6,6.743584775144587,0,79600,1076,36.50992917301112,22.269267013746358,45.141348285746034,28.992542644907314,68424.49041458254,85.56339762826799
8,7.516175794932448,1,40631,947,41.088789617193584,43.07267702066817,64.18990426894753,29.61414223482315,31818.06046118872,78.01339027354038
10,3.6449830511295915,1,67354,697,60.83128947509916,72.02832444654264,88.55452361328594,42.35675362191629,49016.48349275575,72.73922905119296
5,6.6007748630088985,0,72443,636,44.451096890924326,7.134638628067044,32.63883015912023,32.75601437096805,60589.704870416404,84.09901284840706
2,5.743266926995061,0,59018,254,73.96676863871,18.77972143579067,54.68835989614358,36.57312169238927,54252.764510756664,91.15664024608908
3,7.744283174590159,0,42219,371,41.661026259082284,20.14034418032957,49.72985620233621,31.704494795164536,37836.097635820195,89.28299488502863
8,7.368120398539821,1,48771,1401,71.11148521032668,84.83702688595697,87.15987446971428,41.897991269650156,30538.843400583304,62.8688185293343
7,4.768170743832394,0,51531,605,58.137223616377,21.268037797527146,59.32876076286234,32.34151270877901,43699.318145243975,84.7235007083478
4,6.20984789118865,0,70270,546,33.89150744221591,17.73680753623493,31.826818082127765,29.646823899827684,60113.18713901772,86.6857336896692
6,7.340831224616971,0,69084,650,58.415408952950166,36.540950814574856,61.99450008997394,38.46796224883509,59740.12700767245,87.14040907869345
3,5.657990412170959,0,68349,311,30.756778358828406,21.57713256386024,34.91418909181642,32.09589910302839,63052.68689080916,92.9582975157133
6,7.6917118524072166,0,52553,703,38.88541456498068,13.193122166470417,26.543771835244673,27.821491963355456,44622.69501907508,85.309825933165
6,6.802031105603711,0,77055,1050,36.34753996076341,21.703149752591926,57.64737355699086,28.00427862032914,58825.76825064194,76.56010861064182
2,6.450553926637755,0,41398,141,47.128780342455904,41.75471151745128,50.688331535689144,31.940692308767918,40794.17442101996,97.2147710453085
2,4.796027780406964,1,41174,258,32.904100190344714,40.46105631611488,47.82130443836356,35.105454711050506,39800.81793789139,96.26932888186393
9,4.205556895611873,1,67514,1032,84.77018314087644,56.47264425871737,89.84587735300673,44.71925969690698,48577.76163075334,71.69502548145601
5,1.6314461503922653,1,41352,292,64.42181413106972,52.83390051221803,88.02157523761733,34.41949959342105,35321.78904352907,85.61467545391119
2,1.6872660549260585,0,58504,118,12.555842452531174,12.970484978510651,26.00042824883955,28.59090416943404,55127.71652831289,94.23996890034938
6,3.0057827717635006,1,72659,562,66.12426118930176,62.93284566970927,92.94038880957977,35.333435092687516,58501.12954649784,80.15663564035053
5,6.136110129196739,0,42308,840,65.56294255997904,40.588829643873,61.70626117847034,33.827231339939544,35937.33473045198,85.15586018853713
8,4.313336221272941,0,58685,1186,41.9655566980149,36.523136675394284,65.62874318888703,30.358941696798933,43432.291220527106,73.93932064441569
2,5.246249823189804,1,46280,76,56.53617304725234,58.08990468540651,83.32820384313963,42.43275549889448,41033.393627561905,89.1273246734399
9,6.3869329118503915,0,49778,801,44.55847400930655,14.307385891127224,41.9172947874283,35.849379688413734,38023.160358929475,75.98293111500331
10,1.0,0,76827,509,31.796420555848634,41.51893228039224,58.674657802916435,31.62241520454351,61585.05182836868,80.26624581779123
9,5.473495989854142,1,79010,1192,64.9106303004278,69.18039855375757,80.06114734450713,37.53791272420729,52990.4719084742,67.51137534320561
2,10.247915249369372,1,54731,362,39.94352246451628,76.24182176958236,70.90478910370085,34.573415211573376,46391.4145162758,84.14808439047246
5,5.685581757908498,0,77132,617,35.78496523297205,23.44879554967764,43.46492870481388,31.05739983484546,63806.644732899535,82.45040017489787
4,4.116608775863103,0,77399,439,39.33900308230744,33.98662200320638,55.508970844950085,33.05239553740893,69258.03497326089,90.57553342954779
10,4.868503159385001,0,47031,823,73.13208512824313,20.259291834626243,64.52616898392478,37.922506064714995,34019.48019405678,73.2401494387674
9,3.3293807844618484,1,40209,931,58.05398101293258,99.77742854066464,84.75526600215082,41.72759152941488,27185.53229566106,68.77389891038827
9,6.5139871716783455,1,42098,1252,59.996725347528,50.3187985623359,70.15534543152691,35.574218606006745,30091.354366988242,70.75590688574403
9,10.467551786221003,0,40460,1778,26.184476878888454,31.040060279478144,48.61892202702713,32.44211148587059,26890.80281047472,66.25564501262133
5,10.288665104264387,0,70681,665,39.774203933489154,6.3909312970631476,59.75181034458615,29.321353952499624,59353.36526263029,83.09270708692884
1,1.8440684281369597,1,60326,79,47.80780665370107,72.1850408327962,87.76238918831913,35.861751034896265,54415.205982366424,90.34500272394205
2,4.856033961396089,0,70502,295,26.813291373690895,33.39512908326094,51.364606411941395,29.664454163225827,65216.86945123937,91.899341834165
3,7.598956947955786,1,54379,341,69.8872237701332,45.62630218156474,74.85291368672657,42.266773666498985,45274.755152037775,83.44290047355672
4,4.7939749833695995,0,75380,584,33.59231541123545,30.304210044827336,42.29329286393417,31.703448392679274,64521.79440320023,85.0490328025549
6,10.412002204638114,0,40870,1039,60.32429616584765,17.600879086925264,46.70173221060692,33.585797681100715,30880.849374011315,77.26835840156167
8,3.735520721022783,1,75739,869,62.594178707164396,51.15500033491968,83.42214441160883,32.96443617070292,56780.406675916805,74.97278217404866
3,7.623242737546436,0,44990,441,21.214798651326028,38.95994025848686,57.78010296794092,32.184832804199665,40771.313823386234,89.77742707507836
6,5.270021474607338,1,50072,751,38.88689221584054,55.50188127333323,83.43057425694639,35.89825458327259,40739.372593235064,81.62657075061522
5,4.239623128827338,0,65113,420,40.57954378972725,42.76567163240229,58.69098984993965,31.72596709766597,59207.82154282606,90.05702074820076
2,1.445984573992531,1,69566,99,52.83297250641521,63.62768175218515,89.06226188858072,42.24233545580589,63153.825252205446,91.8366627963723
3,6.265511660064638,0,52932,340,44.87814450403713,34.45381165304509,59.041156152614285,35.711233655006495,47245.03148581257,90.21232784587481
9,7.844350739459457,0,66886,1569,39.31914913514351,14.420045623201677,42.08795443028772,25.311474689839066,45627.53068952009,68.60414311657138
5,7.41004527811099,0,66702,622,64.03762049377562,30.515533639211583,73.29637144323391,31.041791838423173,56365.39355244847,85.07392540877231
7,7.6722153164216165,0,75699,642,40.193673992154146,45.24676324173615,62.48035682243866,31.268677988331806,61280.008790718624,80.60330050822193
4,6.353974753386107,0,40516,380,39.07274997147433,27.37655562720813,49.00256508595534,31.378208758526444,36181.278213314356,88.96209354130151
2,6.523668681184089,1,77220,295,80.05695689771932,42.689247063675225,92.25314437413178,39.15174015618799,67332.82446988036,86.22961551612168
3,8.751288524062138,0,72370,512,75.10490643089646,30.254584600573892,66.51763078803367,38.63098696086061,64119.2443890214,88.23229023377868
9,1.6793812215862873,0,78694,313,58.46588751217426,17.37672667442707,64.90637481310716,33.473040371509825,62433.366569788006,79.78097361475837
9,8.33820910114462,0,40858,1296,51.9577495100678,22.991213482160912,67.03094710157878,33.469620847291,29742.617025949832,72.87275495572297
6,6.043429408394762,0,49035,240,63.869176342604916,20.57591038381351,62.967777470313436,36.01719882791176,41384.01912273493,84.45521715373258
7,3.046787385751137,1,76509,674,62.81600137978939,52.66114917469285,71.53403567736764,39.325493357153434,61243.17509309166,80.48018219596304
4,6.587787611826523,1,49034,803,41.17791840540727,59.655063793510095,63.95273848396713,35.48834662526153,38422.422618658864,79.35613988579206
9,1.8571063615771104,0,40556,715,57.420843330569724,19.62647431655095,44.1570143424366,36.14704659575579,31936.96606361088,78.61363737406347
6,7.507150817672047,0,47794,1035,53.877377002210324,34.38140148941478,72.26370138977764,35.85139749292614,38390.472178363874,80.00804827938305
7,5.494569949098692,1,79341,798,53.62713734125637,49.494580929253395,66.96468894549122,35.149840016546804,62015.9597724054,77.99725879756514
6,3.9888712520170917,0,40250,302,39.91905644313874,30.101014440978588,49.14597584927536,30.91301037030101,37446.73540192877,92.70204723524941
6,9.633538155506166,0,43122,1276,24.67421205945462,20.653564874142283,44.29293968018525,31.170012208559946,33514.68330437639,76.70383446984523
10,1.6010616299139455,0,72809,630,60.18671035746136,32.13729041422273,66.04986585411632,32.45161199582426,57069.9963814754,78.54660286987453
6,9.334995602973216,0,45243,834,15.122169637418473,32.87917731139466,39.26043348300396,29.95514594032865,36563.30440188569,80.01880687975358
7,7.9806666587481025,0,64447,153,29.673630475194336,38.50376046159249,53.83241221315347,31.143169642286896,56963.16628569874,87.4446783307817
5,3.2323543029759962,0,58702,261,12.623024748414707,47.23677281843443,56.1810867210298,33.43779162709751,52635.487822622745,89.64743990207769
3,5.326508329411704,1,69850,290,65.21617232045931,52.25563036310115,97.35407188599365,37.98922621389066,60684.38222766026,85.75987465380355
2,3.2239096147927664,0,46775,169,70.13903227221371,2.168378016685363,48.965826848278994,32.508291500892184,44148.664245527485,94.72672032378135
5,3.413912833858226,0,40518,361,48.197917539696135,49.312841950306435,70.80201431343752,32.545539181847836,36765.860895038204,90.29309530296526
6,11.293921825598645,1,68124,882,67.1809590239918,69.46119688303551,89.49091334654555,38.13883117188313,52482.21781018125,77.37304862631579
2,3.9599973351878464,1,46013,172,38.72567329758395,42.706028931837075,68.74537140238388,37.12346444712713,43517.67959633886,93.69095311062736
10,6.202171810477362,1,74768,1496,86.93797313943573,59.293877528280426,104.2016810418638,38.927062341863866,45207.25268382571,60.86254172834941
4,7.993607129371888,0,77554,623,44.99904089977331,14.220796655981568,43.40064787287273,31.127239420986964,65752.8058751039,84.36809489361792
10,5.213972862425783,0,68584,872,60.720907819470945,43.228182779056326,59.52095713860314,34.352916590628276,51410.57763546536,75.01317091175854
9,4.401367219321285,0,45452,787,79.50608488898823,22.701506007842337,77.31462581116806,35.68555138206712,33047.277969032126,72.49976106466677
2,6.2709316752130615,1,59842,239,37.878611145902816,75.07915872538317,90.87325117691576,40.6956050889794,54740.94824991021,91.34950712149741
5,5.892662381273328,1,67740,714,37.57046966378354,67.52629099096515,75.60270817544762,32.02295272180983,57825.96823836992,85.49720264388839
2,3.7415591830246684,1,49411,153,90.26125656774087,50.17523516347161,84.1304677140674,38.14588492584148,44835.1161638517,90.82714815605247
9,6.141185577812709,0,51892,2026,42.436431367889575,26.22098301072674,43.487822485260665,29.048784783178565,34426.20337296238,66.80102365369771
4,3.608789779912821,0,73332,294,47.7312893090309,46.5065131675599,63.394840904639196,34.73001277183147,62536.25289765233,85.69069341003885
4,5.091808049689565,1,52183,286,45.61228824986379,69.40061361326497,75.82361847009501,37.587645369132,45366.54602205067,86.38750515395088
8,6.371006124122827,0,70183,910,54.248291865760244,10.427885724215978,40.71636768856431,28.76674966859121,56168.41572199247,80.84354965212472
7,8.303546810628287,1,68443,1021,39.84200089252976,88.14132272351284,80.31895108510328,35.22576177162183,48634.96382403534,70.55682625618552
1,4.684685159831609,0,74149,132,62.86809180711813,29.436590175319346,52.51511372530272,34.31692303053693,70248.10867143577,93.68883181229172
1,3.0690675089140473,0,64533,90,48.70086467244179,4.745662423692906,33.07285343423568,31.58646563475746,61758.07252944752,95.4141020759757
1,5.71035127979574,0,47279,122,36.915847382572295,41.50905834371852,55.792107365198426,30.097434860068006,45534.9593041153,97.3168660463229
2,6.853631251106093,1,47357,184,58.366475140698306,48.80081090947871,71.30759303260106,34.49062884114406,44092.82632000614,92.9705356673242
5,8.016077354497838,0,54439,557,44.98503789585704,2.666690659978812,50.05395963923864,27.215253734289075,46224.20821597321,84.3577808691469
5,5.857221183545059,0,58689,685,60.3890542739035,19.9084377232249,61.48529396932084,29.09823926791198,50913.85125831523,86.8253097070741
4,3.621174604371883,0,53104,488,41.062018834153875,12.040763343378986,53.61474050973223,29.106088896529073,46844.074483910226,88.37819609390799
10,3.5455924387245337,0,63305,428,52.526653428792955,51.07175118954005,73.2970692028241,30.38876758144019,53600.49948210491,83.67653695362735
6,2.8873339489460497,1,55477,395,67.28765229089872,64.02639101618671,90.79453119859261,38.11032170067109,46146.47435579767,82.97947355292366
8,5.900876031392757,1,68991,1032,67.14089678328625,59.22714778021479,88.47048338342489,37.34120407234598,49587.54260436545,72.13929009652557
2,3.521097827184763,1,79653,178,54.238958147716474,51.833556391629244,77.13838264384033,36.90345450836263,70055.66719796356,88.88844023906012
3,4.83167393163596,0,69790,255,43.0754307174411,17.539038670552728,38.714039362386735,31.114467099600876,67823.59442031271,97.81113276352943
3,7.734232779495411,0,59238,432,24.234245155122647,51.858218081969426,68.2470648611819,29.744555454366953,55642.3549649499,94.27082742353595
3,4.852002802628194,1,76826,168,55.23218699760977,58.425335665878045,79.67335430617754,35.80024429277806,70731.81970305082,93.13966444812702
8,5.996841628168183,0,71760,789,37.14249583098329,41.456247373412324,51.11449188468517,30.7921103529242,58221.181747372284,80.74538540743002
1,6.186613366017103,0,72565,209,52.64974200567465,5.257020998680794,38.62256218341384,29.853255300655785,71990.70001920637,98.91796182834294
1,3.6886340976426246,1,61025,36,52.915663706546844,55.204506297676595,80.03305046176824,33.710234584151806,54768.532518320375,90.54684721114705
7,4.615238819555377,0,46258,572,21.03711029691797,6.180381667720145,37.66621607779052,26.85206847004671,37791.5610550845,82.21401779888855
2,7.173817213690719,0,41968,310,30.111424859200522,9.15381437969862,41.06979717797902,29.70458691770725,39232.54305280189,93.99686204856405
10,3.255283097492256,0,71892,1107,19.181466696028885,24.7277788437077,31.74901360758352,28.799904793822478,52968.14174439893,74.24231853774921
1,8.669077954583495,0,44350,245,42.96746333849929,63.60118692357635,76.96317218461276,33.87156002399595,40930.81452979613,93.00328913534318
7,7.124679600133984,0,77101,1350,46.57845472430075,39.43103804721888,80.68635973874487,34.273708453188725,59495.63595294906,77.46331233943793
4,7.484151139883947,0,43776,741,46.681024502937184,23.195200527555627,58.96393981887515,29.133436820637073,38994.579077984214,88.14696372278237
8,4.931075801651606,0,59291,593,24.908796679233845,49.21386422424773,72.4419549919447,34.243527265871236,45961.69629409668,77.5153919572316
10,4.089475677186517,0,76092,1515,39.7450660005926,35.73695629424817,48.48241601895134,34.03768344453119,52259.1750345408,69.09291831110886
4,7.092606746077577,0,59856,656,57.6123316748497,37.037619117185,46.17039899971583,37.27045813657626,50828.607243021586,84.93353277932691
7,10.554300014440201,0,56751,863,22.223247943577142,30.92231356996169,35.02289277100637,28.04297499454216,44208.43632839079,78.36697437329387
8,7.737238249825815,0,40856,906,49.15511473843668,55.94380956188846,82.5994644493494,34.405533508140365,32309.646101420327,79.97070276016134
5,4.437520764667277,0,74040,718,48.58465506913336,2.0,57.41310434978902,27.53934382742251,62319.46539508806,84.79138510627376
5,1.8047096064785748,1,43658,281,45.3386333511895,52.660327717949805,62.80790040688813,35.78586673909848,39193.48440238233,88.41434619290149
4,5.1653341367865435,0,77664,485,50.96278270655098,23.121734467076912,55.10149158218237,32.651323294607586,66646.91480666713,85.696853678961
8,4.777939819956496,0,43452,473,60.42331582363637,27.088776443902702,64.53621991049411,33.857746090295265,34711.65785743559,79.62184253219552
10,3.3671336053228664,1,47457,685,23.44280102501036,43.6995012517114,53.052523108399974,31.27554408903764,38281.424978260264,80.30117349453084
3,4.3974044637231335,1,52911,372,44.257891201290576,30.820185241961315,58.88793678512101,31.495993486462392,45800.82668975743,85.97652442540374
3,8.80056341144058,0,55298,432,55.91605535224532,37.96351845649582,68.16059738518089,33.03850150709846,49533.95170736766,89.43583394181816
8,4.274757914051092,0,77350,364,62.99675109248588,38.47060276935578,70.47964508512281,29.946350831261746,67140.14187245053,86.7897089890813
4,6.381238797873853,0,71236,324,20.360011288028055,11.86690214061496,32.21886525257338,27.921710805382997,66318.99029568712,92.68445282033159
3,8.307197324825795,0,53677,400,50.9579725973656,20.120213070092,62.717418406155424,33.4560682111396,47864.33998710939,89.06751417994093
1,7.98335109469005,1,73192,106,53.534751124420616,31.735445039134255,70.29915077585824,30.601924958471166,70336.41551963211,94.63856284314792
4,7.627272396758239,0,50621,453,52.819456196389,11.58943784284384,45.765909787104036,33.879445777368325,43149.062192852005,85.6510068795456
6,3.614773029411436,0,59380,536,47.56641898676935,17.480504948009603,55.21628312063756,28.827659970768465,49832.78479337039,84.13599987343913
3,7.05887482793884,0,58655,403,49.13329686096123,24.33387141510099,62.4301846940892,30.738129091810894,51788.87048897893,88.31276204507692
8,1.0980694659803492,0,63943,491,52.436909466788705,16.281915234237463,54.839838093759944,27.381295564650742,53236.83686081991,83.34152612789933
5,3.073180689227119,0,61919,549,50.61759009021314,29.612896529372218,59.11757422312262,32.24492260769639,53806.420568770154,86.12601814359145
4,7.277962233071605,0,65957,709,66.21375084138542,35.299592536933275,77.3193272237365,33.22328636953782,58004.576593210004,86.18922954489142
3,7.757399530883962,0,65326,322,44.718802998288965,20.614577987251128,50.740022994937476,32.905723688353,58370.91212221348,89.41749586393317
5,7.894568575105154,0,43919,793,40.47815355047868,26.331204439546706,50.68669851893681,32.742040835726115,38702.27657084672,87.55620726878807
7,6.3204814029702305,1,61256,731,63.91007993130037,36.24912808614726,80.25305912669202,35.86477027659668,47779.55074142699,78.37485995268173
6,7.416321037645253,1,66980,1249,86.9379311492598,47.98110344342438,88.1099077443479,38.738069972441764,48225.98572870655,72.49814942127368
7,5.077892998718165,0,43414,583,40.17534798466441,37.45408397484096,61.27095996607615,32.66631278417871,38562.23828923703,89.11022737961554
4,3.281925057660694,0,43046,319,58.422554784336,10.963026502616339,43.420582646619074,33.79449808839597,38127.39030623041,87.29443583674492
3,6.425624406090511,1,40119,453,63.74302731567499,53.29510581988562,78.96087558371723,34.777562733471484,33936.91748069361,83.90900592234087
10,8.844411530948433,1,69242,1451,65.98483795619143,52.8575834215778,89.26780690951496,38.30752370929805,45005.54855070938,64.34642303799922
8,9.686165705421162,0,53016,815,25.45974444161821,20.960890089104296,52.983999327213,28.464602749514444,44486.72984934823,83.26023954338035
9,7.176678208357849,0,61624,982,40.48672521625849,23.405479629860103,55.57748403037793,28.29079503931228,44127.54858828754,71.66654987900932
7,2.824124982514478,0,44217,838,57.129904513521886,6.75282979427525,41.257454424633266,30.923342866945973,34988.60495694547,79.4990058826307
9,6.268112360534493,0,74194,1266,48.07808636995475,36.59435430525908,81.55861905591505,33.04553399011478,51073.08465357398,69.30311953533709
10,5.628319145048056,0,75250,1309,76.37354004589181,40.155297879415436,79.85337660577844,41.23924676577079,49298.27991239517,65.03626576785244
4,4.45929584930211,1,60452,520,53.53126242715203,56.09255071340941,80.31865359625151,35.52680622641925,52783.20927836298,87.80347527228453
9,6.3183847563857745,0,78956,1340,26.663044942307945,27.772713669830466,38.58042446779058,32.50682486272153,58212.590509861715,73.4150035694012
6,4.150571141768358,0,69425,262,54.38262643987915,24.78392870577992,57.063424758186564,37.17313575340104,59860.00028996381,85.8929908858961
10,5.298919826814884,0,72368,1234,27.833149519565787,32.31420755293109,53.826650589272454,31.555663161485445,50768.19975380113,69.14865997193964
10,7.887212998311361,0,66761,784,54.735641475183314,21.11454497280159,48.119334493010356,33.89729952613818,52872.31338998653,78.70690944356566
10,3.2778122929293563,0,79948,1185,48.263529217286184,54.15005123542421,73.66591090487023,35.41975753808238,54419.51471776937,68.4256506694236
10,7.767371665307438,0,40291,1708,32.94222494514326,39.42215663972348,50.6669192947176,29.809253471025905,25774.95528853585,63.97584628194987
10,4.808367391699752,0,53514,908,47.13114970235065,16.55144110602806,66.7710256410102,33.247167470132226,40893.28006807167,76.31632246136145
7,6.4805584738320805,1,75729,844,42.054733357407414,41.56970051190056,55.07705232282654,36.426898011420285,59896.29098416818,79.71336039100228
10,9.879503604173395,1,50734,899,80.83876601399396,78.53668443115595,103.97174147688743,38.019249924326736,35582.97995979146,71.14615924669093
10,4.51686030253304,0,60868,544,27.329317964318168,18.54562775961751,53.963675018785274,24.74153294204032,47672.42001856402,78.20831098485274
10,5.496456716035654,0,43367,1119,50.0006128840724,3.6116873704968953,39.682303391902806,32.78451466943786,31054.216635746507,72.0910019964775
6,7.872278045991042,1,45546,1175,52.2007916991225,76.237813865179,79.39051117700616,36.003801068698564,34363.03542614506,75.79319150600034
4,7.193877805338043,0,58543,294,41.773043301350334,5.730140713606687,38.180285082637866,30.08228268442621,53605.26824151318,92.10738034000191
2,11.292155832925335,0,52759,380,24.291456649367273,18.390718171101597,51.75119484170021,29.69781166359522,47397.76445524377,90.27470190568604
2,7.79602037156834,0,58124,284,41.600691384808265,9.099498135119443,42.75038247489834,26.124063492559042,53573.43484241604,91.98225433372127
7,6.072969347529356,1,60730,908,50.72979097112264,59.166455076613346,79.40098635848594,33.24478314094508,46165.06510927742,75.92152635703755
10,3.9602022881420513,1,71212,1160,66.67060118074878,64.6637442981742,97.44512624317406,38.69036570811723,46187.350328429384,65.35687844080617
7,6.592716606921466,0,61348,1124,60.252593656838975,21.848425835791787,62.16959036233999,34.027941031359255,44713.15165630763,72.29169383728598
4,10.788906564666977,1,63191,760,57.40143694849424,48.2265031795919,66.4407087171603,37.01942051483772,52695.03889233944,83.38290568278711
2,6.835234006807815,0,68056,261,21.914971874045474,27.644403142641146,31.79531077780271,25.392356298848483,65069.30089814428,96.0283069749043
9,3.3005382514748853,1,71027,905,38.127567254429664,70.38909879116176,74.33425684339764,35.90424864451057,53118.892113577815,74.86337181664163
1,5.359185631042315,1,75796,109,38.00745880253521,76.68089508982861,82.50211719300736,36.14242802982395,67620.91483290693,88.62083687480578
10,4.587694558242771,0,45917,1303,50.67654277171094,27.260440963416205,63.60167262247785,33.68188709458552,32717.748444476638,71.87757590199374
2,6.586794277009083,1,57233,285,63.078521023341544,33.83638044505679,53.366144289557475,35.799514507211704,49490.479450009,87.2934595348122
7,5.436343746489279,0,53593,466,33.91692270469604,34.210268648076436,44.59670380217409,31.634927911311433,44383.39928415934,83.95023623562935
9,4.584518755379608,0,45982,830,47.1509277518363,31.107318593899635,57.480552379977745,35.62262186744573,35890.61010222422,77.38963898021264
3,3.6495284413255358,1,79901,382,49.936298490371314,60.20059009632503,90.58174341215971,37.465787571740776,68665.53355458469,85.6414819311996
1,5.3813826939460006,1,51928,115,58.20085286180744,48.58216333547185,69.23106195105517,41.4162540869851,45444.073938042144,88.10815252886091
7,6.958429110394788,0,53883,969,43.39894848954093,18.608492667785022,59.11614676900564,30.95445505393891,43242.699186166916,80.50191383640521
9,8.202733102378394,0,53529,1004,55.7523621900114,39.433082515893574,79.3541740966999,32.28037196327019,41887.615546029665,77.769138450392
9,4.868698675885456,1,62710,966,58.316600623709796,65.88645513425392,87.01818536894226,39.43002426600938,44301.961625947726,71.03962121112083
5,8.486625116650607,0,50370,840,47.67275353639209,19.421502201895876,63.10741218702489,31.811436301506905,40607.023703542116,80.85352598515665
2,1.4285119540200029,0,61297,98,23.178661931297547,8.0422995506264,22.39604939127137,27.503097696512594,55698.33949579898,90.74180506240958
2,9.569060339996243,1,57006,411,44.077812137359416,73.91399158419921,97.69559449693591,41.569298598824886,47743.3138031892,84.3563808201458
9,2.2799945270165862,1,70499,482,53.11138057872722,45.586418011765005,64.04703671620295,35.9350538961451,53145.2812381429,74.72742392523773
6,4.429044401690235,0,69753,713,21.448141020157887,39.84778896759283,52.32701118782513,29.583182554863555,56046.00838213588,80.61093707640293
8,5.585368847194327,0,71727,1051,48.64319308273522,18.68561627307908,55.91590079402441,31.125135910496812,56429.47832763317,78.42804915956856
9,4.620149604603496,0,68960,884,84.8061010071911,18.167820835426554,87.0567384814585,36.26118052292981,51729.09142819382,75.34622440005515
10,10.378375429574938,0,42123,1422,45.805264994219606,35.673909508315646,79.28328825623595,33.517289446866265,29646.456110159004,70.71980033603451
3,4.564895061658403,0,52928,289,49.896079799230755,22.867457727997543,58.31955397832846,29.886818822249424,48200.64904232116,90.1397958149778
4,10.23234498162796,1,76265,744,71.60733397834562,53.780660848124946,86.96623153331916,35.296960965046466,59571.70691529393,77.74206634208112
7,1.0,0,40577,334,58.06421156003216,36.741321342815304,70.75775905390078,34.10845485172994,34454.42599945043,84.529924850309
10,1.1513147797063397,0,49349,767,65.60061279595767,19.47870846455146,68.42867584441093,33.91282850869614,36678.482077479406,74.08069146988248
9,6.13271465276319,1,40720,1109,65.6250782756909,29.808646874594515,66.81138222229036,34.83229786585144,29634.973030331705,73.27606118499921
2,3.285825619473464,0,50544,225,44.14782011862142,35.456857214225714,56.55386331515196,31.41945803043081,46538.88107551405,91.75634981864296
9,2.4034369100063584,0,43403,640,46.517905294573005,27.507801378539476,50.658418806521155,28.741464561612922,35639.28553236708,82.11115696314108
8,4.999294754010209,1,47358,1313,54.69463298220234,45.924083130998,69.00881312008744,35.50539475830754,32545.53285479378,68.76517609150967
9,4.646112746620872,0,41226,1070,38.814115748094984,9.285146283765954,34.76317887078928,31.423681551441707,31832.601316617838,77.27367044033997
10,4.307998339708417,0,41634,879,73.97695355651905,6.0628975010292905,43.77661208662488,34.32132215148981,30752.533695480943,73.83812189538445
1,4.503057478655491,0,50847,114,51.011773372820876,23.153480865895137,50.164566927666,32.23565075344832,47263.10983973141,93.59752685697211
6,5.878397879642144,0,72976,1061,51.228100096057396,29.23062618225761,65.20464826039341,33.223971228242824,57017.05607830166,77.85182992872204
1,7.09831947737764,1,44934,121,51.32712790834111,80.47218826715407,94.61355007659022,39.25531907855286,37736.545413324195,84.18543502139059
2,7.655828774150975,0,74865,292,65.51955509302917,38.81433465658356,80.26473492332042,32.72693186865837,68126.30057984599,91.29576184423738
4,5.885201473016443,0,44323,698,52.128944048054024,58.98685126488721,69.16034365498267,35.92244299572335,36985.22762809842,83.14171702437517
10,2.7638389923415305,1,49542,759,37.12464966142712,48.764244525658356,69.5997843885583,39.455952234950935,35301.750439969204,71.18835178273325
7,3.8490344736013125,0,61664,404,69.07216648598168,33.25082409499457,73.17993027887306,31.422440995884937,52312.5885173317,84.91252321375497
6,4.563219571847407,0,43601,498,28.664372697170663,40.2322576076254,40.73181235963483,34.374767349252636,37752.05560800451,86.05234686602032
1,7.405810876103506,0,70201,120,18.927809397892883,14.68305168261206,47.55847917315759,27.073897695040262,69335.24400360232,98.70766422521939
3,3.393887724532879,0,63072,243,44.88048991356479,25.863270965511152,55.97699099200975,35.20570811507645,57079.97260331269,90.57387350732976
1,7.983515251488912,0,78806,174,43.95831656048178,31.598825637857217,71.22069088926322,34.5699040759095,75412.18194518471,95.64530156113418
10,2.7699804498140472,0,70530,661,48.38516889189369,27.6604982966344,54.20503396913877,35.929448821929654,55465.10730053673,78.54393103057926
5,6.05092601750556,0,68845,607,40.85907199244479,2.0,40.0943474391838,27.754319841557493,58861.89577662384,85.02355277159762
9,5.069579581993238,0,79607,690,51.4730353962601,27.437466852693312,63.289999749203,29.579179783268316,67306.6107194324,83.49606808716187
1,7.342382248169011,0,78359,128,54.67491799666547,2.0,42.111855792638,28.568593879127214,75645.70112913194,95.84314383013249
10,8.132218780202557,0,41907,1778,70.23293186471494,17.503450404478624,50.86619919997249,34.20252674630565,27218.332787154173,64.44244671377437
6,5.515556360343132,0,72985,1064,74.90751005715371,29.982742536922544,70.16083565643038,34.94580147137881,56746.53853475591,78.05570893008627
7,4.7075654721021545,0,60374,269,19.68234629488471,16.745056137312734,37.924113826264126,30.16067400239169,51635.38423413208,86.97733778662447
8,7.728354124009137,0,63003,696,27.519130201557928,40.95119927868143,70.83458090699946,32.78903698137093,51353.85400099701,81.64149941675954
3,4.409111671950417,0,72830,358,70.3596029795209,20.820945623696538,71.60721455823243,32.5365384738155,65536.22488544835,89.91268862334002
5,6.52956689634131,0,66603,543,36.045987911788664,39.62646859259978,56.179113027559524,31.365509999788905,56355.4698563609,84.31280682320393
6,6.26856201741666,0,62485,440,67.52104431486431,24.226578251301977,51.38798929677692,29.467063844428434,55240.5538965336,88.29006351149746
8,4.892501024896068,0,64968,662,47.2590222624557,27.019365786107688,53.67368150439708,32.89899994473167,50341.040587983145,77.82171921273846
6,4.323102001260978,0,49897,768,44.34383648612411,17.918552472646013,44.51528764383818,31.56919814022339,41474.112956871024,82.03715620429004
6,7.68545327171494,1,61154,950,53.94441956908136,82.0736232004063,78.20524906764531,39.1610190753515,43203.146094185424,70.9614203192942
6,6.673069624537856,1,64977,802,61.503288174062845,65.04800730245566,85.1776013827458,34.26273638382382,50036.449721809506,77.84768280387225
4,3.5742415867125623,1,44663,386,61.811757036310055,88.02628909797338,87.99124704650241,37.23746746107921,38400.898609287506,86.67565239694086
1,3.0985554049138333,1,48816,130,48.15402196361022,79.96114111017907,77.5124658164614,41.124747190585985,43607.92128401954,88.93089206152679
9,8.275141219240803,0,47826,1367,55.65414624294928,34.02198448595206,62.373640852915564,33.81072057897515,34494.981954598356,71.280761967172
3,10.265801994422866,1,40171,507,42.16995243945472,80.92239672725073,70.7414109187097,38.1253158068084,33605.20151804527,84.21296692953807
4,5.697352767767976,1,49643,496,40.69373044406076,42.62172565924175,66.81734493713819,36.843291695777026,42733.81952613921,85.27411113277387
3,5.572982729618138,0,54624,490,40.0865566615639,19.753795836425653,56.31184114273978,31.906978704631623,47980.229281767344,88.021203220711
7,7.770579063011092,1,66540,819,62.65862429112673,45.66123202627874,72.7367873339349,34.27225254663019,49282.51365520327,73.68797291334724
1,4.626870894000326,0,63007,132,76.69815639484176,28.603957315390293,80.48397001984816,34.58549219354338,59024.18409698586,93.04647442083078
5,3.1129263139800813,0,70579,502,66.81136191587576,24.7069630955408,66.20004160959729,31.8813974483723,62184.64979534333,87.05029066352742
4,7.513770506552679,1,65376,537,52.15155630340815,42.898450127194195,63.91508751488474,34.31471660823857,55213.039630413645,84.61897499850022
7,5.51833105483159,1,75778,915,51.43917845140261,67.29961320462412,76.6292747473864,37.54209580393744,55292.00177391972,73.30118030051572
5,8.814607008271292,0,78489,636,39.920451058486165,30.474411214546173,73.19054286336657,39.39608942958057,67334.7124506035,86.6272145954856
3,6.416931773746003,1,74566,491,41.01954921017077,71.66102620720346,69.39470028996256,34.87736657208931,62595.233161860444,84.98009118172074
7,7.666702048269002,0,43831,976,25.16865226907781,10.677468864932601,22.476951997429133,26.54747734915519,37116.92217422618,83.77943113084756
8,4.542279126675285,0,67534,670,44.134504374828815,14.84626241442671,42.74032861570323,27.309184222189877,54913.30322644566,81.2851505467506
6,7.178095167984132,1,47050,1093,67.29119680360462,60.85459506946861,89.8916253395519,37.340132626371506,33597.95416887088,71.94961508171424
8,5.084369786029466,0,56694,911,65.71300810630476,41.321004215244535,68.56636960985124,33.98731810464297,43267.74949559807,77.22495831969475
5,8.044915517340055,0,74720,667,31.66859743226619,46.268790965606954,58.447054661815976,33.65304076213698,61447.7571868395,83.41975374138937
6,9.188974105451237,0,56403,664,30.451694631972437,43.53546055602372,48.1726354589928,33.03999349655061,42586.87000291383,75.74522217840979
2,5.688563068113804,0,46641,215,30.000326766890563,28.466980000469203,41.337126495633036,27.651051304307604,44102.04033254759,94.32578097179724
6,5.478610850087386,1,70033,838,63.20331191098812,69.38321362589389,86.6920635304738,36.25340437116582,53109.276223880595,76.50830724014182
3,2.03890726973944,0,53676,169,56.282942014627544,55.0241807325089,56.04438205923596,36.121951379268744,48747.20640252258,90.66808863009541
9,10.01995073492279,0,59334,1174,19.150510780099115,35.019613183974144,30.38616704315144,32.373590148144864,44445.8141966128,75.47581235566352
4,10.456073516719956,1,49354,776,74.91090503372203,48.06146533752239,84.643438417726,32.3925097369751,39478.19044226584,81.06568893425572
2,8.779449630463366,0,78268,290,52.589666797632546,31.763133320649317,65.98759953696907,35.21312887576809,74476.50333810927,95.29244440176268
2,3.2692447300756653,0,78846,279,38.55059777157615,38.81126522844959,59.604189543860244,29.094829310967356,72424.92926975338,91.26856422256549
1,5.836928886615584,1,42251,68,73.9049007952394,46.90726598568318,97.35710857381277,36.21274364416723,36713.480306615784,87.76118145412232
3,4.0949321648288715,0,69626,328,46.83452942852914,43.68287351376128,65.94633502561246,29.686233631187065,62940.97823712964,90.32183442569007
3,6.349731020240027,0,57715,556,72.42863024386061,32.11838493117881,74.35646263943578,38.541845729990804,46811.744446887475,81.9138654516393
5,5.183682187782969,0,50489,515,56.51815051005451,10.253720533464051,58.488813753633984,35.15768160211981,42901.74538864892,85.7711794909318
1,5.421607126756165,0,66163,66,41.92695096661912,21.250164521249292,37.200766919536534,30.740308156491835,64777.978891671286,98.08651384438843
3,1.2498055518464817,0,50770,131,54.54432296744699,15.619336569221293,51.11894954737948,36.80548618206826,48858.887685638525,96.55510874926071
9,5.87466760537851,0,67512,750,54.12006651065488,33.620109560911516,60.97187802459442,34.57718390380783,54842.60041313587,82.38460994512354
3,7.974543991548484,0,40183,359,42.31340263799124,63.87822320648093,76.49484055784606,36.04698564175661,36559.14410539904,90.63430869495679
10,5.028157119757221,0,59782,1174,29.017707568325328,23.15364429930808,34.13998631655392,27.85538627666152,42206.280043279214,70.43149160701543
8,3.6792393188055086,1,78680,541,58.9778385333062,76.13564218643633,90.066888940294,37.33581422841037,59631.60923007036,76.30073051917319
1,3.919531596612706,0,50600,132,51.16412830093383,2.0,42.51997744573685,28.77248088141346,47067.00695153228,93.23432722976418
4,4.564229141341041,0,62010,540,31.44376164901157,14.55632895048881,48.52818182876617,29.38008459373717,53950.64461514717,85.73199123530634
1,4.760456464174212,0,42331,135,65.17424214092571,30.515426988445697,68.83125957419144,37.354633442985424,40476.038191601,95.60943094957632
4,4.7159977288530905,1,53236,373,35.63034107568558,68.87055396624362,76.11855175810089,35.329609872799004,43810.40382221021,83.13473894962199
5,10.715697645106033,1,64533,681,53.61111838632269,62.9483192897434,103.5011204406554,34.63084562230975,49050.808990881036,76.5938379381002
8,4.509351402119882,0,52574,633,45.85614024860295,25.04857839674159,69.48625201648281,34.88051437780504,42607.55808314793,81.33806958725138
4,5.42290324924624,0,45224,406,39.75402858443078,22.82572418042515,53.6357576215928,32.490528646373456,43276.37461154545,94.73479217269433
8,7.720932110924328,1,79678,1314,65.27344106447204,68.45769650321134,94.7038690574523,43.861901408445796,52009.07136107612,64.21855053076081
6,6.34232770880835,0,55099,897,49.17847956868166,60.702226549037974,75.58688611460461,34.54392134437299,43834.195710590226,78.7677379091268
8,3.828969954946235,0,62016,1093,44.97275667472262,36.20369464229546,64.48291933009723,35.283890481605425,47267.896404016654,75.36457125639954
4,4.713441567720972,0,59421,217,22.30841499433296,34.3479508290466,46.805687636295794,33.85187317453651,55320.6264358746,91.80039275445752
6,5.7657032521286355,0,42495,1058,33.469469652078665,32.52233716140738,64.26418562515858,30.92967491252956,32584.96472420584,76.61298957404134
1,6.7449788924835365,1,66569,182,65.83986441452045,38.30578835794594,79.41863455171881,35.238006250937275,60849.00213065434,90.77452978560237
1,3.25399372553446,1,73492,74,83.56547596271888,54.74112075971474,77.27043518925629,40.345773387513155,65318.21280013744,89.77907104297977
8,7.863713629276894,1,66272,1207,22.472303957362257,91.68363524743589,67.2932959673738,35.47878624677256,46385.45583770658,70.64943068398303
9,8.034922734322357,1,63149,1606,52.86732949342074,36.029888154563,60.8065975625468,36.281849941564346,42303.14857656089,67.23559141395275
1,4.378774905249116,0,69335,113,46.679576776796615,44.91898850818022,72.33187638087439,36.50864986758084,66787.5400028109,95.77251055088638
7,5.681364966665967,1,56165,982,58.60320099181914,61.32474404462078,77.71468694981412,39.07525661232173,39675.628884126905,71.8478534981161
2,7.4585423120363945,0,51187,419,44.55608107646765,23.54397200074718,51.15611001506782,31.19253054579729,44898.596165056646,88.13029411068547
10,5.024100852184117,1,52774,1073,68.17600330444704,88.29937674551607,95.75562386313423,41.48333680717627,35449.8516086516,67.1982232033597
1,1.0,0,51119,43,32.14074703986695,19.63561720667125,50.11683524872001,30.761047173974845,50430.14197546427,100.0
2,4.0102583360957205,0,67489,58,42.222568296095375,17.294370141269447,54.47047143243825,31.27353350807227,65729.00696787202,96.76889343886727
9,11.782817319732722,0,66022,1579,37.46341343761316,33.787884103130224,45.61064831016117,33.31581892643405,45262.55243278957,68.22146611439322
2,3.999330828133224,1,40231,140,44.73565280458807,74.72318591107661,89.18387275970991,35.78207277165572,36216.95144260997,90.46636150324237
2,5.410247844990515,0,72711,62,51.289702812802766,39.650456888681774,50.322913419077295,34.36949816986506,70542.7566434855,97.74303285029961
10,10.378785862851316,0,70577,2539,56.22852234377339,37.35329869547731,77.8120638396959,34.40000234027772,39675.86440578827,56.20907672917622
1,4.759111438394279,0,75216,130,37.43015951176166,20.80208943220901,48.33093884276777,29.926137679728246,72387.5843919157,96.34504490710714
4,4.6052510008153575,0,62226,259,47.20949870122666,26.31779087092193,44.421937136795776,35.31788460434558,55812.554146586495,89.96242901226671
9,3.856268159274596,0,57491,711,46.086911807343725,23.818824619365905,65.90392859339613,36.3055853422064,43452.328091869604,75.5633008382908
10,7.1053673139920175,0,47267,1626,39.873031902496514,27.788510135153924,62.228890861454374,35.855277669023266,32468.684044549223,69.08216295651837
2,3.876029568903189,0,48859,91,44.83373650343211,19.23636226943759,51.52558492542171,31.780721714454394,47702.80874309203,98.44944492648939
8,8.006306735114283,0,48247,803,70.99589076625467,5.902704453033881,61.41579697529402,30.174928111687443,37275.146525203025,78.57401518618386
10,8.58784981613764,0,61258,1533,38.3693752995822,25.037191684444707,61.760986855221894,28.7482026802344,42205.434914276724,68.74586233346164
3,9.458119802354004,0,46811,431,36.35581165396406,31.802883131287082,67.73296904918168,31.520621209767732,41453.47348191901,89.20067897171968
6,8.79381883429793,1,71805,1047,74.13429569073959,70.94867970023675,98.34538163721237,39.498673080151434,53120.69563664933,74.30586424426042
7,5.386574880040863,0,64083,664,64.88205875677555,33.35697904217476,64.84671518960246,33.26521329072551,49293.19386665527,76.62867838194275
4,2.549520361256815,0,70011,512,55.81362816590522,46.86091673348614,63.867792893699324,39.684506240172105,57151.28579720091,81.45052430898379
4,3.924987436032142,0,72099,286,45.05676656808235,30.419823834598507,54.57750614061511,30.353884139903663,66230.55415638587,91.52349302369979
4,11.081465450588638,1,41079,451,59.913411036343476,65.8172816554532,84.08720911409189,34.005213012106495,34577.08217988661,84.23149519813654
9,5.974651422953971,0,45726,1297,53.72843988848606,21.192141542335126,80.36071805121941,35.929581162543975,31912.02384246055,69.78631278608164
1,7.431683357709957,1,55751,199,66.46552023688564,62.29028258408064,75.51229484175246,37.41106243516283,50699.49459145921,91.011269233704
7,2.7605137584930763,1,76853,338,53.79635301231948,56.81872864349686,84.05477944509661,37.82029914440048,64936.66582537441,83.79448519304648
6,8.558686408906686,0,41921,774,54.22456096782589,2.0,37.262213863966885,30.352581716867647,35016.03639599262,82.56776765125777
8,6.538346713131832,0,73773,1169,55.44380507395693,23.478148244957243,47.2549209244086,34.658018449389466,54940.87227873752,74.0964162480585
8,4.307954137363404,0,73734,1103,56.82762019218589,36.24755581170929,66.08248679355722,30.10494294184025,55118.42732733154,75.14499274936706
3,8.19073379775546,0,54768,472,10.23037449450812,12.176334936697168,33.87555580395669,25.975348437127266,51808.31141432236,94.20044286549
5,6.962113125841558,0,67347,809,50.7261743706299,18.441994669762096,55.16856346870776,32.26087627352036,57777.896128408494,85.21968943900401
1,1.1767502620334165,0,79868,24,34.08175191916657,20.10090330201653,52.30335802547253,31.3639255968899,78664.98836811625,99.80007890595625
5,7.473157340429346,1,63096,410,51.80534314980924,84.38628144092087,98.47912513509584,37.30207991731635,51465.44680833794,81.25495030790427
5,6.522597745474615,0,49601,500,25.66589685565098,21.62270252500149,26.84315182736392,31.014062534091007,43815.628163478774,89.44206240354629
9,3.3124499786699526,0,61916,730,21.168058541604413,23.652599135599118,56.57006402064884,31.760764928569596,49458.550919362635,78.83841254765858
8,5.120760773040465,0,60859,777,46.94987825606648,18.486270680491238,66.36382238447962,32.84287897651958,49544.112395320786,81.91945506870043
4,4.460077930687775,0,46548,449,76.39682544651593,19.758056231480516,68.5104139450116,37.47512812372096,39674.08656572452,85.46619721655371
10,8.897397294865488,1,73276,1353,63.105970646615994,59.71959022891998,90.6445289649979,34.8105205250854,49027.65317141276,66.4212501249986
6,7.496712752170614,0,77625,615,61.78672334266623,47.49096319420847,77.56536454354843,35.077824676262175,63661.42980751052,82.5902298602546
4,5.871919484612578,0,51671,577,33.69335120546079,30.635149227421245,46.33602328918427,34.54482901323501,44678.21413585474,86.3893226196831
7,6.124270971572488,1,56993,1240,70.78044705614278,40.723202868808016,75.85233510131518,38.64456790290499,40222.32080061222,70.6504677590159
5,6.980874574576129,1,40206,729,49.30316583646213,68.18150723948109,68.23316232115505,32.71449398010803,33420.44865553729,83.00316312669212
10,7.50282062149669,1,72914,1187,66.49721629941294,65.27717244494575,96.42528684540392,36.90623266966553,52258.86281425184,70.79951672058279
9,8.731535634426995,0,55062,1120,47.922145553844175,28.36152529633335,60.37718629087911,36.408905865146615,39451.93841973676,72.33921589199694
1,9.724892151064683,1,40455,158,49.93299065090727,89.94272929393341,83.92690515456479,36.447259778908425,36194.024319157965,89.04071862992448
3,4.179691590775834,0,68110,336,56.66228124990782,10.006680827185836,49.2632376549106,31.607303782261187,64698.26206510139,94.31465453327672
5,4.752366761764813,0,65471,369,46.87919685665875,22.832343892854297,52.534326426469036,28.29284415446721,57198.08648587432,87.58443980842253
7,5.87179876125075,0,63517,766,26.226254909529207,25.39629836367378,44.8661137226926,31.069210282840213,53605.861530917166,83.71480177915775
7,4.988468589777501,0,69300,802,56.8589946673258,10.837001208139396,47.4908495164908,33.50107466760002,57002.33893573038,81.54695331910219
9,8.028024462896486,0,61091,1364,44.363601004065174,14.983528744224321,47.73555369440546,34.008344384178976,46214.14151962783,75.12981835991364
2,4.548660116360258,0,70057,181,40.69392314096996,14.51819194435094,40.19159284562996,32.353200801259604,65191.10923502702,92.4952149167962
7,5.770548456929424,0,47523,912,45.007843126482975,33.969819384367554,47.36806036816747,29.234299165520166,40080.268062831296,84.37411965616292
10,5.376386621537745,1,67344,1084,15.187279279101716,46.44260707877893,48.280886518520035,27.968395131282527,49622.84471470297,72.89849369055608
2,7.882367631527501,0,79472,193,45.90970237775832,34.97586745985733,57.94621980418749,33.144760201749534,72750.90083084929,91.05069196363242
7,8.966855488787466,0,59127,1242,23.799678585343887,17.480716179674538,36.46460652410432,28.17743782947657,45439.793656258385,76.08461455812736
7,4.470124144624022,0,62440,859,50.49352845163355,20.19298188029854,60.681210299784624,31.61464417859396,51793.90903298303,82.36926708102695
1,4.558386196906028,1,55417,128,49.162180218827935,29.473464281186423,54.40077329027435,30.69536650444751,52535.29615792266,94.99399917742889
1,8.49380509357311,1,64954,192,71.1416701846103,62.42423170954319,93.04210882439345,40.64610819855919,56607.750186613,87.42502680697412
1,8.107385120135188,0,40769,164,34.3084106243909,18.266142070535437,57.87853750137907,33.31930741111198,37760.84408823621,92.49717466098424
3,7.561932304312021,1,59891,362,82.06825352401893,44.09446540111674,92.5671469741078,35.14531338463208,51731.76523417367,86.90428987190565
7,10.110576593055821,0,54595,1162,54.74209396630194,43.54163024662978,61.46330459835171,33.6567463416838,39934.92751219052,73.35610191803572
9,7.411266137807605,0,68387,1308,24.447051481020978,11.39783027258441,46.95307731361913,28.311359745964342,49466.724545180085,72.96298830135697
7,6.3270941291808285,1,50935,849,62.4048395999821,51.81432040353961,77.96363580013045,38.45440690197124,40384.714711851164,78.96853328154559
8,4.366396322143819,0,69013,973,68.99497404781452,3.8810380319358018,66.56151060055701,33.26169202844329,52587.2119738468,75.76029002281807
4,5.7611842167572345,0,62173,322,53.99026899224724,9.41239773666754,45.70399629351588,32.46744933675142,56039.35151410199,89.80266478554553
3,8.024033652960942,0,40707,529,20.926576014257122,21.99117723924764,40.79324463670544,26.823440075863807,37287.99312752028,92.46275345776823
6,8.016245713507896,0,54517,883,42.24898544938479,2.0,32.65160561942392,27.73630005701807,44879.784402968646,82.61607125977005
7,4.291739996937625,0,64339,651,53.951284491695546,2.0,54.14748760672606,32.50313001893145,51579.413774093955,80.84617353898773
9,3.4902492190662433,0,75583,665,59.42994190312817,25.768277450401666,67.71578674488593,36.90504526720028,55360.12533816998,75.02224885078884
6,1.2982977119458852,1,60876,171,49.93530404631644,53.94552327280978,82.38651853038526,42.0341919281439,49774.07357964582,80.30525987521682
10,5.458551745830328,0,44619,972,51.1638698611041,39.36677320387851,62.16841090391843,37.240441124088896,33221.74059914358,73.90090533714054
9,7.912283963933349,0,53559,1298,52.7142943148814,10.858116764611493,55.8885428474647,32.30907227442478,40294.62626402528,75.59950583824792
10,7.494444475672639,0,59155,1750,59.2234839300265,35.70502558119809,81.9109740597583,33.74618526899386,37417.83375264489,63.570665661578694
7,5.957739254707829,1,46114,711,75.39954923623863,82.04032385873128,88.03134185661834,41.65312239535611,34971.21110679407,75.93947175371588
3,4.038505849289234,0,51822,445,48.05105374011571,30.56798159289091,83.73443531299839,30.721831529501692,46589.40004826018,89.84573439534678
9,10.138535557522752,0,46581,1324,57.69064672063871,44.380675861061945,72.05978956306038,34.74907012651182,33014.66081629299,70.04267866655334
7,6.093524305755679,0,73970,663,30.802529010279795,27.82822656720095,51.96964065318871,33.40528925223591,61933.46946900232,83.069501282061
8,5.934022072259876,0,54300,708,36.49391433959847,15.4939347815702,55.5147719463263,30.662638493254985,44878.228370735706,83.23695190379672
3,9.077324062099883,1,70656,297,59.992278042983926,50.82553645683565,92.13472771763253,38.03765123948713,61248.725081943914,86.65093867955835
1,9.005344948578596,1,72168,156,39.11885151404936,81.58322804609881,71.99476438075095,32.79339549635988,65914.96155014339,91.00361892376982
10,6.641178749486912,0,62250,1210,26.301070572117524,44.6705049217788,50.422436176683696,33.12951599430566,43655.24308460205,70.14846769201456
5,3.3237655610957093,1,72747,523,53.118051528280695,72.44032415575407,79.97676766867417,35.51143560756383,58397.8733620988,80.03892300600727
6,7.66759574047387,0,52418,890,55.25055513812209,37.95334100151178,66.11604618187147,36.04669882478796,42724.977937640266,81.55428647624166
1,8.035967015992625,1,79137,152,50.46574293102362,74.94569680138386,95.43564801979312,36.98997223402914,70171.65168894069,89.18855729636554
9,5.568817729507207,0,54375,1016,68.94248751045075,33.306805858877645,91.79643510005391,36.10069093265318,41616.33707399915,75.69236344726464
3,9.785899192565608,0,42190,435,57.02301387630716,28.92528803753637,58.37466283004403,32.949681398123424,39584.311277286266,93.83528721074437
1,5.171210538341248,0,66783,163,24.799041655034824,48.16254776279378,58.76846064466391,32.84395895857573,63147.155006689754,95.93870797882039
3,7.265019365364022,1,71448,466,51.45035500251563,75.08481993377919,83.15085103057372,35.953314380193376,56650.648936345926,79.47948532305482
2,4.557726567562182,0,72522,188,43.65102471581335,36.4299428657795,57.32833726136811,27.624352006618466,68450.97680437019,95.45019464787998
5,4.979874553864188,1,46762,588,36.00478701538656,61.01673123144998,59.41753003563155,31.574648782142575,38937.2607937277,82.87462130892997
7,7.512027843917191,0,63555,699,48.128269335601026,27.691346316186003,49.20787223912057,36.92029063768088,52257.99907352631,81.64376558862836
4,9.666461611990933,0,50903,828,38.70731826696159,20.31401724026185,44.75691508473138,26.450816280990658,42406.829323241676,83.94688606424333
2,2.2280736958630767,1,52332,65,44.89955841085302,59.913215812411195,53.09720754541964,36.91651411086157,48131.29697081435,92.04540477305483
3,9.823187273059663,0,50668,586,51.591040305960824,15.326030592670385,62.428455302650455,35.60792925388054,41924.713262224854,82.95614371188677
2,7.2350476770432675,0,65707,252,33.1003636747089,68.14041967195561,72.72676929824314,34.55761168649949,60160.259121463074,90.57463897169366
9,1.920205419696476,0,57988,786,51.593784813652036,31.714120004330116,59.06159351323932,33.95657922253495,44867.9054923287,77.29373513151126
6,4.493198362097241,0,40706,676,58.41976729017218,2.7572040837345213,50.33569256906869,27.97123934445615,34870.318784453215,85.13433354156486
1,8.46747211284028,1,51885,181,51.736687081761325,74.54337582530263,78.47192733377788,37.18637402247045,48071.96632883249,92.29264515329318
5,2.1653342609531054,0,46536,208,25.405416312329162,13.321452398810132,54.95674623219298,27.29792792537083,44290.10551627816,94.69754828888746
5,4.322040024961318,1,74456,406,62.076874818671314,40.54780260842932,69.58118661564022,37.63522686866338,63356.54303621146,85.5376578172768
8,8.432091643021016,0,72373,1355,75.73523117733265,4.861842171196059,57.780138615534156,32.66199895059266,54846.745380643806,75.61605283252165
7,10.559733825520784,0,52762,1063,17.30874381717346,39.20549724111119,68.30037608367586,27.47147910554819,42196.323218815334,79.30488879945361
8,2.551615199249296,0,66068,576,41.781204264321055,2.0,16.673249792906034,29.936647688406847,55070.82637100771,84.1914052132436
2,6.995125349850013,0,76082,449,40.370061332013464,22.020093783707196,44.267799514380684,31.63403220959522,68030.39696240102,90.21083136442026
1,8.72838059130999,0,44981,103,42.70157890919318,2.0,36.32658261591072,31.52153959589636,42951.244988896724,95.45585223391421
5,5.497003616240521,1,50064,412,68.46172644028138,60.02727966058149,73.18206268704918,39.90424513497345,41524.227211121215,81.96226311602311
4,5.418000450026577,0,53519,374,42.0494692117582,60.40027066586968,66.82576169334706,36.251141902996544,48484.18386862944,91.33994596968526
4,4.824881975795693,1,77898,367,69.15533200655432,70.12466087369097,93.57164606933758,39.724920046062934,65342.977003356915,83.94990820818724
10,6.8310195878611,1,69196,1378,62.41918102006707,65.29634518638552,85.84623915149974,42.61769250676614,42085.03021212391,61.82329252518695
9,6.108746366435017,1,72626,919,66.92353748319911,62.325204783484054,75.64786913244325,36.860786249164754,51877.684816869616,70.88953435534499
8,5.0054442596799555,0,58796,872,16.908045338306444,25.920070193036423,41.930296472794446,30.57221345266811,47575.49662995523,80.04577967625693
1,4.013500294850406,1,57037,76,69.40734712762088,51.43287080611348,86.18112797863978,38.26964136501648,52479.48129976656,91.68703392019471
3,8.46914298034567,0,45414,415,52.677598064916,5.544940880175172,32.26201391306352,30.740771800494446,41434.19367176888,91.56450084778113
1,3.6584459246640546,0,47860,115,40.2231984574258,43.53420570535832,64.19851007227749,33.28645650389574,45498.88727472075,94.40893566547308
3,5.941866141421058,0,74470,321,53.78305738246621,14.682241164914009,51.628924202392675,30.79703659771366,68631.45270045206,91.96844356961154
5,5.182722387598869,1,73847,409,71.76060313551342,66.04046036098964,85.52235878539356,35.72305183976173,62397.00859575938,85.16507659162838
3,7.649343693391449,1,42785,524,49.859446567152744,48.52929586009806,80.03916652940993,34.887342504719506,36334.02958415628,85.83013840429807
8,8.39371129235013,0,57416,1085,55.17398096180893,35.807558063082695,63.39451382548898,33.43467627229335,44612.33425701914,78.41652000630715
1,6.166823136361148,0,73233,133,9.360205526067382,36.07535146075051,48.01286663002898,27.593921286915045,68121.24584484777,94.07724409468702
9,7.145301082001119,1,45184,1164,71.92590117813533,53.07818184242609,67.19611782593054,39.196565746644296,32565.744630871708,71.84438705652191
2,4.809072642746904,0,50192,224,42.23823160687147,2.0,42.731180729804194,30.17307573389464,48496.12659616674,95.89539286723536
6,9.922858780801205,1,69745,895,42.14640874272101,60.22916507000782,84.00532024585141,36.37317855728978,51873.30513383636,75.24254953576393
6,4.526059588395453,1,49832,603,35.38758008495586,61.0160732974348,76.76169044077949,32.89278761130885,39720.31792619765,79.16448146617576
10,11.137393237446851,0,52100,1878,32.9797876359264,15.576147281260454,63.70671829226091,26.74607168659184,33464.972097920625,64.4034382808739
1,2.8116440217010608,0,74818,60,14.849559519842433,16.914140561310543,56.579104060991526,22.372687299088028,72980.76999592218,98.17282321799371
7,5.133550672163546,1,57677,1315,76.7100022951437,68.60828007356712,90.32894898209436,36.6397717222642,39368.14478383276,68.6088183865987
9,6.49071586907693,0,69682,859,49.037761312729856,4.476858373661834,43.60540812173726,31.647646573318976,54831.20245828105,78.18967294779485
10,5.540890549582606,0,63612,1384,21.032555443837524,17.82653874233631,42.02918601463738,25.16073164241621,47303.57763168902,74.44517636974165
8,1.0,1,63208,352,36.49061833773727,81.72749490852459,91.4928309251176,39.429489910491256,49651.57555495267,78.34099458386274
9,8.669997459892189,0,79185,1261,53.61060375237998,36.432326110244674,67.46704279995002,35.92657217293359,54028.195350436254,68.58832678845629
1,5.019490618385091,1,49422,102,85.19619664915692,62.524454749778556,108.65466663074646,39.71271199098672,42457.95139369432,86.47580054478274
9,8.815862681054906,0,64742,1726,54.780477395453886,2.0,49.14395104599231,29.495169474722715,45534.45031241042,70.97302638291835
4,4.919651330640906,0,59055,621,42.47202128391454,43.65609018697661,61.56948030156011,32.18598239627016,49593.27803500339,84.32691838710402
1,7.05272269153823,0,47024,81,68.85204438675352,29.09602392297516,53.98739006494901,34.96074619511468,43312.027476677096,93.20134073811133
1,8.269123940859027,0,55452,245,43.64611897459034,10.787505030763949,31.22878637346067,31.972020513214233,53394.39541967568,95.80745071529594
9,4.139831169957213,0,41784,1017,38.91799218026951,18.914715964612384,58.096791622398435,34.77481143258718,30711.926524087135,73.33809828650318
4,8.183820518081262,0,73822,439,34.15983815495859,25.06113535188465,41.971515244776214,30.28386016709619,63627.913219364345,86.40687137920439
7,6.50941018263129,1,64634,1252,61.32700467053187,56.354783584393715,68.59190976410673,36.527792005305635,44922.295254679266,69.99360194398281
6,5.558507135312623,0,60565,867,33.9824736717344,20.899129688987212,54.026193993436756,31.03926931540461,48657.87595861669,81.6320527951331
2,10.215937891918529,0,43462,288,59.81683356808508,34.968322900546966,65.78234418859446,37.09747323903495,38039.93308656736,87.96972748804272
10,10.094986859641132,0,41596,2797,56.448390851617404,11.702666037144262,65.86335054320084,34.94878953280655,22319.011469119825,54.36361911566896
1,10.891544459463066,0,70076,171,53.542470821822235,8.527585004249673,32.92308081528637,29.638360524252178,66625.61215126097,94.77729143857405
1,6.352150107531333,0,55276,157,63.824990529399244,26.410532394782187,55.75052192038632,34.607082962910866,54391.20316847341,98.19574647777121
2,2.85684935489561,1,78109,141,47.47824190791839,61.972310249448114,83.41550525063055,35.17724087379191,71819.94466741492,91.84980445961617
5,2.420589152069912,1,49965,264,41.83819618777093,58.3932680103157,74.46294769575215,38.441653653083,43364.355387666925,88.18690095680272
5,6.66734019608831,0,56961,839,25.995549678529702,52.992662161877405,66.9419066529483,34.047348221998355,46760.1050530473,81.7480226218099
8,4.696691808990269,1,40555,992,40.242880425748105,40.24982017558287,59.13357910980401,34.19108080036666,29706.61272781129,73.59324141280787
1,6.908455619619229,1,61365,236,50.25485926267522,82.26120420318524,85.72873219440511,36.356665695323116,55298.410611036,89.60847811162452
10,5.135545254991269,1,65447,1624,84.93203000421369,63.731701332709164,83.27468926537779,37.19521401786566,37576.96639667934,58.10262834934046
5,2.535960660508887,0,49753,417,85.75559760382926,34.13032264690849,89.57707299317725,36.023206856604276,42920.87337994675,86.1220153702005
9,6.203426629969552,0,67695,1450,11.58352844799007,30.55927001500515,48.96426175561423,26.686918614650704,48328.77025265339,71.32415553153639
2,8.954344152732855,0,54037,434,29.542465483827467,47.43457951579393,67.2126630027188,36.325036598349236,49961.28244872335,91.95445118050209
4,5.297108623561749,1,47061,522,55.27772105807693,55.54956367142191,71.94873196015953,35.36656197124867,40146.03772605754,85.69011012246861
1,4.687414688407491,1,73312,122,43.364066937071925,47.89325643257099,60.5298841084324,34.97285807058927,68890.5770689061,94.32006914776936
5,3.1565630082371645,1,61808,300,52.24658363388609,77.02509956138236,85.53317583007924,37.59660886736954,52245.60443888224,85.73829425161632
2,6.43376903110127,0,48123,229,42.96282003842146,26.861527673459882,47.63589242780922,32.09683496027995,42989.68733738634,91.07653419505303
5,6.936179793999449,0,64265,569,29.456532208547163,52.35309632844118,73.07308258709743,34.16745743989954,52460.40774900661,82.7580835613975
1,5.82589071751762,0,62897,144,47.32085319914342,29.86625214127239,55.10441740295645,33.172238105133,58067.12871415119,91.49095580378936
5,7.025045080861754,1,75170,487,46.41368261463316,57.46234448535975,78.21930835917989,31.54599648596781,64403.82364932471,85.81348328655729
10,8.724843415863058,1,65622,1216,37.52119166643739,50.551338504795204,59.60319185198668,37.45782040457096,45131.967534627074,69.12612448925175
1,7.273165056369713,0,59223,174,40.41060329131934,26.20877112215935,59.34634982784404,32.49562570097138,56281.44289218083,95.57603804846227
7,1.0,1,56524,426,59.77560957147377,83.22129932810185,90.24744652751224,37.580832077768314,42573.26233850896,76.81137999988421
6,8.737127715213955,1,46064,756,55.143537608160116,53.231529478160844,73.7575117425872,33.35648581594165,36285.7871053579,78.98360115215208
7,6.386245910691193,0,42867,863,28.39553353751101,17.62628384391688,34.63741389599299,28.691460175939277,34246.84524418185,79.45611436247937
2,2.956667699201284,0,75274,185,72.46382683512063,15.365088289210046,66.4903978981568,33.92400236958267,67057.22524179729,90.17921332308332
10,7.243442635741289,1,53170,1411,58.99844383530113,68.36897073809331,88.58061715815994,41.7950467437413,36588.0122331972,68.42406545162487
8,4.185511647823114,0,47810,998,51.80684226449738,10.228017144621758,51.66477698197656,34.421718543921905,38143.41856085992,78.94410446404859
6,3.568961715277969,0,49368,675,50.61247691729594,5.826318926407634,57.40017851089826,31.45940427219337,40231.64789289091,81.68598692263744
2,6.740839304741182,0,48698,165,37.57084044089681,33.93757579367929,46.302192796094836,34.81590108557937,46418.54512865242,95.06488714239056
10,8.085045849195552,0,49771,912,40.527832533137456,39.24386389148431,52.737084391816005,30.316145088224662,37884.22625943152,76.2129825972131
3,9.08493556808433,1,59680,546,39.70992942050435,54.434534841874374,65.17534881961491,31.19328386645758,52008.246367730644,86.15641505336643
7,5.664365509714493,0,60388,1260,41.26122022982851,25.418846919577074,62.27641848937271,32.41750592928057,46871.19388398947,77.41304886105829
2,6.67752934779024,0,44664,289,64.87451117315558,37.79983509069998,59.00405553406236,36.23960027995632,41251.901805128444,92.78134320638304
5,5.173789559832405,0,48743,332,16.4228892467612,24.318202448309453,27.12310523697175,22.4094272497142,44014.23097402908,89.60398042342001
1,3.7732671896660466,0,61729,68,47.90867075184376,24.07024740430344,56.1955109911226,37.808697030612265,56735.62579501457,92.45246466589003
7,1.0,1,58301,300,66.36851841690893,52.34282189559585,87.88068521975094,39.4175567058684,47661.85889014588,82.1159846409748
9,8.135799532081926,0,54514,1464,30.27000550327397,26.65173209963755,43.82393722189433,28.849123500335722,40440.76911554236,75.30798166982575
5,6.691556440057427,1,75540,691,68.19781006397174,60.35089354857414,89.55695392472497,42.11009160031528,60216.88649551525,80.51510700924298
9,7.225960794895716,1,71985,1647,54.47832220379634,50.125507767751955,72.55685860398506,36.85342465447195,47994.080730574366,66.77839015012064
2,5.855347379969158,0,47064,250,36.77837419417756,39.50927589265423,45.59885140553503,32.97643055683973,44157.0519652205,95.33479636197228
1,7.375051990952267,1,52014,90,49.5776020396033,86.3047860675975,93.92703071347415,40.00186796733448,46551.995849307204,89.80437905145317
1,4.533971604196074,0,57687,123,42.70655807117525,4.525683269035202,44.10724681323109,25.844827016223554,55057.40435416775,95.51895069448965
1,8.863523326387124,0,70143,60,32.707633845103615,20.27773912718513,37.14280456150051,32.02220234368382,67535.88316621358,96.66097733916706
10,8.63572802306681,0,50015,960,41.48724496328447,35.17930070986168,53.688131577557144,32.32865116230638,40389.98174067909,81.6415927748473
6,9.364212786074507,0,73452,495,39.845578408777705,22.921700917907934,38.644852408930404,30.47172499145437,63337.041110301216,85.71422138838247
4,3.9494237543998234,0,57601,207,51.33537857055221,24.80103943608714,61.81856444132944,31.898378176490166,54785.887743565436,95.37545409183367
3,7.421101662071534,0,49685,735,39.333449661777614,37.01859231709412,58.9137577514095,34.551905737573215,42890.26629435791,86.28844223733786
9,5.0367912165041995,0,40013,1028,39.01850464991728,2.0,29.709219425712227,23.638226062306096,29938.466116151525,74.81800561333185
5,5.093685530003669,0,57142,271,24.29974925601052,22.93796345706509,39.57902400279015,27.19888083548744,51506.82472511108,91.41350778862397
5,6.355071464052522,1,72319,827,70.3972906056552,65.15383616509443,86.71397988055948,42.642773236295724,53068.94133287768,74.49544686137708
3,5.549345858202095,1,64253,328,71.63151252323108,63.818684000944366,98.51372061460125,38.773066292712855,53473.425888418125,83.20379807669374
1,2.442635957088908,1,65111,73,84.59856990577039,32.74441333752179,66.33408495288548,38.11507279865063,62121.18276254808,94.11708617567366
6,7.349984625372489,0,57505,1110,49.67314925666446,22.060539935449786,62.796347954987745,36.65119797528982,43344.511127696984,75.24935551296755
6,7.418431624360501,0,50956,613,47.37861604865053,27.208740964211273,47.11571287137882,34.746043171427466,42521.109427807954,82.50020807208784
9,6.250738074913378,0,51472,1090,39.04682748459319,37.06294591136463,66.02215208690443,32.205491887102525,38154.236894918584,74.94600974585902
1,6.191612270835884,0,50849,89,42.5325115436712,2.0,30.425479225420617,29.622232524567636,48123.97798273461,94.21057656110034
9,3.7762972980629064,0,48273,789,51.73360901786793,13.55591026420803,47.024935010297824,31.866708083449204,38924.08123829727,80.16769613415656
8,6.957405209309051,0,54191,1186,27.794060508954768,61.00938197215895,61.154181175553575,34.1754737636534,40146.57683382324,74.90927907082707
8,9.943091589105595,0,74913,1260,62.556533946958524,52.73680850407649,73.01767847460204,37.42830261869546,52562.10099238681,69.72918321468164
4,3.506171419374254,0,50609,334,10.426946559045575,16.932698247941254,37.9986612175152,28.013858117574532,46552.06845177491,91.55976570502735
5,4.976638795763794,0,57853,513,60.61619587663448,43.43274559995426,74.58295550004344,32.780522769809956,48564.40022449395,84.8887821267296
8,4.517048487756758,0,68034,655,37.41680052945089,20.710425299628216,43.13663675037146,33.17341554580273,53561.938822092045,78.53841279888115
4,4.54925369013154,0,45114,350,61.69147031523126,43.19189421757235,69.82523781185851,39.32650525558903,41156.547179401176,90.12116277067828
2,7.540697499888116,1,45910,263,57.64448755662974,48.49232568650606,78.63604261590417,36.379573133027904,39294.30117500399,85.74678797878462
4,9.483562326592772,0,64748,541,44.36436197923005,20.937234142209746,55.31417631552477,29.79094071215033,56873.616777515665,88.8157185954508
1,9.427585858462464,0,58587,142,55.44349726701165,37.0341568802895,65.1227975654104,35.581059444008254,53866.68104368643,92.80244166796108
2,3.0610025789839272,1,57957,140,56.36146998309609,50.682477466369264,82.43342992352825,34.06069594867236,52890.10097143811,91.06144640165653
2,5.942179817298544,0,69720,299,58.759295991737055,8.829287592768786,64.48024319151958,35.01918637711168,62064.76400200149,89.4796208460779
8,5.134711627080855,0,52783,1035,64.57892242815134,14.501570099875456,48.20619224133483,33.82640120974964,37819.79494560297,71.96439758156816
10,8.567992227683433,0,64687,1186,59.93710742861011,18.14233816841039,52.51312549059062,36.2471548428417,45724.66366141541,71.59650721020824
4,9.316516983123043,0,43143,785,30.973750270965674,17.034314579384265,44.41351152467014,28.661429937875234,38034.06206698583,87.33194414183491
3,5.0074613674215405,0,65154,413,41.12409164809356,29.646343791900364,60.40707615143163,36.60919626417718,56342.968287445714,86.60557065797933
8,2.0577133966474843,0,77252,519,23.063876072349252,30.195935192724985,47.14132047681653,28.52856286245293,63921.00059368868,81.66235105458527
6,7.301173220969126,1,40647,964,69.64356656032112,53.83121483757962,94.80757639286043,38.90247992648867,29853.149495149657,73.89288822033333
4,5.918256236899848,0,60543,315,32.66561574626101,35.034017409076164,62.170169918317086,34.710921826919574,55033.74506493926,91.35901599932674
4,7.951932971477515,0,48910,318,55.85043965181797,7.009796727566393,55.29259245519677,32.94080793375625,43180.774083094526,88.72443930884974
10,7.142447796555837,1,54785,1294,43.91766371600572,76.98734562831078,82.74661173441109,41.2471561169203,37554.49748309413,68.49303386515938
3,6.373850152878891,1,71518,468,38.078211916223424,78.75786664200044,91.91246125869333,33.99517331333332,62270.34319801515,87.78875006241314
5,4.491296837388731,0,42698,711,23.332440529643318,28.304424015961953,50.47633789609636,29.745880080978164,36363.18509172208,85.10659674959605
2,3.594601540137607,0,57038,199,20.81351624118505,29.003300707026515,58.75483663069639,30.658623863475636,52496.86540646019,91.78694949676918
7,7.673982180136572,0,58879,783,82.47388610374777,2.0,60.53337560874058,33.4467781918269,46814.4667848333,79.8967213156634
6,4.001942600776019,0,79930,350,54.092468658975804,25.353356952780754,58.578167529039845,35.12167720959862,67983.95924041729,84.35181295712236
3,6.089125614159183,0,46569,425,39.40213904565057,26.821960463754767,56.1735100072415,27.761848742645682,40546.48738883156,87.29315578873145
5,5.0095739191345015,1,73697,520,66.81146159181465,69.68442136595381,89.9011256590712,36.88264421581262,59330.72851578645,79.93982511770983
1,4.100507788937721,0,50294,110,61.66185806043738,55.121546699304844,73.64927363966623,38.98999421821662,47171.89370792332,93.71528271693151
10,1.8276527934429927,0,41759,612,49.45441984652179,7.340331251023116,54.52713887887013,29.992721304990607,33495.26303084285,81.50015333843997
9,7.617110504394496,0,75328,1081,55.013431836710495,13.658963595944718,56.60751545786775,27.715524262422914,61554.40664352118,80.99479920088189
9,9.682812919062112,0,54258,636,43.061149840212316,21.247992189096248,61.643376971524006,32.281544701225236,43815.22285636549,80.12089276407514
4,2.2777282475234077,0,41112,134,26.97414926469078,12.118830066501234,37.68031518093711,23.99086681574472,38620.87118007209,93.99573172709793
9,8.865995653098256,0,45228,1256,41.560095171473584,33.37075334071797,46.09887829037923,27.62323953386418,36171.996621504186,78.56259942993347
3,1.0,0,74656,86,46.958906540655384,16.673029048209266,56.54654728934677,31.257221453716202,70269.99694468036,94.51694903378508
1,8.13719675006332,1,51796,134,58.05882618788861,69.58308686531717,72.78337082276846,38.43102001580861,47386.051156894246,91.18100770488641
2,5.047576931326199,0,40899,235,19.3837532049421,8.65120300696178,20.872384944456762,28.212477899325442,39564.1087688148,95.64684598271793
5,6.348219101572733,0,76770,723,41.293544010762936,14.979840790205966,44.34046058151695,31.886040979842882,62014.89715734939,79.89210972607172
6,5.01710519978354,1,61163,340,83.48321850235453,80.83450552096781,97.78411412351926,43.379326295497975,49749.85836795807,81.66332532860467
1,11.717735106817486,0,73821,165,29.456586345499588,44.6048062427667,57.50702475207015,35.044568484756496,68075.89167924314,92.80300406501624
10,5.593087039183608,0,41155,1192,39.0338318652942,30.945236524424644,58.42456257555456,32.439739296695784,29118.035987056766,71.20020811756254
9,1.6493117038767924,1,49632,757,100.0,62.0324611198956,88.93351479948923,40.56816480155406,35354.68891182561,71.3418515929968
5,6.813346762854941,1,57413,582,73.20749388263403,57.547159154964476,77.1760402723637,38.892284640465824,45322.025211617,79.56113331632795
3,9.44295455954039,0,50000,165,37.03678039967391,31.16672039172512,45.188845983766036,28.98756558924163,47457.576975311786,95.58237100290636
7,3.7228136191125807,0,69764,348,43.54122293709047,23.382320193408137,49.783001809205686,25.620868712459313,60143.09975281829,87.1484476877312
5,8.526142881212376,0,54455,1038,51.62645005407536,22.8342154308183,63.10692284817893,30.991970425460007,42606.81586183955,78.94192553460324
7,1.228658315110918,1,43797,192,32.103238108940744,65.805381755392,80.85282896083784,38.30085023926175,34933.02008862456,80.27743361567774
3,9.39357107976527,0,79882,511,21.804457764072755,24.789422990170145,58.13236332041372,26.76150695189652,70800.795129528,88.51086685002672
3,3.5231615276724373,0,63428,227,68.99369722739486,43.161911300880384,77.6428412920803,35.14115768440361,57785.108596981634,91.95008675259976
1,7.920434026232713,0,67617,104,37.22412365350085,18.431480598383065,49.32019071632296,30.020717926401737,64889.63583326377,96.87440885986858
7,7.695770382492666,0,71016,724,34.74058995341957,13.163656828201276,48.53120190423681,30.762596678501396,59094.83827764537,84.04934565075146
10,8.587783931894489,0,58731,1858,33.37054611764331,30.7792827229006,45.91026711996313,33.72881170128735,37305.68382749173,64.34299146348454
9,9.133161818639405,0,41083,916,29.846568149806288,16.714270766929367,47.540076373521686,33.09007045093839,31103.78170650968,75.5601695282007
6,7.8022178565273546,0,43952,1341,61.422298867404294,35.352009117747876,84.24208561119397,36.97682518981467,30541.496401778608,69.88923486948639
2,3.878018160104831,0,45496,104,56.42327188383761,20.57514185107449,62.779902695971685,30.420644658532293,43656.68045923621,96.91171756227538
5,4.818687594361965,0,42276,602,28.697645374105075,31.36122352756265,49.91466315273048,31.568432071476785,34568.04041528183,81.18232590462158
5,4.606423352745965,0,60486,582,33.659471256672205,25.240271933509153,50.14982310993114,32.792630271280835,51291.77127870396,84.95392901877356
8,6.598804113339758,0,50475,851,27.964006326286533,18.1461219537122,46.601883872933904,33.92676757837272,38049.14112370538,75.70006646903383
3,4.4651092759008,0,70526,180,34.351678748178664,36.27960899835716,59.97271118546375,38.2863104057871,62995.667008238685,89.30089348089979
5,5.082033232872495,0,42062,738,42.9702252723836,2.0,46.02606687618754,29.444370262623927,34687.4676248991,82.04209527618126
5,7.522099260906728,0,69530,695,47.41819233235181,25.253831954612263,44.10401346033173,34.37081208493699,60979.24128526128,88.42418649153385
9,9.583473023903059,0,62172,984,72.3204225684205,21.694728616798947,74.94294804357996,35.0821132829567,49217.10071481574,78.57810651504509
10,5.49967203235902,1,49055,1447,89.67700730770795,73.55718974646977,94.57049044215417,44.16345059537897,31892.798842429685,64.1704026482627
9,6.3440248776322115,1,63895,817,40.36219177802376,57.36424297024928,98.93978704811317,35.08768991541576,47265.55667587748,74.05309362120843
4,6.065956140877786,0,41945,506,45.53872067409128,43.89238479539886,64.59120289142732,34.440320414837,35997.25247578873,85.04624525905155
1,6.293825752785149,0,63314,82,30.340992411835664,29.81721906830184,54.76952399927982,27.20331065476899,62931.184488376195,98.14445245173415
7,7.697984624362922,0,53880,1417,33.30834899231368,7.565693154303524,46.0414677541041,28.066553112556413,39098.91279025447,72.50980161875376
5,6.4436558344266786,0,66524,477,50.105843957066774,26.91543637420904,51.44372954925143,33.6339597094052,54795.250753075896,82.0925699811322
10,7.41636031759972,1,58638,2172,76.69069794686374,49.16002399863031,76.80153993319203,34.84005221309722,33578.93966365261,57.7329401778887
1,6.09242141469712,0,79156,115,58.62171211595853,39.70840757432872,66.33639670818744,29.6362429749531,73257.28232980058,93.08856190866496
7,1.7684267642709033,1,66142,328,51.09614795607874,56.62702734066239,63.58231322370884,35.53967165902143,57629.721121612834,86.66463275920498
4,5.956611591585594,1,69489,258,38.38806280097291,42.72901232745991,67.89499995733996,33.38194521796483,60131.20990064698,86.26514609192664
6,7.607307149280082,0,49731,932,26.58414624499705,39.51114193860456,54.74114011482288,32.420236822802345,38889.751722023226,78.34629747331213
4,4.441422159157347,0,41413,439,55.29001761829717,26.743643128393625,60.430132688534876,35.32426513360054,36549.56620748915,87.55560279917101
1,8.102203676099137,0,73402,172,39.856335646323245,31.422402817682173,53.10409561815881,35.194447731103715,71719.28228880082,97.81266297667428
8,3.723216392311263,1,65301,769,33.96303951633381,41.71482793985622,68.61841887780804,27.39913105862714,52664.427381139176,80.48368436057395
